PRAGMA foreign_keys=OFF;
BEGIN TRANSACTION;
CREATE TABLE `strapi_migrations` (`id` integer not null primary key autoincrement, `name` varchar(255), `time` datetime);
CREATE TABLE `strapi_migrations_internal` (`id` integer not null primary key autoincrement, `name` varchar(255), `time` datetime);
INSERT INTO strapi_migrations_internal VALUES(1,'5.0.0-rename-identifiers-longer-than-max-length',1745576138983);
INSERT INTO strapi_migrations_internal VALUES(2,'5.0.0-02-created-document-id',1745576138992);
INSERT INTO strapi_migrations_internal VALUES(3,'5.0.0-03-created-locale',1745576138999);
INSERT INTO strapi_migrations_internal VALUES(4,'5.0.0-04-created-published-at',1745576139010);
INSERT INTO strapi_migrations_internal VALUES(5,'5.0.0-05-drop-slug-fields-index',1745576139017);
INSERT INTO strapi_migrations_internal VALUES(6,'core::5.0.0-discard-drafts',1745576139028);
CREATE TABLE `strapi_database_schema` (`id` integer not null primary key autoincrement, `schema` json, `time` datetime, `hash` varchar(255));
INSERT INTO strapi_database_schema VALUES(32,'{"tables":[{"name":"files","indexes":[{"name":"upload_files_folder_path_index","columns":["folder_path"],"type":null},{"name":"upload_files_created_at_index","columns":["created_at"],"type":null},{"name":"upload_files_updated_at_index","columns":["updated_at"],"type":null},{"name":"upload_files_name_index","columns":["name"],"type":null},{"name":"upload_files_size_index","columns":["size"],"type":null},{"name":"upload_files_ext_index","columns":["ext"],"type":null},{"name":"files_documents_idx","columns":["document_id","locale","published_at"]},{"name":"files_created_by_id_fk","columns":["created_by_id"]},{"name":"files_updated_by_id_fk","columns":["updated_by_id"]}],"foreignKeys":[{"name":"files_created_by_id_fk","columns":["created_by_id"],"referencedTable":"admin_users","referencedColumns":["id"],"onDelete":"SET NULL"},{"name":"files_updated_by_id_fk","columns":["updated_by_id"],"referencedTable":"admin_users","referencedColumns":["id"],"onDelete":"SET NULL"}],"columns":[{"name":"id","type":"increments","args":[{"primary":true,"primaryKey":true}],"defaultTo":null,"notNullable":true,"unsigned":false},{"name":"document_id","type":"string","args":[],"defaultTo":null,"notNullable":false,"unsigned":false},{"name":"name","type":"string","args":[],"defaultTo":null,"notNullable":false,"unsigned":false},{"name":"alternative_text","type":"string","args":[],"defaultTo":null,"notNullable":false,"unsigned":false},{"name":"caption","type":"string","args":[],"defaultTo":null,"notNullable":false,"unsigned":false},{"name":"width","type":"integer","args":[],"defaultTo":null,"notNullable":false,"unsigned":false},{"name":"height","type":"integer","args":[],"defaultTo":null,"notNullable":false,"unsigned":false},{"name":"formats","type":"jsonb","args":[],"defaultTo":null,"notNullable":false,"unsigned":false},{"name":"hash","type":"string","args":[],"defaultTo":null,"notNullable":false,"unsigned":false},{"name":"ext","type":"string","args":[],"defaultTo":null,"notNullable":false,"unsigned":false},{"name":"mime","type":"string","args":[],"defaultTo":null,"notNullable":false,"unsigned":false},{"name":"size","type":"decimal","args":[10,2],"defaultTo":null,"notNullable":false,"unsigned":false},{"name":"url","type":"string","args":[],"defaultTo":null,"notNullable":false,"unsigned":false},{"name":"preview_url","type":"string","args":[],"defaultTo":null,"notNullable":false,"unsigned":false},{"name":"provider","type":"string","args":[],"defaultTo":null,"notNullable":false,"unsigned":false},{"name":"provider_metadata","type":"jsonb","args":[],"defaultTo":null,"notNullable":false,"unsigned":false},{"name":"folder_path","type":"string","args":[],"defaultTo":null,"notNullable":false,"unsigned":false},{"name":"created_at","type":"datetime","args":[{"useTz":false,"precision":6}],"defaultTo":null,"notNullable":false,"unsigned":false},{"name":"updated_at","type":"datetime","args":[{"useTz":false,"precision":6}],"defaultTo":null,"notNullable":false,"unsigned":false},{"name":"published_at","type":"datetime","args":[{"useTz":false,"precision":6}],"defaultTo":null,"notNullable":false,"unsigned":false},{"name":"created_by_id","type":"integer","args":[],"defaultTo":null,"notNullable":false,"unsigned":true},{"name":"updated_by_id","type":"integer","args":[],"defaultTo":null,"notNullable":false,"unsigned":true},{"name":"locale","type":"string","args":[],"defaultTo":null,"notNullable":false,"unsigned":false}]},{"name":"upload_folders","indexes":[{"name":"upload_folders_path_id_index","columns":["path_id"],"type":"unique"},{"name":"upload_folders_path_index","columns":["path"],"type":"unique"},{"name":"upload_folders_documents_idx","columns":["document_id","locale","published_at"]},{"name":"upload_folders_created_by_id_fk","columns":["created_by_id"]},{"name":"upload_folders_updated_by_id_fk","columns":["updated_by_id"]}],"foreignKeys":[{"name":"upload_folders_created_by_id_fk","columns":["created_by_id"],"referencedTable":"admin_users","referencedColumns":["id"],"onDelete":"SET NULL"},{"name":"upload_folders_updated_by_id_fk","columns":["updated_by_id"],"referencedTable":"admin_users","referencedColumns":["id"],"onDelete":"SET NULL"}],"columns":[{"name":"id","type":"increments","args":[{"primary":true,"primaryKey":true}],"defaultTo":null,"notNullable":true,"unsigned":false},{"name":"document_id","type":"string","args":[],"defaultTo":null,"notNullable":false,"unsigned":false},{"name":"name","type":"string","args":[],"defaultTo":null,"notNullable":false,"unsigned":false},{"name":"path_id","type":"integer","args":[],"defaultTo":null,"notNullable":false,"unsigned":false},{"name":"path","type":"string","args":[],"defaultTo":null,"notNullable":false,"unsigned":false},{"name":"created_at","type":"datetime","args":[{"useTz":false,"precision":6}],"defaultTo":null,"notNullable":false,"unsigned":false},{"name":"updated_at","type":"datetime","args":[{"useTz":false,"precision":6}],"defaultTo":null,"notNullable":false,"unsigned":false},{"name":"published_at","type":"datetime","args":[{"useTz":false,"precision":6}],"defaultTo":null,"notNullable":false,"unsigned":false},{"name":"created_by_id","type":"integer","args":[],"defaultTo":null,"notNullable":false,"unsigned":true},{"name":"updated_by_id","type":"integer","args":[],"defaultTo":null,"notNullable":false,"unsigned":true},{"name":"locale","type":"string","args":[],"defaultTo":null,"notNullable":false,"unsigned":false}]},{"name":"i18n_locale","indexes":[{"name":"i18n_locale_documents_idx","columns":["document_id","locale","published_at"]},{"name":"i18n_locale_created_by_id_fk","columns":["created_by_id"]},{"name":"i18n_locale_updated_by_id_fk","columns":["updated_by_id"]}],"foreignKeys":[{"name":"i18n_locale_created_by_id_fk","columns":["created_by_id"],"referencedTable":"admin_users","referencedColumns":["id"],"onDelete":"SET NULL"},{"name":"i18n_locale_updated_by_id_fk","columns":["updated_by_id"],"referencedTable":"admin_users","referencedColumns":["id"],"onDelete":"SET NULL"}],"columns":[{"name":"id","type":"increments","args":[{"primary":true,"primaryKey":true}],"defaultTo":null,"notNullable":true,"unsigned":false},{"name":"document_id","type":"string","args":[],"defaultTo":null,"notNullable":false,"unsigned":false},{"name":"name","type":"string","args":[],"defaultTo":null,"notNullable":false,"unsigned":false},{"name":"code","type":"string","args":[],"defaultTo":null,"notNullable":false,"unsigned":false},{"name":"created_at","type":"datetime","args":[{"useTz":false,"precision":6}],"defaultTo":null,"notNullable":false,"unsigned":false},{"name":"updated_at","type":"datetime","args":[{"useTz":false,"precision":6}],"defaultTo":null,"notNullable":false,"unsigned":false},{"name":"published_at","type":"datetime","args":[{"useTz":false,"precision":6}],"defaultTo":null,"notNullable":false,"unsigned":false},{"name":"created_by_id","type":"integer","args":[],"defaultTo":null,"notNullable":false,"unsigned":true},{"name":"updated_by_id","type":"integer","args":[],"defaultTo":null,"notNullable":false,"unsigned":true},{"name":"locale","type":"string","args":[],"defaultTo":null,"notNullable":false,"unsigned":false}]},{"name":"strapi_releases","indexes":[{"name":"strapi_releases_documents_idx","columns":["document_id","locale","published_at"]},{"name":"strapi_releases_created_by_id_fk","columns":["created_by_id"]},{"name":"strapi_releases_updated_by_id_fk","columns":["updated_by_id"]}],"foreignKeys":[{"name":"strapi_releases_created_by_id_fk","columns":["created_by_id"],"referencedTable":"admin_users","referencedColumns":["id"],"onDelete":"SET NULL"},{"name":"strapi_releases_updated_by_id_fk","columns":["updated_by_id"],"referencedTable":"admin_users","referencedColumns":["id"],"onDelete":"SET NULL"}],"columns":[{"name":"id","type":"increments","args":[{"primary":true,"primaryKey":true}],"defaultTo":null,"notNullable":true,"unsigned":false},{"name":"document_id","type":"string","args":[],"defaultTo":null,"notNullable":false,"unsigned":false},{"name":"name","type":"string","args":[],"defaultTo":null,"notNullable":false,"unsigned":false},{"name":"released_at","type":"datetime","args":[{"useTz":false,"precision":6}],"defaultTo":null,"notNullable":false,"unsigned":false},{"name":"scheduled_at","type":"datetime","args":[{"useTz":false,"precision":6}],"defaultTo":null,"notNullable":false,"unsigned":false},{"name":"timezone","type":"string","args":[],"defaultTo":null,"notNullable":false,"unsigned":false},{"name":"status","type":"string","args":[],"defaultTo":null,"notNullable":false,"unsigned":false},{"name":"created_at","type":"datetime","args":[{"useTz":false,"precision":6}],"defaultTo":null,"notNullable":false,"unsigned":false},{"name":"updated_at","type":"datetime","args":[{"useTz":false,"precision":6}],"defaultTo":null,"notNullable":false,"unsigned":false},{"name":"published_at","type":"datetime","args":[{"useTz":false,"precision":6}],"defaultTo":null,"notNullable":false,"unsigned":false},{"name":"created_by_id","type":"integer","args":[],"defaultTo":null,"notNullable":false,"unsigned":true},{"name":"updated_by_id","type":"integer","args":[],"defaultTo":null,"notNullable":false,"unsigned":true},{"name":"locale","type":"string","args":[],"defaultTo":null,"notNullable":false,"unsigned":false}]},{"name":"strapi_release_actions","indexes":[{"name":"strapi_release_actions_documents_idx","columns":["document_id","locale","published_at"]},{"name":"strapi_release_actions_created_by_id_fk","columns":["created_by_id"]},{"name":"strapi_release_actions_updated_by_id_fk","columns":["updated_by_id"]}],"foreignKeys":[{"name":"strapi_release_actions_created_by_id_fk","columns":["created_by_id"],"referencedTable":"admin_users","referencedColumns":["id"],"onDelete":"SET NULL"},{"name":"strapi_release_actions_updated_by_id_fk","columns":["updated_by_id"],"referencedTable":"admin_users","referencedColumns":["id"],"onDelete":"SET NULL"}],"columns":[{"name":"id","type":"increments","args":[{"primary":true,"primaryKey":true}],"defaultTo":null,"notNullable":true,"unsigned":false},{"name":"document_id","type":"string","args":[],"defaultTo":null,"notNullable":false,"unsigned":false},{"name":"type","type":"string","args":[],"defaultTo":null,"notNullable":false,"unsigned":false},{"name":"content_type","type":"string","args":[],"defaultTo":null,"notNullable":false,"unsigned":false},{"name":"entry_document_id","type":"string","args":[],"defaultTo":null,"notNullable":false,"unsigned":false},{"name":"locale","type":"string","args":[],"defaultTo":null,"notNullable":false,"unsigned":false},{"name":"is_entry_valid","type":"boolean","args":[],"defaultTo":null,"notNullable":false,"unsigned":false},{"name":"created_at","type":"datetime","args":[{"useTz":false,"precision":6}],"defaultTo":null,"notNullable":false,"unsigned":false},{"name":"updated_at","type":"datetime","args":[{"useTz":false,"precision":6}],"defaultTo":null,"notNullable":false,"unsigned":false},{"name":"published_at","type":"datetime","args":[{"useTz":false,"precision":6}],"defaultTo":null,"notNullable":false,"unsigned":false},{"name":"created_by_id","type":"integer","args":[],"defaultTo":null,"notNullable":false,"unsigned":true},{"name":"updated_by_id","type":"integer","args":[],"defaultTo":null,"notNullable":false,"unsigned":true}]},{"name":"strapi_workflows","indexes":[{"name":"strapi_workflows_documents_idx","columns":["document_id","locale","published_at"]},{"name":"strapi_workflows_created_by_id_fk","columns":["created_by_id"]},{"name":"strapi_workflows_updated_by_id_fk","columns":["updated_by_id"]}],"foreignKeys":[{"name":"strapi_workflows_created_by_id_fk","columns":["created_by_id"],"referencedTable":"admin_users","referencedColumns":["id"],"onDelete":"SET NULL"},{"name":"strapi_workflows_updated_by_id_fk","columns":["updated_by_id"],"referencedTable":"admin_users","referencedColumns":["id"],"onDelete":"SET NULL"}],"columns":[{"name":"id","type":"increments","args":[{"primary":true,"primaryKey":true}],"defaultTo":null,"notNullable":true,"unsigned":false},{"name":"document_id","type":"string","args":[],"defaultTo":null,"notNullable":false,"unsigned":false},{"name":"name","type":"string","args":[],"defaultTo":null,"notNullable":false,"unsigned":false},{"name":"content_types","type":"jsonb","args":[],"defaultTo":null,"notNullable":false,"unsigned":false},{"name":"created_at","type":"datetime","args":[{"useTz":false,"precision":6}],"defaultTo":null,"notNullable":false,"unsigned":false},{"name":"updated_at","type":"datetime","args":[{"useTz":false,"precision":6}],"defaultTo":null,"notNullable":false,"unsigned":false},{"name":"published_at","type":"datetime","args":[{"useTz":false,"precision":6}],"defaultTo":null,"notNullable":false,"unsigned":false},{"name":"created_by_id","type":"integer","args":[],"defaultTo":null,"notNullable":false,"unsigned":true},{"name":"updated_by_id","type":"integer","args":[],"defaultTo":null,"notNullable":false,"unsigned":true},{"name":"locale","type":"string","args":[],"defaultTo":null,"notNullable":false,"unsigned":false}]},{"name":"strapi_workflows_stages","indexes":[{"name":"strapi_workflows_stages_documents_idx","columns":["document_id","locale","published_at"]},{"name":"strapi_workflows_stages_created_by_id_fk","columns":["created_by_id"]},{"name":"strapi_workflows_stages_updated_by_id_fk","columns":["updated_by_id"]}],"foreignKeys":[{"name":"strapi_workflows_stages_created_by_id_fk","columns":["created_by_id"],"referencedTable":"admin_users","referencedColumns":["id"],"onDelete":"SET NULL"},{"name":"strapi_workflows_stages_updated_by_id_fk","columns":["updated_by_id"],"referencedTable":"admin_users","referencedColumns":["id"],"onDelete":"SET NULL"}],"columns":[{"name":"id","type":"increments","args":[{"primary":true,"primaryKey":true}],"defaultTo":null,"notNullable":true,"unsigned":false},{"name":"document_id","type":"string","args":[],"defaultTo":null,"notNullable":false,"unsigned":false},{"name":"name","type":"string","args":[],"defaultTo":null,"notNullable":false,"unsigned":false},{"name":"color","type":"string","args":[],"defaultTo":null,"notNullable":false,"unsigned":false},{"name":"created_at","type":"datetime","args":[{"useTz":false,"precision":6}],"defaultTo":null,"notNullable":false,"unsigned":false},{"name":"updated_at","type":"datetime","args":[{"useTz":false,"precision":6}],"defaultTo":null,"notNullable":false,"unsigned":false},{"name":"published_at","type":"datetime","args":[{"useTz":false,"precision":6}],"defaultTo":null,"notNullable":false,"unsigned":false},{"name":"created_by_id","type":"integer","args":[],"defaultTo":null,"notNullable":false,"unsigned":true},{"name":"updated_by_id","type":"integer","args":[],"defaultTo":null,"notNullable":false,"unsigned":true},{"name":"locale","type":"string","args":[],"defaultTo":null,"notNullable":false,"unsigned":false}]},{"name":"up_permissions","indexes":[{"name":"up_permissions_documents_idx","columns":["document_id","locale","published_at"]},{"name":"up_permissions_created_by_id_fk","columns":["created_by_id"]},{"name":"up_permissions_updated_by_id_fk","columns":["updated_by_id"]}],"foreignKeys":[{"name":"up_permissions_created_by_id_fk","columns":["created_by_id"],"referencedTable":"admin_users","referencedColumns":["id"],"onDelete":"SET NULL"},{"name":"up_permissions_updated_by_id_fk","columns":["updated_by_id"],"referencedTable":"admin_users","referencedColumns":["id"],"onDelete":"SET NULL"}],"columns":[{"name":"id","type":"increments","args":[{"primary":true,"primaryKey":true}],"defaultTo":null,"notNullable":true,"unsigned":false},{"name":"document_id","type":"string","args":[],"defaultTo":null,"notNullable":false,"unsigned":false},{"name":"action","type":"string","args":[],"defaultTo":null,"notNullable":false,"unsigned":false},{"name":"created_at","type":"datetime","args":[{"useTz":false,"precision":6}],"defaultTo":null,"notNullable":false,"unsigned":false},{"name":"updated_at","type":"datetime","args":[{"useTz":false,"precision":6}],"defaultTo":null,"notNullable":false,"unsigned":false},{"name":"published_at","type":"datetime","args":[{"useTz":false,"precision":6}],"defaultTo":null,"notNullable":false,"unsigned":false},{"name":"created_by_id","type":"integer","args":[],"defaultTo":null,"notNullable":false,"unsigned":true},{"name":"updated_by_id","type":"integer","args":[],"defaultTo":null,"notNullable":false,"unsigned":true},{"name":"locale","type":"string","args":[],"defaultTo":null,"notNullable":false,"unsigned":false}]},{"name":"up_roles","indexes":[{"name":"up_roles_documents_idx","columns":["document_id","locale","published_at"]},{"name":"up_roles_created_by_id_fk","columns":["created_by_id"]},{"name":"up_roles_updated_by_id_fk","columns":["updated_by_id"]}],"foreignKeys":[{"name":"up_roles_created_by_id_fk","columns":["created_by_id"],"referencedTable":"admin_users","referencedColumns":["id"],"onDelete":"SET NULL"},{"name":"up_roles_updated_by_id_fk","columns":["updated_by_id"],"referencedTable":"admin_users","referencedColumns":["id"],"onDelete":"SET NULL"}],"columns":[{"name":"id","type":"increments","args":[{"primary":true,"primaryKey":true}],"defaultTo":null,"notNullable":true,"unsigned":false},{"name":"document_id","type":"string","args":[],"defaultTo":null,"notNullable":false,"unsigned":false},{"name":"name","type":"string","args":[],"defaultTo":null,"notNullable":false,"unsigned":false},{"name":"description","type":"string","args":[],"defaultTo":null,"notNullable":false,"unsigned":false},{"name":"type","type":"string","args":[],"defaultTo":null,"notNullable":false,"unsigned":false},{"name":"created_at","type":"datetime","args":[{"useTz":false,"precision":6}],"defaultTo":null,"notNullable":false,"unsigned":false},{"name":"updated_at","type":"datetime","args":[{"useTz":false,"precision":6}],"defaultTo":null,"notNullable":false,"unsigned":false},{"name":"published_at","type":"datetime","args":[{"useTz":false,"precision":6}],"defaultTo":null,"notNullable":false,"unsigned":false},{"name":"created_by_id","type":"integer","args":[],"defaultTo":null,"notNullable":false,"unsigned":true},{"name":"updated_by_id","type":"integer","args":[],"defaultTo":null,"notNullable":false,"unsigned":true},{"name":"locale","type":"string","args":[],"defaultTo":null,"notNullable":false,"unsigned":false}]},{"name":"up_users","indexes":[{"name":"up_users_documents_idx","columns":["document_id","locale","published_at"]},{"name":"up_users_created_by_id_fk","columns":["created_by_id"]},{"name":"up_users_updated_by_id_fk","columns":["updated_by_id"]}],"foreignKeys":[{"name":"up_users_created_by_id_fk","columns":["created_by_id"],"referencedTable":"admin_users","referencedColumns":["id"],"onDelete":"SET NULL"},{"name":"up_users_updated_by_id_fk","columns":["updated_by_id"],"referencedTable":"admin_users","referencedColumns":["id"],"onDelete":"SET NULL"}],"columns":[{"name":"id","type":"increments","args":[{"primary":true,"primaryKey":true}],"defaultTo":null,"notNullable":true,"unsigned":false},{"name":"document_id","type":"string","args":[],"defaultTo":null,"notNullable":false,"unsigned":false},{"name":"username","type":"string","args":[],"defaultTo":null,"notNullable":false,"unsigned":false},{"name":"email","type":"string","args":[],"defaultTo":null,"notNullable":false,"unsigned":false},{"name":"provider","type":"string","args":[],"defaultTo":null,"notNullable":false,"unsigned":false},{"name":"password","type":"string","args":[],"defaultTo":null,"notNullable":false,"unsigned":false},{"name":"reset_password_token","type":"string","args":[],"defaultTo":null,"notNullable":false,"unsigned":false},{"name":"confirmation_token","type":"string","args":[],"defaultTo":null,"notNullable":false,"unsigned":false},{"name":"confirmed","type":"boolean","args":[],"defaultTo":null,"notNullable":false,"unsigned":false},{"name":"blocked","type":"boolean","args":[],"defaultTo":null,"notNullable":false,"unsigned":false},{"name":"created_at","type":"datetime","args":[{"useTz":false,"precision":6}],"defaultTo":null,"notNullable":false,"unsigned":false},{"name":"updated_at","type":"datetime","args":[{"useTz":false,"precision":6}],"defaultTo":null,"notNullable":false,"unsigned":false},{"name":"published_at","type":"datetime","args":[{"useTz":false,"precision":6}],"defaultTo":null,"notNullable":false,"unsigned":false},{"name":"created_by_id","type":"integer","args":[],"defaultTo":null,"notNullable":false,"unsigned":true},{"name":"updated_by_id","type":"integer","args":[],"defaultTo":null,"notNullable":false,"unsigned":true},{"name":"locale","type":"string","args":[],"defaultTo":null,"notNullable":false,"unsigned":false}]},{"name":"abouts_cmps","indexes":[{"name":"abouts_field_idx","columns":["field"]},{"name":"abouts_component_type_idx","columns":["component_type"]},{"name":"abouts_entity_fk","columns":["entity_id"]},{"name":"abouts_uq","columns":["entity_id","cmp_id","field","component_type"],"type":"unique"}],"foreignKeys":[{"name":"abouts_entity_fk","columns":["entity_id"],"referencedColumns":["id"],"referencedTable":"abouts","onDelete":"CASCADE"}],"columns":[{"name":"id","type":"increments","args":[{"primary":true,"primaryKey":true}],"defaultTo":null,"notNullable":true,"unsigned":false},{"name":"entity_id","type":"integer","args":[],"defaultTo":null,"notNullable":false,"unsigned":true},{"name":"cmp_id","type":"integer","args":[],"defaultTo":null,"notNullable":false,"unsigned":true},{"name":"component_type","type":"string","args":[],"defaultTo":null,"notNullable":false,"unsigned":false},{"name":"field","type":"string","args":[],"defaultTo":null,"notNullable":false,"unsigned":false},{"name":"order","type":"double","args":[],"defaultTo":null,"notNullable":false,"unsigned":true}]},{"name":"abouts","indexes":[{"name":"abouts_documents_idx","columns":["document_id","locale","published_at"]},{"name":"abouts_created_by_id_fk","columns":["created_by_id"]},{"name":"abouts_updated_by_id_fk","columns":["updated_by_id"]}],"foreignKeys":[{"name":"abouts_created_by_id_fk","columns":["created_by_id"],"referencedTable":"admin_users","referencedColumns":["id"],"onDelete":"SET NULL"},{"name":"abouts_updated_by_id_fk","columns":["updated_by_id"],"referencedTable":"admin_users","referencedColumns":["id"],"onDelete":"SET NULL"}],"columns":[{"name":"id","type":"increments","args":[{"primary":true,"primaryKey":true}],"defaultTo":null,"notNullable":true,"unsigned":false},{"name":"document_id","type":"string","args":[],"defaultTo":null,"notNullable":false,"unsigned":false},{"name":"title","type":"string","args":[],"defaultTo":null,"notNullable":false,"unsigned":false},{"name":"created_at","type":"datetime","args":[{"useTz":false,"precision":6}],"defaultTo":null,"notNullable":false,"unsigned":false},{"name":"updated_at","type":"datetime","args":[{"useTz":false,"precision":6}],"defaultTo":null,"notNullable":false,"unsigned":false},{"name":"published_at","type":"datetime","args":[{"useTz":false,"precision":6}],"defaultTo":null,"notNullable":false,"unsigned":false},{"name":"created_by_id","type":"integer","args":[],"defaultTo":null,"notNullable":false,"unsigned":true},{"name":"updated_by_id","type":"integer","args":[],"defaultTo":null,"notNullable":false,"unsigned":true},{"name":"locale","type":"string","args":[],"defaultTo":null,"notNullable":false,"unsigned":false}]},{"name":"articles_cmps","indexes":[{"name":"articles_field_idx","columns":["field"]},{"name":"articles_component_type_idx","columns":["component_type"]},{"name":"articles_entity_fk","columns":["entity_id"]},{"name":"articles_uq","columns":["entity_id","cmp_id","field","component_type"],"type":"unique"}],"foreignKeys":[{"name":"articles_entity_fk","columns":["entity_id"],"referencedColumns":["id"],"referencedTable":"articles","onDelete":"CASCADE"}],"columns":[{"name":"id","type":"increments","args":[{"primary":true,"primaryKey":true}],"defaultTo":null,"notNullable":true,"unsigned":false},{"name":"entity_id","type":"integer","args":[],"defaultTo":null,"notNullable":false,"unsigned":true},{"name":"cmp_id","type":"integer","args":[],"defaultTo":null,"notNullable":false,"unsigned":true},{"name":"component_type","type":"string","args":[],"defaultTo":null,"notNullable":false,"unsigned":false},{"name":"field","type":"string","args":[],"defaultTo":null,"notNullable":false,"unsigned":false},{"name":"order","type":"double","args":[],"defaultTo":null,"notNullable":false,"unsigned":true}]},{"name":"articles","indexes":[{"name":"articles_documents_idx","columns":["document_id","locale","published_at"]},{"name":"articles_created_by_id_fk","columns":["created_by_id"]},{"name":"articles_updated_by_id_fk","columns":["updated_by_id"]}],"foreignKeys":[{"name":"articles_created_by_id_fk","columns":["created_by_id"],"referencedTable":"admin_users","referencedColumns":["id"],"onDelete":"SET NULL"},{"name":"articles_updated_by_id_fk","columns":["updated_by_id"],"referencedTable":"admin_users","referencedColumns":["id"],"onDelete":"SET NULL"}],"columns":[{"name":"id","type":"increments","args":[{"primary":true,"primaryKey":true}],"defaultTo":null,"notNullable":true,"unsigned":false},{"name":"document_id","type":"string","args":[],"defaultTo":null,"notNullable":false,"unsigned":false},{"name":"title","type":"string","args":[],"defaultTo":null,"notNullable":false,"unsigned":false},{"name":"description","type":"text","args":["longtext"],"defaultTo":null,"notNullable":false,"unsigned":false},{"name":"slug","type":"string","args":[],"defaultTo":null,"notNullable":false,"unsigned":false},{"name":"created_at","type":"datetime","args":[{"useTz":false,"precision":6}],"defaultTo":null,"notNullable":false,"unsigned":false},{"name":"updated_at","type":"datetime","args":[{"useTz":false,"precision":6}],"defaultTo":null,"notNullable":false,"unsigned":false},{"name":"published_at","type":"datetime","args":[{"useTz":false,"precision":6}],"defaultTo":null,"notNullable":false,"unsigned":false},{"name":"created_by_id","type":"integer","args":[],"defaultTo":null,"notNullable":false,"unsigned":true},{"name":"updated_by_id","type":"integer","args":[],"defaultTo":null,"notNullable":false,"unsigned":true},{"name":"locale","type":"string","args":[],"defaultTo":null,"notNullable":false,"unsigned":false}]},{"name":"audio_visual_services_cmps","indexes":[{"name":"audio_visual_services_field_idx","columns":["field"]},{"name":"audio_visual_services_component_type_idx","columns":["component_type"]},{"name":"audio_visual_services_entity_fk","columns":["entity_id"]},{"name":"audio_visual_services_uq","columns":["entity_id","cmp_id","field","component_type"],"type":"unique"}],"foreignKeys":[{"name":"audio_visual_services_entity_fk","columns":["entity_id"],"referencedColumns":["id"],"referencedTable":"audio_visual_services","onDelete":"CASCADE"}],"columns":[{"name":"id","type":"increments","args":[{"primary":true,"primaryKey":true}],"defaultTo":null,"notNullable":true,"unsigned":false},{"name":"entity_id","type":"integer","args":[],"defaultTo":null,"notNullable":false,"unsigned":true},{"name":"cmp_id","type":"integer","args":[],"defaultTo":null,"notNullable":false,"unsigned":true},{"name":"component_type","type":"string","args":[],"defaultTo":null,"notNullable":false,"unsigned":false},{"name":"field","type":"string","args":[],"defaultTo":null,"notNullable":false,"unsigned":false},{"name":"order","type":"double","args":[],"defaultTo":null,"notNullable":false,"unsigned":true}]},{"name":"audio_visual_services","indexes":[{"name":"audio_visual_services_documents_idx","columns":["document_id","locale","published_at"]},{"name":"audio_visual_services_created_by_id_fk","columns":["created_by_id"]},{"name":"audio_visual_services_updated_by_id_fk","columns":["updated_by_id"]}],"foreignKeys":[{"name":"audio_visual_services_created_by_id_fk","columns":["created_by_id"],"referencedTable":"admin_users","referencedColumns":["id"],"onDelete":"SET NULL"},{"name":"audio_visual_services_updated_by_id_fk","columns":["updated_by_id"],"referencedTable":"admin_users","referencedColumns":["id"],"onDelete":"SET NULL"}],"columns":[{"name":"id","type":"increments","args":[{"primary":true,"primaryKey":true}],"defaultTo":null,"notNullable":true,"unsigned":false},{"name":"document_id","type":"string","args":[],"defaultTo":null,"notNullable":false,"unsigned":false},{"name":"title","type":"string","args":[],"defaultTo":null,"notNullable":false,"unsigned":false},{"name":"created_at","type":"datetime","args":[{"useTz":false,"precision":6}],"defaultTo":null,"notNullable":false,"unsigned":false},{"name":"updated_at","type":"datetime","args":[{"useTz":false,"precision":6}],"defaultTo":null,"notNullable":false,"unsigned":false},{"name":"published_at","type":"datetime","args":[{"useTz":false,"precision":6}],"defaultTo":null,"notNullable":false,"unsigned":false},{"name":"created_by_id","type":"integer","args":[],"defaultTo":null,"notNullable":false,"unsigned":true},{"name":"updated_by_id","type":"integer","args":[],"defaultTo":null,"notNullable":false,"unsigned":true},{"name":"locale","type":"string","args":[],"defaultTo":null,"notNullable":false,"unsigned":false}]},{"name":"authors","indexes":[{"name":"authors_documents_idx","columns":["document_id","locale","published_at"]},{"name":"authors_created_by_id_fk","columns":["created_by_id"]},{"name":"authors_updated_by_id_fk","columns":["updated_by_id"]}],"foreignKeys":[{"name":"authors_created_by_id_fk","columns":["created_by_id"],"referencedTable":"admin_users","referencedColumns":["id"],"onDelete":"SET NULL"},{"name":"authors_updated_by_id_fk","columns":["updated_by_id"],"referencedTable":"admin_users","referencedColumns":["id"],"onDelete":"SET NULL"}],"columns":[{"name":"id","type":"increments","args":[{"primary":true,"primaryKey":true}],"defaultTo":null,"notNullable":true,"unsigned":false},{"name":"document_id","type":"string","args":[],"defaultTo":null,"notNullable":false,"unsigned":false},{"name":"name","type":"string","args":[],"defaultTo":null,"notNullable":false,"unsigned":false},{"name":"email","type":"string","args":[],"defaultTo":null,"notNullable":false,"unsigned":false},{"name":"created_at","type":"datetime","args":[{"useTz":false,"precision":6}],"defaultTo":null,"notNullable":false,"unsigned":false},{"name":"updated_at","type":"datetime","args":[{"useTz":false,"precision":6}],"defaultTo":null,"notNullable":false,"unsigned":false},{"name":"published_at","type":"datetime","args":[{"useTz":false,"precision":6}],"defaultTo":null,"notNullable":false,"unsigned":false},{"name":"created_by_id","type":"integer","args":[],"defaultTo":null,"notNullable":false,"unsigned":true},{"name":"updated_by_id","type":"integer","args":[],"defaultTo":null,"notNullable":false,"unsigned":true},{"name":"locale","type":"string","args":[],"defaultTo":null,"notNullable":false,"unsigned":false}]},{"name":"banners_cmps","indexes":[{"name":"banners_field_idx","columns":["field"]},{"name":"banners_component_type_idx","columns":["component_type"]},{"name":"banners_entity_fk","columns":["entity_id"]},{"name":"banners_uq","columns":["entity_id","cmp_id","field","component_type"],"type":"unique"}],"foreignKeys":[{"name":"banners_entity_fk","columns":["entity_id"],"referencedColumns":["id"],"referencedTable":"banners","onDelete":"CASCADE"}],"columns":[{"name":"id","type":"increments","args":[{"primary":true,"primaryKey":true}],"defaultTo":null,"notNullable":true,"unsigned":false},{"name":"entity_id","type":"integer","args":[],"defaultTo":null,"notNullable":false,"unsigned":true},{"name":"cmp_id","type":"integer","args":[],"defaultTo":null,"notNullable":false,"unsigned":true},{"name":"component_type","type":"string","args":[],"defaultTo":null,"notNullable":false,"unsigned":false},{"name":"field","type":"string","args":[],"defaultTo":null,"notNullable":false,"unsigned":false},{"name":"order","type":"double","args":[],"defaultTo":null,"notNullable":false,"unsigned":true}]},{"name":"banners","indexes":[{"name":"banners_documents_idx","columns":["document_id","locale","published_at"]},{"name":"banners_created_by_id_fk","columns":["created_by_id"]},{"name":"banners_updated_by_id_fk","columns":["updated_by_id"]}],"foreignKeys":[{"name":"banners_created_by_id_fk","columns":["created_by_id"],"referencedTable":"admin_users","referencedColumns":["id"],"onDelete":"SET NULL"},{"name":"banners_updated_by_id_fk","columns":["updated_by_id"],"referencedTable":"admin_users","referencedColumns":["id"],"onDelete":"SET NULL"}],"columns":[{"name":"id","type":"increments","args":[{"primary":true,"primaryKey":true}],"defaultTo":null,"notNullable":true,"unsigned":false},{"name":"document_id","type":"string","args":[],"defaultTo":null,"notNullable":false,"unsigned":false},{"name":"created_at","type":"datetime","args":[{"useTz":false,"precision":6}],"defaultTo":null,"notNullable":false,"unsigned":false},{"name":"updated_at","type":"datetime","args":[{"useTz":false,"precision":6}],"defaultTo":null,"notNullable":false,"unsigned":false},{"name":"published_at","type":"datetime","args":[{"useTz":false,"precision":6}],"defaultTo":null,"notNullable":false,"unsigned":false},{"name":"created_by_id","type":"integer","args":[],"defaultTo":null,"notNullable":false,"unsigned":true},{"name":"updated_by_id","type":"integer","args":[],"defaultTo":null,"notNullable":false,"unsigned":true},{"name":"locale","type":"string","args":[],"defaultTo":null,"notNullable":false,"unsigned":false}]},{"name":"categories","indexes":[{"name":"categories_documents_idx","columns":["document_id","locale","published_at"]},{"name":"categories_created_by_id_fk","columns":["created_by_id"]},{"name":"categories_updated_by_id_fk","columns":["updated_by_id"]}],"foreignKeys":[{"name":"categories_created_by_id_fk","columns":["created_by_id"],"referencedTable":"admin_users","referencedColumns":["id"],"onDelete":"SET NULL"},{"name":"categories_updated_by_id_fk","columns":["updated_by_id"],"referencedTable":"admin_users","referencedColumns":["id"],"onDelete":"SET NULL"}],"columns":[{"name":"id","type":"increments","args":[{"primary":true,"primaryKey":true}],"defaultTo":null,"notNullable":true,"unsigned":false},{"name":"document_id","type":"string","args":[],"defaultTo":null,"notNullable":false,"unsigned":false},{"name":"name","type":"string","args":[],"defaultTo":null,"notNullable":false,"unsigned":false},{"name":"slug","type":"string","args":[],"defaultTo":null,"notNullable":false,"unsigned":false},{"name":"description","type":"text","args":["longtext"],"defaultTo":null,"notNullable":false,"unsigned":false},{"name":"created_at","type":"datetime","args":[{"useTz":false,"precision":6}],"defaultTo":null,"notNullable":false,"unsigned":false},{"name":"updated_at","type":"datetime","args":[{"useTz":false,"precision":6}],"defaultTo":null,"notNullable":false,"unsigned":false},{"name":"published_at","type":"datetime","args":[{"useTz":false,"precision":6}],"defaultTo":null,"notNullable":false,"unsigned":false},{"name":"created_by_id","type":"integer","args":[],"defaultTo":null,"notNullable":false,"unsigned":true},{"name":"updated_by_id","type":"integer","args":[],"defaultTo":null,"notNullable":false,"unsigned":true},{"name":"locale","type":"string","args":[],"defaultTo":null,"notNullable":false,"unsigned":false}]},{"name":"content_writing_services_cmps","indexes":[{"name":"content_writing_services_field_idx","columns":["field"]},{"name":"content_writing_services_component_type_idx","columns":["component_type"]},{"name":"content_writing_services_entity_fk","columns":["entity_id"]},{"name":"content_writing_services_uq","columns":["entity_id","cmp_id","field","component_type"],"type":"unique"}],"foreignKeys":[{"name":"content_writing_services_entity_fk","columns":["entity_id"],"referencedColumns":["id"],"referencedTable":"content_writing_services","onDelete":"CASCADE"}],"columns":[{"name":"id","type":"increments","args":[{"primary":true,"primaryKey":true}],"defaultTo":null,"notNullable":true,"unsigned":false},{"name":"entity_id","type":"integer","args":[],"defaultTo":null,"notNullable":false,"unsigned":true},{"name":"cmp_id","type":"integer","args":[],"defaultTo":null,"notNullable":false,"unsigned":true},{"name":"component_type","type":"string","args":[],"defaultTo":null,"notNullable":false,"unsigned":false},{"name":"field","type":"string","args":[],"defaultTo":null,"notNullable":false,"unsigned":false},{"name":"order","type":"double","args":[],"defaultTo":null,"notNullable":false,"unsigned":true}]},{"name":"content_writing_services","indexes":[{"name":"content_writing_services_documents_idx","columns":["document_id","locale","published_at"]},{"name":"content_writing_services_created_by_id_fk","columns":["created_by_id"]},{"name":"content_writing_services_updated_by_id_fk","columns":["updated_by_id"]}],"foreignKeys":[{"name":"content_writing_services_created_by_id_fk","columns":["created_by_id"],"referencedTable":"admin_users","referencedColumns":["id"],"onDelete":"SET NULL"},{"name":"content_writing_services_updated_by_id_fk","columns":["updated_by_id"],"referencedTable":"admin_users","referencedColumns":["id"],"onDelete":"SET NULL"}],"columns":[{"name":"id","type":"increments","args":[{"primary":true,"primaryKey":true}],"defaultTo":null,"notNullable":true,"unsigned":false},{"name":"document_id","type":"string","args":[],"defaultTo":null,"notNullable":false,"unsigned":false},{"name":"title","type":"string","args":[],"defaultTo":null,"notNullable":false,"unsigned":false},{"name":"created_at","type":"datetime","args":[{"useTz":false,"precision":6}],"defaultTo":null,"notNullable":false,"unsigned":false},{"name":"updated_at","type":"datetime","args":[{"useTz":false,"precision":6}],"defaultTo":null,"notNullable":false,"unsigned":false},{"name":"published_at","type":"datetime","args":[{"useTz":false,"precision":6}],"defaultTo":null,"notNullable":false,"unsigned":false},{"name":"created_by_id","type":"integer","args":[],"defaultTo":null,"notNullable":false,"unsigned":true},{"name":"updated_by_id","type":"integer","args":[],"defaultTo":null,"notNullable":false,"unsigned":true},{"name":"locale","type":"string","args":[],"defaultTo":null,"notNullable":false,"unsigned":false}]},{"name":"dtp_services_cmps","indexes":[{"name":"dtp_services_field_idx","columns":["field"]},{"name":"dtp_services_component_type_idx","columns":["component_type"]},{"name":"dtp_services_entity_fk","columns":["entity_id"]},{"name":"dtp_services_uq","columns":["entity_id","cmp_id","field","component_type"],"type":"unique"}],"foreignKeys":[{"name":"dtp_services_entity_fk","columns":["entity_id"],"referencedColumns":["id"],"referencedTable":"dtp_services","onDelete":"CASCADE"}],"columns":[{"name":"id","type":"increments","args":[{"primary":true,"primaryKey":true}],"defaultTo":null,"notNullable":true,"unsigned":false},{"name":"entity_id","type":"integer","args":[],"defaultTo":null,"notNullable":false,"unsigned":true},{"name":"cmp_id","type":"integer","args":[],"defaultTo":null,"notNullable":false,"unsigned":true},{"name":"component_type","type":"string","args":[],"defaultTo":null,"notNullable":false,"unsigned":false},{"name":"field","type":"string","args":[],"defaultTo":null,"notNullable":false,"unsigned":false},{"name":"order","type":"double","args":[],"defaultTo":null,"notNullable":false,"unsigned":true}]},{"name":"dtp_services","indexes":[{"name":"dtp_services_documents_idx","columns":["document_id","locale","published_at"]},{"name":"dtp_services_created_by_id_fk","columns":["created_by_id"]},{"name":"dtp_services_updated_by_id_fk","columns":["updated_by_id"]}],"foreignKeys":[{"name":"dtp_services_created_by_id_fk","columns":["created_by_id"],"referencedTable":"admin_users","referencedColumns":["id"],"onDelete":"SET NULL"},{"name":"dtp_services_updated_by_id_fk","columns":["updated_by_id"],"referencedTable":"admin_users","referencedColumns":["id"],"onDelete":"SET NULL"}],"columns":[{"name":"id","type":"increments","args":[{"primary":true,"primaryKey":true}],"defaultTo":null,"notNullable":true,"unsigned":false},{"name":"document_id","type":"string","args":[],"defaultTo":null,"notNullable":false,"unsigned":false},{"name":"title","type":"string","args":[],"defaultTo":null,"notNullable":false,"unsigned":false},{"name":"created_at","type":"datetime","args":[{"useTz":false,"precision":6}],"defaultTo":null,"notNullable":false,"unsigned":false},{"name":"updated_at","type":"datetime","args":[{"useTz":false,"precision":6}],"defaultTo":null,"notNullable":false,"unsigned":false},{"name":"published_at","type":"datetime","args":[{"useTz":false,"precision":6}],"defaultTo":null,"notNullable":false,"unsigned":false},{"name":"created_by_id","type":"integer","args":[],"defaultTo":null,"notNullable":false,"unsigned":true},{"name":"updated_by_id","type":"integer","args":[],"defaultTo":null,"notNullable":false,"unsigned":true},{"name":"locale","type":"string","args":[],"defaultTo":null,"notNullable":false,"unsigned":false}]},{"name":"english_translation_services_cmps","indexes":[{"name":"english_translation_services_field_idx","columns":["field"]},{"name":"english_translation_services_component_type_idx","columns":["component_type"]},{"name":"english_translation_services_entity_fk","columns":["entity_id"]},{"name":"english_translation_services_uq","columns":["entity_id","cmp_id","field","component_type"],"type":"unique"}],"foreignKeys":[{"name":"english_translation_services_entity_fk","columns":["entity_id"],"referencedColumns":["id"],"referencedTable":"english_translation_services","onDelete":"CASCADE"}],"columns":[{"name":"id","type":"increments","args":[{"primary":true,"primaryKey":true}],"defaultTo":null,"notNullable":true,"unsigned":false},{"name":"entity_id","type":"integer","args":[],"defaultTo":null,"notNullable":false,"unsigned":true},{"name":"cmp_id","type":"integer","args":[],"defaultTo":null,"notNullable":false,"unsigned":true},{"name":"component_type","type":"string","args":[],"defaultTo":null,"notNullable":false,"unsigned":false},{"name":"field","type":"string","args":[],"defaultTo":null,"notNullable":false,"unsigned":false},{"name":"order","type":"double","args":[],"defaultTo":null,"notNullable":false,"unsigned":true}]},{"name":"english_translation_services","indexes":[{"name":"english_translation_services_documents_idx","columns":["document_id","locale","published_at"]},{"name":"english_translation_services_created_by_id_fk","columns":["created_by_id"]},{"name":"english_translation_services_updated_by_id_fk","columns":["updated_by_id"]}],"foreignKeys":[{"name":"english_translation_services_created_by_id_fk","columns":["created_by_id"],"referencedTable":"admin_users","referencedColumns":["id"],"onDelete":"SET NULL"},{"name":"english_translation_services_updated_by_id_fk","columns":["updated_by_id"],"referencedTable":"admin_users","referencedColumns":["id"],"onDelete":"SET NULL"}],"columns":[{"name":"id","type":"increments","args":[{"primary":true,"primaryKey":true}],"defaultTo":null,"notNullable":true,"unsigned":false},{"name":"document_id","type":"string","args":[],"defaultTo":null,"notNullable":false,"unsigned":false},{"name":"title","type":"string","args":[],"defaultTo":null,"notNullable":false,"unsigned":false},{"name":"created_at","type":"datetime","args":[{"useTz":false,"precision":6}],"defaultTo":null,"notNullable":false,"unsigned":false},{"name":"updated_at","type":"datetime","args":[{"useTz":false,"precision":6}],"defaultTo":null,"notNullable":false,"unsigned":false},{"name":"published_at","type":"datetime","args":[{"useTz":false,"precision":6}],"defaultTo":null,"notNullable":false,"unsigned":false},{"name":"created_by_id","type":"integer","args":[],"defaultTo":null,"notNullable":false,"unsigned":true},{"name":"updated_by_id","type":"integer","args":[],"defaultTo":null,"notNullable":false,"unsigned":true},{"name":"locale","type":"string","args":[],"defaultTo":null,"notNullable":false,"unsigned":false}]},{"name":"globals_cmps","indexes":[{"name":"globals_field_idx","columns":["field"]},{"name":"globals_component_type_idx","columns":["component_type"]},{"name":"globals_entity_fk","columns":["entity_id"]},{"name":"globals_uq","columns":["entity_id","cmp_id","field","component_type"],"type":"unique"}],"foreignKeys":[{"name":"globals_entity_fk","columns":["entity_id"],"referencedColumns":["id"],"referencedTable":"globals","onDelete":"CASCADE"}],"columns":[{"name":"id","type":"increments","args":[{"primary":true,"primaryKey":true}],"defaultTo":null,"notNullable":true,"unsigned":false},{"name":"entity_id","type":"integer","args":[],"defaultTo":null,"notNullable":false,"unsigned":true},{"name":"cmp_id","type":"integer","args":[],"defaultTo":null,"notNullable":false,"unsigned":true},{"name":"component_type","type":"string","args":[],"defaultTo":null,"notNullable":false,"unsigned":false},{"name":"field","type":"string","args":[],"defaultTo":null,"notNullable":false,"unsigned":false},{"name":"order","type":"double","args":[],"defaultTo":null,"notNullable":false,"unsigned":true}]},{"name":"globals","indexes":[{"name":"globals_documents_idx","columns":["document_id","locale","published_at"]},{"name":"globals_created_by_id_fk","columns":["created_by_id"]},{"name":"globals_updated_by_id_fk","columns":["updated_by_id"]}],"foreignKeys":[{"name":"globals_created_by_id_fk","columns":["created_by_id"],"referencedTable":"admin_users","referencedColumns":["id"],"onDelete":"SET NULL"},{"name":"globals_updated_by_id_fk","columns":["updated_by_id"],"referencedTable":"admin_users","referencedColumns":["id"],"onDelete":"SET NULL"}],"columns":[{"name":"id","type":"increments","args":[{"primary":true,"primaryKey":true}],"defaultTo":null,"notNullable":true,"unsigned":false},{"name":"document_id","type":"string","args":[],"defaultTo":null,"notNullable":false,"unsigned":false},{"name":"site_name","type":"string","args":[],"defaultTo":null,"notNullable":false,"unsigned":false},{"name":"site_description","type":"text","args":["longtext"],"defaultTo":null,"notNullable":false,"unsigned":false},{"name":"created_at","type":"datetime","args":[{"useTz":false,"precision":6}],"defaultTo":null,"notNullable":false,"unsigned":false},{"name":"updated_at","type":"datetime","args":[{"useTz":false,"precision":6}],"defaultTo":null,"notNullable":false,"unsigned":false},{"name":"published_at","type":"datetime","args":[{"useTz":false,"precision":6}],"defaultTo":null,"notNullable":false,"unsigned":false},{"name":"created_by_id","type":"integer","args":[],"defaultTo":null,"notNullable":false,"unsigned":true},{"name":"updated_by_id","type":"integer","args":[],"defaultTo":null,"notNullable":false,"unsigned":true},{"name":"locale","type":"string","args":[],"defaultTo":null,"notNullable":false,"unsigned":false}]},{"name":"interpretation_services_cmps","indexes":[{"name":"interpretation_services_field_idx","columns":["field"]},{"name":"interpretation_services_component_type_idx","columns":["component_type"]},{"name":"interpretation_services_entity_fk","columns":["entity_id"]},{"name":"interpretation_services_uq","columns":["entity_id","cmp_id","field","component_type"],"type":"unique"}],"foreignKeys":[{"name":"interpretation_services_entity_fk","columns":["entity_id"],"referencedColumns":["id"],"referencedTable":"interpretation_services","onDelete":"CASCADE"}],"columns":[{"name":"id","type":"increments","args":[{"primary":true,"primaryKey":true}],"defaultTo":null,"notNullable":true,"unsigned":false},{"name":"entity_id","type":"integer","args":[],"defaultTo":null,"notNullable":false,"unsigned":true},{"name":"cmp_id","type":"integer","args":[],"defaultTo":null,"notNullable":false,"unsigned":true},{"name":"component_type","type":"string","args":[],"defaultTo":null,"notNullable":false,"unsigned":false},{"name":"field","type":"string","args":[],"defaultTo":null,"notNullable":false,"unsigned":false},{"name":"order","type":"double","args":[],"defaultTo":null,"notNullable":false,"unsigned":true}]},{"name":"interpretation_services","indexes":[{"name":"interpretation_services_documents_idx","columns":["document_id","locale","published_at"]},{"name":"interpretation_services_created_by_id_fk","columns":["created_by_id"]},{"name":"interpretation_services_updated_by_id_fk","columns":["updated_by_id"]}],"foreignKeys":[{"name":"interpretation_services_created_by_id_fk","columns":["created_by_id"],"referencedTable":"admin_users","referencedColumns":["id"],"onDelete":"SET NULL"},{"name":"interpretation_services_updated_by_id_fk","columns":["updated_by_id"],"referencedTable":"admin_users","referencedColumns":["id"],"onDelete":"SET NULL"}],"columns":[{"name":"id","type":"increments","args":[{"primary":true,"primaryKey":true}],"defaultTo":null,"notNullable":true,"unsigned":false},{"name":"document_id","type":"string","args":[],"defaultTo":null,"notNullable":false,"unsigned":false},{"name":"title","type":"string","args":[],"defaultTo":null,"notNullable":false,"unsigned":false},{"name":"created_at","type":"datetime","args":[{"useTz":false,"precision":6}],"defaultTo":null,"notNullable":false,"unsigned":false},{"name":"updated_at","type":"datetime","args":[{"useTz":false,"precision":6}],"defaultTo":null,"notNullable":false,"unsigned":false},{"name":"published_at","type":"datetime","args":[{"useTz":false,"precision":6}],"defaultTo":null,"notNullable":false,"unsigned":false},{"name":"created_by_id","type":"integer","args":[],"defaultTo":null,"notNullable":false,"unsigned":true},{"name":"updated_by_id","type":"integer","args":[],"defaultTo":null,"notNullable":false,"unsigned":true},{"name":"locale","type":"string","args":[],"defaultTo":null,"notNullable":false,"unsigned":false}]},{"name":"localization_services_cmps","indexes":[{"name":"localization_services_field_idx","columns":["field"]},{"name":"localization_services_component_type_idx","columns":["component_type"]},{"name":"localization_services_entity_fk","columns":["entity_id"]},{"name":"localization_services_uq","columns":["entity_id","cmp_id","field","component_type"],"type":"unique"}],"foreignKeys":[{"name":"localization_services_entity_fk","columns":["entity_id"],"referencedColumns":["id"],"referencedTable":"localization_services","onDelete":"CASCADE"}],"columns":[{"name":"id","type":"increments","args":[{"primary":true,"primaryKey":true}],"defaultTo":null,"notNullable":true,"unsigned":false},{"name":"entity_id","type":"integer","args":[],"defaultTo":null,"notNullable":false,"unsigned":true},{"name":"cmp_id","type":"integer","args":[],"defaultTo":null,"notNullable":false,"unsigned":true},{"name":"component_type","type":"string","args":[],"defaultTo":null,"notNullable":false,"unsigned":false},{"name":"field","type":"string","args":[],"defaultTo":null,"notNullable":false,"unsigned":false},{"name":"order","type":"double","args":[],"defaultTo":null,"notNullable":false,"unsigned":true}]},{"name":"localization_services","indexes":[{"name":"localization_services_documents_idx","columns":["document_id","locale","published_at"]},{"name":"localization_services_created_by_id_fk","columns":["created_by_id"]},{"name":"localization_services_updated_by_id_fk","columns":["updated_by_id"]}],"foreignKeys":[{"name":"localization_services_created_by_id_fk","columns":["created_by_id"],"referencedTable":"admin_users","referencedColumns":["id"],"onDelete":"SET NULL"},{"name":"localization_services_updated_by_id_fk","columns":["updated_by_id"],"referencedTable":"admin_users","referencedColumns":["id"],"onDelete":"SET NULL"}],"columns":[{"name":"id","type":"increments","args":[{"primary":true,"primaryKey":true}],"defaultTo":null,"notNullable":true,"unsigned":false},{"name":"document_id","type":"string","args":[],"defaultTo":null,"notNullable":false,"unsigned":false},{"name":"title","type":"string","args":[],"defaultTo":null,"notNullable":false,"unsigned":false},{"name":"created_at","type":"datetime","args":[{"useTz":false,"precision":6}],"defaultTo":null,"notNullable":false,"unsigned":false},{"name":"updated_at","type":"datetime","args":[{"useTz":false,"precision":6}],"defaultTo":null,"notNullable":false,"unsigned":false},{"name":"published_at","type":"datetime","args":[{"useTz":false,"precision":6}],"defaultTo":null,"notNullable":false,"unsigned":false},{"name":"created_by_id","type":"integer","args":[],"defaultTo":null,"notNullable":false,"unsigned":true},{"name":"updated_by_id","type":"integer","args":[],"defaultTo":null,"notNullable":false,"unsigned":true},{"name":"locale","type":"string","args":[],"defaultTo":null,"notNullable":false,"unsigned":false}]},{"name":"project_services_cmps","indexes":[{"name":"project_services_field_idx","columns":["field"]},{"name":"project_services_component_type_idx","columns":["component_type"]},{"name":"project_services_entity_fk","columns":["entity_id"]},{"name":"project_services_uq","columns":["entity_id","cmp_id","field","component_type"],"type":"unique"}],"foreignKeys":[{"name":"project_services_entity_fk","columns":["entity_id"],"referencedColumns":["id"],"referencedTable":"project_services","onDelete":"CASCADE"}],"columns":[{"name":"id","type":"increments","args":[{"primary":true,"primaryKey":true}],"defaultTo":null,"notNullable":true,"unsigned":false},{"name":"entity_id","type":"integer","args":[],"defaultTo":null,"notNullable":false,"unsigned":true},{"name":"cmp_id","type":"integer","args":[],"defaultTo":null,"notNullable":false,"unsigned":true},{"name":"component_type","type":"string","args":[],"defaultTo":null,"notNullable":false,"unsigned":false},{"name":"field","type":"string","args":[],"defaultTo":null,"notNullable":false,"unsigned":false},{"name":"order","type":"double","args":[],"defaultTo":null,"notNullable":false,"unsigned":true}]},{"name":"project_services","indexes":[{"name":"project_services_documents_idx","columns":["document_id","locale","published_at"]},{"name":"project_services_created_by_id_fk","columns":["created_by_id"]},{"name":"project_services_updated_by_id_fk","columns":["updated_by_id"]}],"foreignKeys":[{"name":"project_services_created_by_id_fk","columns":["created_by_id"],"referencedTable":"admin_users","referencedColumns":["id"],"onDelete":"SET NULL"},{"name":"project_services_updated_by_id_fk","columns":["updated_by_id"],"referencedTable":"admin_users","referencedColumns":["id"],"onDelete":"SET NULL"}],"columns":[{"name":"id","type":"increments","args":[{"primary":true,"primaryKey":true}],"defaultTo":null,"notNullable":true,"unsigned":false},{"name":"document_id","type":"string","args":[],"defaultTo":null,"notNullable":false,"unsigned":false},{"name":"title","type":"string","args":[],"defaultTo":null,"notNullable":false,"unsigned":false},{"name":"created_at","type":"datetime","args":[{"useTz":false,"precision":6}],"defaultTo":null,"notNullable":false,"unsigned":false},{"name":"updated_at","type":"datetime","args":[{"useTz":false,"precision":6}],"defaultTo":null,"notNullable":false,"unsigned":false},{"name":"published_at","type":"datetime","args":[{"useTz":false,"precision":6}],"defaultTo":null,"notNullable":false,"unsigned":false},{"name":"created_by_id","type":"integer","args":[],"defaultTo":null,"notNullable":false,"unsigned":true},{"name":"updated_by_id","type":"integer","args":[],"defaultTo":null,"notNullable":false,"unsigned":true},{"name":"locale","type":"string","args":[],"defaultTo":null,"notNullable":false,"unsigned":false}]},{"name":"proof_reading_services_cmps","indexes":[{"name":"proof_reading_services_field_idx","columns":["field"]},{"name":"proof_reading_services_component_type_idx","columns":["component_type"]},{"name":"proof_reading_services_entity_fk","columns":["entity_id"]},{"name":"proof_reading_services_uq","columns":["entity_id","cmp_id","field","component_type"],"type":"unique"}],"foreignKeys":[{"name":"proof_reading_services_entity_fk","columns":["entity_id"],"referencedColumns":["id"],"referencedTable":"proof_reading_services","onDelete":"CASCADE"}],"columns":[{"name":"id","type":"increments","args":[{"primary":true,"primaryKey":true}],"defaultTo":null,"notNullable":true,"unsigned":false},{"name":"entity_id","type":"integer","args":[],"defaultTo":null,"notNullable":false,"unsigned":true},{"name":"cmp_id","type":"integer","args":[],"defaultTo":null,"notNullable":false,"unsigned":true},{"name":"component_type","type":"string","args":[],"defaultTo":null,"notNullable":false,"unsigned":false},{"name":"field","type":"string","args":[],"defaultTo":null,"notNullable":false,"unsigned":false},{"name":"order","type":"double","args":[],"defaultTo":null,"notNullable":false,"unsigned":true}]},{"name":"proof_reading_services","indexes":[{"name":"proof_reading_services_documents_idx","columns":["document_id","locale","published_at"]},{"name":"proof_reading_services_created_by_id_fk","columns":["created_by_id"]},{"name":"proof_reading_services_updated_by_id_fk","columns":["updated_by_id"]}],"foreignKeys":[{"name":"proof_reading_services_created_by_id_fk","columns":["created_by_id"],"referencedTable":"admin_users","referencedColumns":["id"],"onDelete":"SET NULL"},{"name":"proof_reading_services_updated_by_id_fk","columns":["updated_by_id"],"referencedTable":"admin_users","referencedColumns":["id"],"onDelete":"SET NULL"}],"columns":[{"name":"id","type":"increments","args":[{"primary":true,"primaryKey":true}],"defaultTo":null,"notNullable":true,"unsigned":false},{"name":"document_id","type":"string","args":[],"defaultTo":null,"notNullable":false,"unsigned":false},{"name":"title","type":"string","args":[],"defaultTo":null,"notNullable":false,"unsigned":false},{"name":"created_at","type":"datetime","args":[{"useTz":false,"precision":6}],"defaultTo":null,"notNullable":false,"unsigned":false},{"name":"updated_at","type":"datetime","args":[{"useTz":false,"precision":6}],"defaultTo":null,"notNullable":false,"unsigned":false},{"name":"published_at","type":"datetime","args":[{"useTz":false,"precision":6}],"defaultTo":null,"notNullable":false,"unsigned":false},{"name":"created_by_id","type":"integer","args":[],"defaultTo":null,"notNullable":false,"unsigned":true},{"name":"updated_by_id","type":"integer","args":[],"defaultTo":null,"notNullable":false,"unsigned":true},{"name":"locale","type":"string","args":[],"defaultTo":null,"notNullable":false,"unsigned":false}]},{"name":"translation_services_cmps","indexes":[{"name":"translation_services_field_idx","columns":["field"]},{"name":"translation_services_component_type_idx","columns":["component_type"]},{"name":"translation_services_entity_fk","columns":["entity_id"]},{"name":"translation_services_uq","columns":["entity_id","cmp_id","field","component_type"],"type":"unique"}],"foreignKeys":[{"name":"translation_services_entity_fk","columns":["entity_id"],"referencedColumns":["id"],"referencedTable":"translation_services","onDelete":"CASCADE"}],"columns":[{"name":"id","type":"increments","args":[{"primary":true,"primaryKey":true}],"defaultTo":null,"notNullable":true,"unsigned":false},{"name":"entity_id","type":"integer","args":[],"defaultTo":null,"notNullable":false,"unsigned":true},{"name":"cmp_id","type":"integer","args":[],"defaultTo":null,"notNullable":false,"unsigned":true},{"name":"component_type","type":"string","args":[],"defaultTo":null,"notNullable":false,"unsigned":false},{"name":"field","type":"string","args":[],"defaultTo":null,"notNullable":false,"unsigned":false},{"name":"order","type":"double","args":[],"defaultTo":null,"notNullable":false,"unsigned":true}]},{"name":"translation_services","indexes":[{"name":"translation_services_documents_idx","columns":["document_id","locale","published_at"]},{"name":"translation_services_created_by_id_fk","columns":["created_by_id"]},{"name":"translation_services_updated_by_id_fk","columns":["updated_by_id"]}],"foreignKeys":[{"name":"translation_services_created_by_id_fk","columns":["created_by_id"],"referencedTable":"admin_users","referencedColumns":["id"],"onDelete":"SET NULL"},{"name":"translation_services_updated_by_id_fk","columns":["updated_by_id"],"referencedTable":"admin_users","referencedColumns":["id"],"onDelete":"SET NULL"}],"columns":[{"name":"id","type":"increments","args":[{"primary":true,"primaryKey":true}],"defaultTo":null,"notNullable":true,"unsigned":false},{"name":"document_id","type":"string","args":[],"defaultTo":null,"notNullable":false,"unsigned":false},{"name":"title","type":"string","args":[],"defaultTo":null,"notNullable":false,"unsigned":false},{"name":"created_at","type":"datetime","args":[{"useTz":false,"precision":6}],"defaultTo":null,"notNullable":false,"unsigned":false},{"name":"updated_at","type":"datetime","args":[{"useTz":false,"precision":6}],"defaultTo":null,"notNullable":false,"unsigned":false},{"name":"published_at","type":"datetime","args":[{"useTz":false,"precision":6}],"defaultTo":null,"notNullable":false,"unsigned":false},{"name":"created_by_id","type":"integer","args":[],"defaultTo":null,"notNullable":false,"unsigned":true},{"name":"updated_by_id","type":"integer","args":[],"defaultTo":null,"notNullable":false,"unsigned":true},{"name":"locale","type":"string","args":[],"defaultTo":null,"notNullable":false,"unsigned":false}]},{"name":"translation_types_cmps","indexes":[{"name":"translation_types_field_idx","columns":["field"]},{"name":"translation_types_component_type_idx","columns":["component_type"]},{"name":"translation_types_entity_fk","columns":["entity_id"]},{"name":"translation_types_uq","columns":["entity_id","cmp_id","field","component_type"],"type":"unique"}],"foreignKeys":[{"name":"translation_types_entity_fk","columns":["entity_id"],"referencedColumns":["id"],"referencedTable":"translation_types","onDelete":"CASCADE"}],"columns":[{"name":"id","type":"increments","args":[{"primary":true,"primaryKey":true}],"defaultTo":null,"notNullable":true,"unsigned":false},{"name":"entity_id","type":"integer","args":[],"defaultTo":null,"notNullable":false,"unsigned":true},{"name":"cmp_id","type":"integer","args":[],"defaultTo":null,"notNullable":false,"unsigned":true},{"name":"component_type","type":"string","args":[],"defaultTo":null,"notNullable":false,"unsigned":false},{"name":"field","type":"string","args":[],"defaultTo":null,"notNullable":false,"unsigned":false},{"name":"order","type":"double","args":[],"defaultTo":null,"notNullable":false,"unsigned":true}]},{"name":"translation_types","indexes":[{"name":"translation_types_documents_idx","columns":["document_id","locale","published_at"]},{"name":"translation_types_created_by_id_fk","columns":["created_by_id"]},{"name":"translation_types_updated_by_id_fk","columns":["updated_by_id"]}],"foreignKeys":[{"name":"translation_types_created_by_id_fk","columns":["created_by_id"],"referencedTable":"admin_users","referencedColumns":["id"],"onDelete":"SET NULL"},{"name":"translation_types_updated_by_id_fk","columns":["updated_by_id"],"referencedTable":"admin_users","referencedColumns":["id"],"onDelete":"SET NULL"}],"columns":[{"name":"id","type":"increments","args":[{"primary":true,"primaryKey":true}],"defaultTo":null,"notNullable":true,"unsigned":false},{"name":"document_id","type":"string","args":[],"defaultTo":null,"notNullable":false,"unsigned":false},{"name":"title","type":"string","args":[],"defaultTo":null,"notNullable":false,"unsigned":false},{"name":"created_at","type":"datetime","args":[{"useTz":false,"precision":6}],"defaultTo":null,"notNullable":false,"unsigned":false},{"name":"updated_at","type":"datetime","args":[{"useTz":false,"precision":6}],"defaultTo":null,"notNullable":false,"unsigned":false},{"name":"published_at","type":"datetime","args":[{"useTz":false,"precision":6}],"defaultTo":null,"notNullable":false,"unsigned":false},{"name":"created_by_id","type":"integer","args":[],"defaultTo":null,"notNullable":false,"unsigned":true},{"name":"updated_by_id","type":"integer","args":[],"defaultTo":null,"notNullable":false,"unsigned":true},{"name":"locale","type":"string","args":[],"defaultTo":null,"notNullable":false,"unsigned":false}]},{"name":"admin_permissions","indexes":[{"name":"admin_permissions_documents_idx","columns":["document_id","locale","published_at"]},{"name":"admin_permissions_created_by_id_fk","columns":["created_by_id"]},{"name":"admin_permissions_updated_by_id_fk","columns":["updated_by_id"]}],"foreignKeys":[{"name":"admin_permissions_created_by_id_fk","columns":["created_by_id"],"referencedTable":"admin_users","referencedColumns":["id"],"onDelete":"SET NULL"},{"name":"admin_permissions_updated_by_id_fk","columns":["updated_by_id"],"referencedTable":"admin_users","referencedColumns":["id"],"onDelete":"SET NULL"}],"columns":[{"name":"id","type":"increments","args":[{"primary":true,"primaryKey":true}],"defaultTo":null,"notNullable":true,"unsigned":false},{"name":"document_id","type":"string","args":[],"defaultTo":null,"notNullable":false,"unsigned":false},{"name":"action","type":"string","args":[],"defaultTo":null,"notNullable":false,"unsigned":false},{"name":"action_parameters","type":"jsonb","args":[],"defaultTo":null,"notNullable":false,"unsigned":false},{"name":"subject","type":"string","args":[],"defaultTo":null,"notNullable":false,"unsigned":false},{"name":"properties","type":"jsonb","args":[],"defaultTo":null,"notNullable":false,"unsigned":false},{"name":"conditions","type":"jsonb","args":[],"defaultTo":null,"notNullable":false,"unsigned":false},{"name":"created_at","type":"datetime","args":[{"useTz":false,"precision":6}],"defaultTo":null,"notNullable":false,"unsigned":false},{"name":"updated_at","type":"datetime","args":[{"useTz":false,"precision":6}],"defaultTo":null,"notNullable":false,"unsigned":false},{"name":"published_at","type":"datetime","args":[{"useTz":false,"precision":6}],"defaultTo":null,"notNullable":false,"unsigned":false},{"name":"created_by_id","type":"integer","args":[],"defaultTo":null,"notNullable":false,"unsigned":true},{"name":"updated_by_id","type":"integer","args":[],"defaultTo":null,"notNullable":false,"unsigned":true},{"name":"locale","type":"string","args":[],"defaultTo":null,"notNullable":false,"unsigned":false}]},{"name":"admin_users","indexes":[{"name":"admin_users_documents_idx","columns":["document_id","locale","published_at"]},{"name":"admin_users_created_by_id_fk","columns":["created_by_id"]},{"name":"admin_users_updated_by_id_fk","columns":["updated_by_id"]}],"foreignKeys":[{"name":"admin_users_created_by_id_fk","columns":["created_by_id"],"referencedTable":"admin_users","referencedColumns":["id"],"onDelete":"SET NULL"},{"name":"admin_users_updated_by_id_fk","columns":["updated_by_id"],"referencedTable":"admin_users","referencedColumns":["id"],"onDelete":"SET NULL"}],"columns":[{"name":"id","type":"increments","args":[{"primary":true,"primaryKey":true}],"defaultTo":null,"notNullable":true,"unsigned":false},{"name":"document_id","type":"string","args":[],"defaultTo":null,"notNullable":false,"unsigned":false},{"name":"firstname","type":"string","args":[],"defaultTo":null,"notNullable":false,"unsigned":false},{"name":"lastname","type":"string","args":[],"defaultTo":null,"notNullable":false,"unsigned":false},{"name":"username","type":"string","args":[],"defaultTo":null,"notNullable":false,"unsigned":false},{"name":"email","type":"string","args":[],"defaultTo":null,"notNullable":false,"unsigned":false},{"name":"password","type":"string","args":[],"defaultTo":null,"notNullable":false,"unsigned":false},{"name":"reset_password_token","type":"string","args":[],"defaultTo":null,"notNullable":false,"unsigned":false},{"name":"registration_token","type":"string","args":[],"defaultTo":null,"notNullable":false,"unsigned":false},{"name":"is_active","type":"boolean","args":[],"defaultTo":null,"notNullable":false,"unsigned":false},{"name":"blocked","type":"boolean","args":[],"defaultTo":null,"notNullable":false,"unsigned":false},{"name":"prefered_language","type":"string","args":[],"defaultTo":null,"notNullable":false,"unsigned":false},{"name":"created_at","type":"datetime","args":[{"useTz":false,"precision":6}],"defaultTo":null,"notNullable":false,"unsigned":false},{"name":"updated_at","type":"datetime","args":[{"useTz":false,"precision":6}],"defaultTo":null,"notNullable":false,"unsigned":false},{"name":"published_at","type":"datetime","args":[{"useTz":false,"precision":6}],"defaultTo":null,"notNullable":false,"unsigned":false},{"name":"created_by_id","type":"integer","args":[],"defaultTo":null,"notNullable":false,"unsigned":true},{"name":"updated_by_id","type":"integer","args":[],"defaultTo":null,"notNullable":false,"unsigned":true},{"name":"locale","type":"string","args":[],"defaultTo":null,"notNullable":false,"unsigned":false}]},{"name":"admin_roles","indexes":[{"name":"admin_roles_documents_idx","columns":["document_id","locale","published_at"]},{"name":"admin_roles_created_by_id_fk","columns":["created_by_id"]},{"name":"admin_roles_updated_by_id_fk","columns":["updated_by_id"]}],"foreignKeys":[{"name":"admin_roles_created_by_id_fk","columns":["created_by_id"],"referencedTable":"admin_users","referencedColumns":["id"],"onDelete":"SET NULL"},{"name":"admin_roles_updated_by_id_fk","columns":["updated_by_id"],"referencedTable":"admin_users","referencedColumns":["id"],"onDelete":"SET NULL"}],"columns":[{"name":"id","type":"increments","args":[{"primary":true,"primaryKey":true}],"defaultTo":null,"notNullable":true,"unsigned":false},{"name":"document_id","type":"string","args":[],"defaultTo":null,"notNullable":false,"unsigned":false},{"name":"name","type":"string","args":[],"defaultTo":null,"notNullable":false,"unsigned":false},{"name":"code","type":"string","args":[],"defaultTo":null,"notNullable":false,"unsigned":false},{"name":"description","type":"string","args":[],"defaultTo":null,"notNullable":false,"unsigned":false},{"name":"created_at","type":"datetime","args":[{"useTz":false,"precision":6}],"defaultTo":null,"notNullable":false,"unsigned":false},{"name":"updated_at","type":"datetime","args":[{"useTz":false,"precision":6}],"defaultTo":null,"notNullable":false,"unsigned":false},{"name":"published_at","type":"datetime","args":[{"useTz":false,"precision":6}],"defaultTo":null,"notNullable":false,"unsigned":false},{"name":"created_by_id","type":"integer","args":[],"defaultTo":null,"notNullable":false,"unsigned":true},{"name":"updated_by_id","type":"integer","args":[],"defaultTo":null,"notNullable":false,"unsigned":true},{"name":"locale","type":"string","args":[],"defaultTo":null,"notNullable":false,"unsigned":false}]},{"name":"strapi_api_tokens","indexes":[{"name":"strapi_api_tokens_documents_idx","columns":["document_id","locale","published_at"]},{"name":"strapi_api_tokens_created_by_id_fk","columns":["created_by_id"]},{"name":"strapi_api_tokens_updated_by_id_fk","columns":["updated_by_id"]}],"foreignKeys":[{"name":"strapi_api_tokens_created_by_id_fk","columns":["created_by_id"],"referencedTable":"admin_users","referencedColumns":["id"],"onDelete":"SET NULL"},{"name":"strapi_api_tokens_updated_by_id_fk","columns":["updated_by_id"],"referencedTable":"admin_users","referencedColumns":["id"],"onDelete":"SET NULL"}],"columns":[{"name":"id","type":"increments","args":[{"primary":true,"primaryKey":true}],"defaultTo":null,"notNullable":true,"unsigned":false},{"name":"document_id","type":"string","args":[],"defaultTo":null,"notNullable":false,"unsigned":false},{"name":"name","type":"string","args":[],"defaultTo":null,"notNullable":false,"unsigned":false},{"name":"description","type":"string","args":[],"defaultTo":null,"notNullable":false,"unsigned":false},{"name":"type","type":"string","args":[],"defaultTo":null,"notNullable":false,"unsigned":false},{"name":"access_key","type":"string","args":[],"defaultTo":null,"notNullable":false,"unsigned":false},{"name":"last_used_at","type":"datetime","args":[{"useTz":false,"precision":6}],"defaultTo":null,"notNullable":false,"unsigned":false},{"name":"expires_at","type":"datetime","args":[{"useTz":false,"precision":6}],"defaultTo":null,"notNullable":false,"unsigned":false},{"name":"lifespan","type":"bigInteger","args":[],"defaultTo":null,"notNullable":false,"unsigned":false},{"name":"created_at","type":"datetime","args":[{"useTz":false,"precision":6}],"defaultTo":null,"notNullable":false,"unsigned":false},{"name":"updated_at","type":"datetime","args":[{"useTz":false,"precision":6}],"defaultTo":null,"notNullable":false,"unsigned":false},{"name":"published_at","type":"datetime","args":[{"useTz":false,"precision":6}],"defaultTo":null,"notNullable":false,"unsigned":false},{"name":"created_by_id","type":"integer","args":[],"defaultTo":null,"notNullable":false,"unsigned":true},{"name":"updated_by_id","type":"integer","args":[],"defaultTo":null,"notNullable":false,"unsigned":true},{"name":"locale","type":"string","args":[],"defaultTo":null,"notNullable":false,"unsigned":false}]},{"name":"strapi_api_token_permissions","indexes":[{"name":"strapi_api_token_permissions_documents_idx","columns":["document_id","locale","published_at"]},{"name":"strapi_api_token_permissions_created_by_id_fk","columns":["created_by_id"]},{"name":"strapi_api_token_permissions_updated_by_id_fk","columns":["updated_by_id"]}],"foreignKeys":[{"name":"strapi_api_token_permissions_created_by_id_fk","columns":["created_by_id"],"referencedTable":"admin_users","referencedColumns":["id"],"onDelete":"SET NULL"},{"name":"strapi_api_token_permissions_updated_by_id_fk","columns":["updated_by_id"],"referencedTable":"admin_users","referencedColumns":["id"],"onDelete":"SET NULL"}],"columns":[{"name":"id","type":"increments","args":[{"primary":true,"primaryKey":true}],"defaultTo":null,"notNullable":true,"unsigned":false},{"name":"document_id","type":"string","args":[],"defaultTo":null,"notNullable":false,"unsigned":false},{"name":"action","type":"string","args":[],"defaultTo":null,"notNullable":false,"unsigned":false},{"name":"created_at","type":"datetime","args":[{"useTz":false,"precision":6}],"defaultTo":null,"notNullable":false,"unsigned":false},{"name":"updated_at","type":"datetime","args":[{"useTz":false,"precision":6}],"defaultTo":null,"notNullable":false,"unsigned":false},{"name":"published_at","type":"datetime","args":[{"useTz":false,"precision":6}],"defaultTo":null,"notNullable":false,"unsigned":false},{"name":"created_by_id","type":"integer","args":[],"defaultTo":null,"notNullable":false,"unsigned":true},{"name":"updated_by_id","type":"integer","args":[],"defaultTo":null,"notNullable":false,"unsigned":true},{"name":"locale","type":"string","args":[],"defaultTo":null,"notNullable":false,"unsigned":false}]},{"name":"strapi_transfer_tokens","indexes":[{"name":"strapi_transfer_tokens_documents_idx","columns":["document_id","locale","published_at"]},{"name":"strapi_transfer_tokens_created_by_id_fk","columns":["created_by_id"]},{"name":"strapi_transfer_tokens_updated_by_id_fk","columns":["updated_by_id"]}],"foreignKeys":[{"name":"strapi_transfer_tokens_created_by_id_fk","columns":["created_by_id"],"referencedTable":"admin_users","referencedColumns":["id"],"onDelete":"SET NULL"},{"name":"strapi_transfer_tokens_updated_by_id_fk","columns":["updated_by_id"],"referencedTable":"admin_users","referencedColumns":["id"],"onDelete":"SET NULL"}],"columns":[{"name":"id","type":"increments","args":[{"primary":true,"primaryKey":true}],"defaultTo":null,"notNullable":true,"unsigned":false},{"name":"document_id","type":"string","args":[],"defaultTo":null,"notNullable":false,"unsigned":false},{"name":"name","type":"string","args":[],"defaultTo":null,"notNullable":false,"unsigned":false},{"name":"description","type":"string","args":[],"defaultTo":null,"notNullable":false,"unsigned":false},{"name":"access_key","type":"string","args":[],"defaultTo":null,"notNullable":false,"unsigned":false},{"name":"last_used_at","type":"datetime","args":[{"useTz":false,"precision":6}],"defaultTo":null,"notNullable":false,"unsigned":false},{"name":"expires_at","type":"datetime","args":[{"useTz":false,"precision":6}],"defaultTo":null,"notNullable":false,"unsigned":false},{"name":"lifespan","type":"bigInteger","args":[],"defaultTo":null,"notNullable":false,"unsigned":false},{"name":"created_at","type":"datetime","args":[{"useTz":false,"precision":6}],"defaultTo":null,"notNullable":false,"unsigned":false},{"name":"updated_at","type":"datetime","args":[{"useTz":false,"precision":6}],"defaultTo":null,"notNullable":false,"unsigned":false},{"name":"published_at","type":"datetime","args":[{"useTz":false,"precision":6}],"defaultTo":null,"notNullable":false,"unsigned":false},{"name":"created_by_id","type":"integer","args":[],"defaultTo":null,"notNullable":false,"unsigned":true},{"name":"updated_by_id","type":"integer","args":[],"defaultTo":null,"notNullable":false,"unsigned":true},{"name":"locale","type":"string","args":[],"defaultTo":null,"notNullable":false,"unsigned":false}]},{"name":"strapi_transfer_token_permissions","indexes":[{"name":"strapi_transfer_token_permissions_documents_idx","columns":["document_id","locale","published_at"]},{"name":"strapi_transfer_token_permissions_created_by_id_fk","columns":["created_by_id"]},{"name":"strapi_transfer_token_permissions_updated_by_id_fk","columns":["updated_by_id"]}],"foreignKeys":[{"name":"strapi_transfer_token_permissions_created_by_id_fk","columns":["created_by_id"],"referencedTable":"admin_users","referencedColumns":["id"],"onDelete":"SET NULL"},{"name":"strapi_transfer_token_permissions_updated_by_id_fk","columns":["updated_by_id"],"referencedTable":"admin_users","referencedColumns":["id"],"onDelete":"SET NULL"}],"columns":[{"name":"id","type":"increments","args":[{"primary":true,"primaryKey":true}],"defaultTo":null,"notNullable":true,"unsigned":false},{"name":"document_id","type":"string","args":[],"defaultTo":null,"notNullable":false,"unsigned":false},{"name":"action","type":"string","args":[],"defaultTo":null,"notNullable":false,"unsigned":false},{"name":"created_at","type":"datetime","args":[{"useTz":false,"precision":6}],"defaultTo":null,"notNullable":false,"unsigned":false},{"name":"updated_at","type":"datetime","args":[{"useTz":false,"precision":6}],"defaultTo":null,"notNullable":false,"unsigned":false},{"name":"published_at","type":"datetime","args":[{"useTz":false,"precision":6}],"defaultTo":null,"notNullable":false,"unsigned":false},{"name":"created_by_id","type":"integer","args":[],"defaultTo":null,"notNullable":false,"unsigned":true},{"name":"updated_by_id","type":"integer","args":[],"defaultTo":null,"notNullable":false,"unsigned":true},{"name":"locale","type":"string","args":[],"defaultTo":null,"notNullable":false,"unsigned":false}]},{"name":"components_table_rows","indexes":[],"foreignKeys":[],"columns":[{"name":"id","type":"increments","args":[{"primary":true,"primaryKey":true}],"defaultTo":null,"notNullable":true,"unsigned":false},{"name":"data","type":"jsonb","args":[],"defaultTo":null,"notNullable":false,"unsigned":false}]},{"name":"components_shared_tables_cmps","indexes":[{"name":"components_shared_tables_field_idx","columns":["field"]},{"name":"components_shared_tables_component_type_idx","columns":["component_type"]},{"name":"components_shared_tables_entity_fk","columns":["entity_id"]},{"name":"components_shared_tables_uq","columns":["entity_id","cmp_id","field","component_type"],"type":"unique"}],"foreignKeys":[{"name":"components_shared_tables_entity_fk","columns":["entity_id"],"referencedColumns":["id"],"referencedTable":"components_shared_tables","onDelete":"CASCADE"}],"columns":[{"name":"id","type":"increments","args":[{"primary":true,"primaryKey":true}],"defaultTo":null,"notNullable":true,"unsigned":false},{"name":"entity_id","type":"integer","args":[],"defaultTo":null,"notNullable":false,"unsigned":true},{"name":"cmp_id","type":"integer","args":[],"defaultTo":null,"notNullable":false,"unsigned":true},{"name":"component_type","type":"string","args":[],"defaultTo":null,"notNullable":false,"unsigned":false},{"name":"field","type":"string","args":[],"defaultTo":null,"notNullable":false,"unsigned":false},{"name":"order","type":"double","args":[],"defaultTo":null,"notNullable":false,"unsigned":true}]},{"name":"components_shared_tables","indexes":[],"foreignKeys":[],"columns":[{"name":"id","type":"increments","args":[{"primary":true,"primaryKey":true}],"defaultTo":null,"notNullable":true,"unsigned":false}]},{"name":"components_shared_sliders","indexes":[],"foreignKeys":[],"columns":[{"name":"id","type":"increments","args":[{"primary":true,"primaryKey":true}],"defaultTo":null,"notNullable":true,"unsigned":false}]},{"name":"components_shared_seos","indexes":[],"foreignKeys":[],"columns":[{"name":"id","type":"increments","args":[{"primary":true,"primaryKey":true}],"defaultTo":null,"notNullable":true,"unsigned":false},{"name":"meta_title","type":"string","args":[],"defaultTo":null,"notNullable":false,"unsigned":false},{"name":"meta_description","type":"text","args":["longtext"],"defaultTo":null,"notNullable":false,"unsigned":false}]},{"name":"components_shared_rich_texts","indexes":[],"foreignKeys":[],"columns":[{"name":"id","type":"increments","args":[{"primary":true,"primaryKey":true}],"defaultTo":null,"notNullable":true,"unsigned":false},{"name":"body","type":"text","args":["longtext"],"defaultTo":null,"notNullable":false,"unsigned":false}]},{"name":"components_shared_quotes","indexes":[],"foreignKeys":[],"columns":[{"name":"id","type":"increments","args":[{"primary":true,"primaryKey":true}],"defaultTo":null,"notNullable":true,"unsigned":false},{"name":"title","type":"string","args":[],"defaultTo":null,"notNullable":false,"unsigned":false},{"name":"body","type":"text","args":["longtext"],"defaultTo":null,"notNullable":false,"unsigned":false}]},{"name":"components_shared_paragraphs","indexes":[],"foreignKeys":[],"columns":[{"name":"id","type":"increments","args":[{"primary":true,"primaryKey":true}],"defaultTo":null,"notNullable":true,"unsigned":false},{"name":"paragraph","type":"jsonb","args":[],"defaultTo":null,"notNullable":false,"unsigned":false}]},{"name":"components_shared_media","indexes":[],"foreignKeys":[],"columns":[{"name":"id","type":"increments","args":[{"primary":true,"primaryKey":true}],"defaultTo":null,"notNullable":true,"unsigned":false}]},{"name":"components_shared_media_blocks","indexes":[],"foreignKeys":[],"columns":[{"name":"id","type":"increments","args":[{"primary":true,"primaryKey":true}],"defaultTo":null,"notNullable":true,"unsigned":false},{"name":"title","type":"string","args":[],"defaultTo":null,"notNullable":false,"unsigned":false},{"name":"description","type":"text","args":["longtext"],"defaultTo":null,"notNullable":false,"unsigned":false}]},{"name":"components_shared_content_components","indexes":[],"foreignKeys":[],"columns":[{"name":"id","type":"increments","args":[{"primary":true,"primaryKey":true}],"defaultTo":null,"notNullable":true,"unsigned":false},{"name":"description","type":"jsonb","args":[],"defaultTo":null,"notNullable":false,"unsigned":false}]},{"name":"strapi_core_store_settings","indexes":[],"foreignKeys":[],"columns":[{"name":"id","type":"increments","args":[{"primary":true,"primaryKey":true}],"defaultTo":null,"notNullable":true,"unsigned":false},{"name":"key","type":"string","args":[],"defaultTo":null,"notNullable":false,"unsigned":false},{"name":"value","type":"text","args":["longtext"],"defaultTo":null,"notNullable":false,"unsigned":false},{"name":"type","type":"string","args":[],"defaultTo":null,"notNullable":false,"unsigned":false},{"name":"environment","type":"string","args":[],"defaultTo":null,"notNullable":false,"unsigned":false},{"name":"tag","type":"string","args":[],"defaultTo":null,"notNullable":false,"unsigned":false}]},{"name":"strapi_webhooks","indexes":[],"foreignKeys":[],"columns":[{"name":"id","type":"increments","args":[{"primary":true,"primaryKey":true}],"defaultTo":null,"notNullable":true,"unsigned":false},{"name":"name","type":"string","args":[],"defaultTo":null,"notNullable":false,"unsigned":false},{"name":"url","type":"text","args":["longtext"],"defaultTo":null,"notNullable":false,"unsigned":false},{"name":"headers","type":"jsonb","args":[],"defaultTo":null,"notNullable":false,"unsigned":false},{"name":"events","type":"jsonb","args":[],"defaultTo":null,"notNullable":false,"unsigned":false},{"name":"enabled","type":"boolean","args":[],"defaultTo":null,"notNullable":false,"unsigned":false}]},{"name":"strapi_history_versions","indexes":[{"name":"strapi_history_versions_created_by_id_fk","columns":["created_by_id"]}],"foreignKeys":[{"name":"strapi_history_versions_created_by_id_fk","columns":["created_by_id"],"referencedTable":"admin_users","referencedColumns":["id"],"onDelete":"SET NULL"}],"columns":[{"name":"id","type":"increments","args":[{"primary":true,"primaryKey":true}],"defaultTo":null,"notNullable":true,"unsigned":false},{"name":"content_type","type":"string","args":[],"defaultTo":null,"notNullable":true,"unsigned":false},{"name":"related_document_id","type":"string","args":[],"defaultTo":null,"notNullable":false,"unsigned":false},{"name":"locale","type":"string","args":[],"defaultTo":null,"notNullable":false,"unsigned":false},{"name":"status","type":"string","args":[],"defaultTo":null,"notNullable":false,"unsigned":false},{"name":"data","type":"jsonb","args":[],"defaultTo":null,"notNullable":false,"unsigned":false},{"name":"schema","type":"jsonb","args":[],"defaultTo":null,"notNullable":false,"unsigned":false},{"name":"created_at","type":"datetime","args":[{"useTz":false,"precision":6}],"defaultTo":null,"notNullable":false,"unsigned":false},{"name":"created_by_id","type":"integer","args":[],"defaultTo":null,"notNullable":false,"unsigned":true}]},{"name":"files_related_mph","indexes":[{"name":"files_related_mph_fk","columns":["file_id"]},{"name":"files_related_mph_oidx","columns":["order"]},{"name":"files_related_mph_idix","columns":["related_id"]}],"foreignKeys":[{"name":"files_related_mph_fk","columns":["file_id"],"referencedColumns":["id"],"referencedTable":"files","onDelete":"CASCADE"}],"columns":[{"name":"id","type":"increments","args":[{"primary":true,"primaryKey":true}],"defaultTo":null,"notNullable":true,"unsigned":false},{"name":"file_id","type":"integer","args":[],"defaultTo":null,"notNullable":false,"unsigned":true},{"name":"related_id","type":"integer","args":[],"defaultTo":null,"notNullable":false,"unsigned":true},{"name":"related_type","type":"string","args":[],"defaultTo":null,"notNullable":false,"unsigned":false},{"name":"field","type":"string","args":[],"defaultTo":null,"notNullable":false,"unsigned":false},{"name":"order","type":"double","args":[],"defaultTo":null,"notNullable":false,"unsigned":true}]},{"name":"files_folder_lnk","indexes":[{"name":"files_folder_lnk_fk","columns":["file_id"]},{"name":"files_folder_lnk_ifk","columns":["folder_id"]},{"name":"files_folder_lnk_uq","columns":["file_id","folder_id"],"type":"unique"},{"name":"files_folder_lnk_oifk","columns":["file_ord"]}],"foreignKeys":[{"name":"files_folder_lnk_fk","columns":["file_id"],"referencedColumns":["id"],"referencedTable":"files","onDelete":"CASCADE"},{"name":"files_folder_lnk_ifk","columns":["folder_id"],"referencedColumns":["id"],"referencedTable":"upload_folders","onDelete":"CASCADE"}],"columns":[{"name":"id","type":"increments","args":[{"primary":true,"primaryKey":true}],"defaultTo":null,"notNullable":true,"unsigned":false},{"name":"file_id","type":"integer","args":[],"defaultTo":null,"notNullable":false,"unsigned":true},{"name":"folder_id","type":"integer","args":[],"defaultTo":null,"notNullable":false,"unsigned":true},{"name":"file_ord","type":"double","args":[],"defaultTo":null,"notNullable":false,"unsigned":true}]},{"name":"upload_folders_parent_lnk","indexes":[{"name":"upload_folders_parent_lnk_fk","columns":["folder_id"]},{"name":"upload_folders_parent_lnk_ifk","columns":["inv_folder_id"]},{"name":"upload_folders_parent_lnk_uq","columns":["folder_id","inv_folder_id"],"type":"unique"},{"name":"upload_folders_parent_lnk_oifk","columns":["folder_ord"]}],"foreignKeys":[{"name":"upload_folders_parent_lnk_fk","columns":["folder_id"],"referencedColumns":["id"],"referencedTable":"upload_folders","onDelete":"CASCADE"},{"name":"upload_folders_parent_lnk_ifk","columns":["inv_folder_id"],"referencedColumns":["id"],"referencedTable":"upload_folders","onDelete":"CASCADE"}],"columns":[{"name":"id","type":"increments","args":[{"primary":true,"primaryKey":true}],"defaultTo":null,"notNullable":true,"unsigned":false},{"name":"folder_id","type":"integer","args":[],"defaultTo":null,"notNullable":false,"unsigned":true},{"name":"inv_folder_id","type":"integer","args":[],"defaultTo":null,"notNullable":false,"unsigned":true},{"name":"folder_ord","type":"double","args":[],"defaultTo":null,"notNullable":false,"unsigned":true}]},{"name":"strapi_release_actions_release_lnk","indexes":[{"name":"strapi_release_actions_release_lnk_fk","columns":["release_action_id"]},{"name":"strapi_release_actions_release_lnk_ifk","columns":["release_id"]},{"name":"strapi_release_actions_release_lnk_uq","columns":["release_action_id","release_id"],"type":"unique"},{"name":"strapi_release_actions_release_lnk_oifk","columns":["release_action_ord"]}],"foreignKeys":[{"name":"strapi_release_actions_release_lnk_fk","columns":["release_action_id"],"referencedColumns":["id"],"referencedTable":"strapi_release_actions","onDelete":"CASCADE"},{"name":"strapi_release_actions_release_lnk_ifk","columns":["release_id"],"referencedColumns":["id"],"referencedTable":"strapi_releases","onDelete":"CASCADE"}],"columns":[{"name":"id","type":"increments","args":[{"primary":true,"primaryKey":true}],"defaultTo":null,"notNullable":true,"unsigned":false},{"name":"release_action_id","type":"integer","args":[],"defaultTo":null,"notNullable":false,"unsigned":true},{"name":"release_id","type":"integer","args":[],"defaultTo":null,"notNullable":false,"unsigned":true},{"name":"release_action_ord","type":"double","args":[],"defaultTo":null,"notNullable":false,"unsigned":true}]},{"name":"strapi_workflows_stage_required_to_publish_lnk","indexes":[{"name":"strapi_workflows_stage_required_to_publish_lnk_fk","columns":["workflow_id"]},{"name":"strapi_workflows_stage_required_to_publish_lnk_ifk","columns":["workflow_stage_id"]},{"name":"strapi_workflows_stage_required_to_publish_lnk_uq","columns":["workflow_id","workflow_stage_id"],"type":"unique"}],"foreignKeys":[{"name":"strapi_workflows_stage_required_to_publish_lnk_fk","columns":["workflow_id"],"referencedColumns":["id"],"referencedTable":"strapi_workflows","onDelete":"CASCADE"},{"name":"strapi_workflows_stage_required_to_publish_lnk_ifk","columns":["workflow_stage_id"],"referencedColumns":["id"],"referencedTable":"strapi_workflows_stages","onDelete":"CASCADE"}],"columns":[{"name":"id","type":"increments","args":[{"primary":true,"primaryKey":true}],"defaultTo":null,"notNullable":true,"unsigned":false},{"name":"workflow_id","type":"integer","args":[],"defaultTo":null,"notNullable":false,"unsigned":true},{"name":"workflow_stage_id","type":"integer","args":[],"defaultTo":null,"notNullable":false,"unsigned":true}]},{"name":"strapi_workflows_stages_workflow_lnk","indexes":[{"name":"strapi_workflows_stages_workflow_lnk_fk","columns":["workflow_stage_id"]},{"name":"strapi_workflows_stages_workflow_lnk_ifk","columns":["workflow_id"]},{"name":"strapi_workflows_stages_workflow_lnk_uq","columns":["workflow_stage_id","workflow_id"],"type":"unique"},{"name":"strapi_workflows_stages_workflow_lnk_oifk","columns":["workflow_stage_ord"]}],"foreignKeys":[{"name":"strapi_workflows_stages_workflow_lnk_fk","columns":["workflow_stage_id"],"referencedColumns":["id"],"referencedTable":"strapi_workflows_stages","onDelete":"CASCADE"},{"name":"strapi_workflows_stages_workflow_lnk_ifk","columns":["workflow_id"],"referencedColumns":["id"],"referencedTable":"strapi_workflows","onDelete":"CASCADE"}],"columns":[{"name":"id","type":"increments","args":[{"primary":true,"primaryKey":true}],"defaultTo":null,"notNullable":true,"unsigned":false},{"name":"workflow_stage_id","type":"integer","args":[],"defaultTo":null,"notNullable":false,"unsigned":true},{"name":"workflow_id","type":"integer","args":[],"defaultTo":null,"notNullable":false,"unsigned":true},{"name":"workflow_stage_ord","type":"double","args":[],"defaultTo":null,"notNullable":false,"unsigned":true}]},{"name":"strapi_workflows_stages_permissions_lnk","indexes":[{"name":"strapi_workflows_stages_permissions_lnk_fk","columns":["workflow_stage_id"]},{"name":"strapi_workflows_stages_permissions_lnk_ifk","columns":["permission_id"]},{"name":"strapi_workflows_stages_permissions_lnk_uq","columns":["workflow_stage_id","permission_id"],"type":"unique"},{"name":"strapi_workflows_stages_permissions_lnk_ofk","columns":["permission_ord"]}],"foreignKeys":[{"name":"strapi_workflows_stages_permissions_lnk_fk","columns":["workflow_stage_id"],"referencedColumns":["id"],"referencedTable":"strapi_workflows_stages","onDelete":"CASCADE"},{"name":"strapi_workflows_stages_permissions_lnk_ifk","columns":["permission_id"],"referencedColumns":["id"],"referencedTable":"admin_permissions","onDelete":"CASCADE"}],"columns":[{"name":"id","type":"increments","args":[{"primary":true,"primaryKey":true}],"defaultTo":null,"notNullable":true,"unsigned":false},{"name":"workflow_stage_id","type":"integer","args":[],"defaultTo":null,"notNullable":false,"unsigned":true},{"name":"permission_id","type":"integer","args":[],"defaultTo":null,"notNullable":false,"unsigned":true},{"name":"permission_ord","type":"double","args":[],"defaultTo":null,"notNullable":false,"unsigned":true}]},{"name":"up_permissions_role_lnk","indexes":[{"name":"up_permissions_role_lnk_fk","columns":["permission_id"]},{"name":"up_permissions_role_lnk_ifk","columns":["role_id"]},{"name":"up_permissions_role_lnk_uq","columns":["permission_id","role_id"],"type":"unique"},{"name":"up_permissions_role_lnk_oifk","columns":["permission_ord"]}],"foreignKeys":[{"name":"up_permissions_role_lnk_fk","columns":["permission_id"],"referencedColumns":["id"],"referencedTable":"up_permissions","onDelete":"CASCADE"},{"name":"up_permissions_role_lnk_ifk","columns":["role_id"],"referencedColumns":["id"],"referencedTable":"up_roles","onDelete":"CASCADE"}],"columns":[{"name":"id","type":"increments","args":[{"primary":true,"primaryKey":true}],"defaultTo":null,"notNullable":true,"unsigned":false},{"name":"permission_id","type":"integer","args":[],"defaultTo":null,"notNullable":false,"unsigned":true},{"name":"role_id","type":"integer","args":[],"defaultTo":null,"notNullable":false,"unsigned":true},{"name":"permission_ord","type":"double","args":[],"defaultTo":null,"notNullable":false,"unsigned":true}]},{"name":"up_users_role_lnk","indexes":[{"name":"up_users_role_lnk_fk","columns":["user_id"]},{"name":"up_users_role_lnk_ifk","columns":["role_id"]},{"name":"up_users_role_lnk_uq","columns":["user_id","role_id"],"type":"unique"},{"name":"up_users_role_lnk_oifk","columns":["user_ord"]}],"foreignKeys":[{"name":"up_users_role_lnk_fk","columns":["user_id"],"referencedColumns":["id"],"referencedTable":"up_users","onDelete":"CASCADE"},{"name":"up_users_role_lnk_ifk","columns":["role_id"],"referencedColumns":["id"],"referencedTable":"up_roles","onDelete":"CASCADE"}],"columns":[{"name":"id","type":"increments","args":[{"primary":true,"primaryKey":true}],"defaultTo":null,"notNullable":true,"unsigned":false},{"name":"user_id","type":"integer","args":[],"defaultTo":null,"notNullable":false,"unsigned":true},{"name":"role_id","type":"integer","args":[],"defaultTo":null,"notNullable":false,"unsigned":true},{"name":"user_ord","type":"double","args":[],"defaultTo":null,"notNullable":false,"unsigned":true}]},{"name":"articles_author_lnk","indexes":[{"name":"articles_author_lnk_fk","columns":["article_id"]},{"name":"articles_author_lnk_ifk","columns":["author_id"]},{"name":"articles_author_lnk_uq","columns":["article_id","author_id"],"type":"unique"},{"name":"articles_author_lnk_oifk","columns":["article_ord"]}],"foreignKeys":[{"name":"articles_author_lnk_fk","columns":["article_id"],"referencedColumns":["id"],"referencedTable":"articles","onDelete":"CASCADE"},{"name":"articles_author_lnk_ifk","columns":["author_id"],"referencedColumns":["id"],"referencedTable":"authors","onDelete":"CASCADE"}],"columns":[{"name":"id","type":"increments","args":[{"primary":true,"primaryKey":true}],"defaultTo":null,"notNullable":true,"unsigned":false},{"name":"article_id","type":"integer","args":[],"defaultTo":null,"notNullable":false,"unsigned":true},{"name":"author_id","type":"integer","args":[],"defaultTo":null,"notNullable":false,"unsigned":true},{"name":"article_ord","type":"double","args":[],"defaultTo":null,"notNullable":false,"unsigned":true}]},{"name":"articles_category_lnk","indexes":[{"name":"articles_category_lnk_fk","columns":["article_id"]},{"name":"articles_category_lnk_ifk","columns":["category_id"]},{"name":"articles_category_lnk_uq","columns":["article_id","category_id"],"type":"unique"},{"name":"articles_category_lnk_oifk","columns":["article_ord"]}],"foreignKeys":[{"name":"articles_category_lnk_fk","columns":["article_id"],"referencedColumns":["id"],"referencedTable":"articles","onDelete":"CASCADE"},{"name":"articles_category_lnk_ifk","columns":["category_id"],"referencedColumns":["id"],"referencedTable":"categories","onDelete":"CASCADE"}],"columns":[{"name":"id","type":"increments","args":[{"primary":true,"primaryKey":true}],"defaultTo":null,"notNullable":true,"unsigned":false},{"name":"article_id","type":"integer","args":[],"defaultTo":null,"notNullable":false,"unsigned":true},{"name":"category_id","type":"integer","args":[],"defaultTo":null,"notNullable":false,"unsigned":true},{"name":"article_ord","type":"double","args":[],"defaultTo":null,"notNullable":false,"unsigned":true}]},{"name":"admin_permissions_role_lnk","indexes":[{"name":"admin_permissions_role_lnk_fk","columns":["permission_id"]},{"name":"admin_permissions_role_lnk_ifk","columns":["role_id"]},{"name":"admin_permissions_role_lnk_uq","columns":["permission_id","role_id"],"type":"unique"},{"name":"admin_permissions_role_lnk_oifk","columns":["permission_ord"]}],"foreignKeys":[{"name":"admin_permissions_role_lnk_fk","columns":["permission_id"],"referencedColumns":["id"],"referencedTable":"admin_permissions","onDelete":"CASCADE"},{"name":"admin_permissions_role_lnk_ifk","columns":["role_id"],"referencedColumns":["id"],"referencedTable":"admin_roles","onDelete":"CASCADE"}],"columns":[{"name":"id","type":"increments","args":[{"primary":true,"primaryKey":true}],"defaultTo":null,"notNullable":true,"unsigned":false},{"name":"permission_id","type":"integer","args":[],"defaultTo":null,"notNullable":false,"unsigned":true},{"name":"role_id","type":"integer","args":[],"defaultTo":null,"notNullable":false,"unsigned":true},{"name":"permission_ord","type":"double","args":[],"defaultTo":null,"notNullable":false,"unsigned":true}]},{"name":"admin_users_roles_lnk","indexes":[{"name":"admin_users_roles_lnk_fk","columns":["user_id"]},{"name":"admin_users_roles_lnk_ifk","columns":["role_id"]},{"name":"admin_users_roles_lnk_uq","columns":["user_id","role_id"],"type":"unique"},{"name":"admin_users_roles_lnk_ofk","columns":["role_ord"]},{"name":"admin_users_roles_lnk_oifk","columns":["user_ord"]}],"foreignKeys":[{"name":"admin_users_roles_lnk_fk","columns":["user_id"],"referencedColumns":["id"],"referencedTable":"admin_users","onDelete":"CASCADE"},{"name":"admin_users_roles_lnk_ifk","columns":["role_id"],"referencedColumns":["id"],"referencedTable":"admin_roles","onDelete":"CASCADE"}],"columns":[{"name":"id","type":"increments","args":[{"primary":true,"primaryKey":true}],"defaultTo":null,"notNullable":true,"unsigned":false},{"name":"user_id","type":"integer","args":[],"defaultTo":null,"notNullable":false,"unsigned":true},{"name":"role_id","type":"integer","args":[],"defaultTo":null,"notNullable":false,"unsigned":true},{"name":"role_ord","type":"double","args":[],"defaultTo":null,"notNullable":false,"unsigned":true},{"name":"user_ord","type":"double","args":[],"defaultTo":null,"notNullable":false,"unsigned":true}]},{"name":"strapi_api_token_permissions_token_lnk","indexes":[{"name":"strapi_api_token_permissions_token_lnk_fk","columns":["api_token_permission_id"]},{"name":"strapi_api_token_permissions_token_lnk_ifk","columns":["api_token_id"]},{"name":"strapi_api_token_permissions_token_lnk_uq","columns":["api_token_permission_id","api_token_id"],"type":"unique"},{"name":"strapi_api_token_permissions_token_lnk_oifk","columns":["api_token_permission_ord"]}],"foreignKeys":[{"name":"strapi_api_token_permissions_token_lnk_fk","columns":["api_token_permission_id"],"referencedColumns":["id"],"referencedTable":"strapi_api_token_permissions","onDelete":"CASCADE"},{"name":"strapi_api_token_permissions_token_lnk_ifk","columns":["api_token_id"],"referencedColumns":["id"],"referencedTable":"strapi_api_tokens","onDelete":"CASCADE"}],"columns":[{"name":"id","type":"increments","args":[{"primary":true,"primaryKey":true}],"defaultTo":null,"notNullable":true,"unsigned":false},{"name":"api_token_permission_id","type":"integer","args":[],"defaultTo":null,"notNullable":false,"unsigned":true},{"name":"api_token_id","type":"integer","args":[],"defaultTo":null,"notNullable":false,"unsigned":true},{"name":"api_token_permission_ord","type":"double","args":[],"defaultTo":null,"notNullable":false,"unsigned":true}]},{"name":"strapi_transfer_token_permissions_token_lnk","indexes":[{"name":"strapi_transfer_token_permissions_token_lnk_fk","columns":["transfer_token_permission_id"]},{"name":"strapi_transfer_token_permissions_token_lnk_ifk","columns":["transfer_token_id"]},{"name":"strapi_transfer_token_permissions_token_lnk_uq","columns":["transfer_token_permission_id","transfer_token_id"],"type":"unique"},{"name":"strapi_transfer_token_permissions_token_lnk_oifk","columns":["transfer_token_permission_ord"]}],"foreignKeys":[{"name":"strapi_transfer_token_permissions_token_lnk_fk","columns":["transfer_token_permission_id"],"referencedColumns":["id"],"referencedTable":"strapi_transfer_token_permissions","onDelete":"CASCADE"},{"name":"strapi_transfer_token_permissions_token_lnk_ifk","columns":["transfer_token_id"],"referencedColumns":["id"],"referencedTable":"strapi_transfer_tokens","onDelete":"CASCADE"}],"columns":[{"name":"id","type":"increments","args":[{"primary":true,"primaryKey":true}],"defaultTo":null,"notNullable":true,"unsigned":false},{"name":"transfer_token_permission_id","type":"integer","args":[],"defaultTo":null,"notNullable":false,"unsigned":true},{"name":"transfer_token_id","type":"integer","args":[],"defaultTo":null,"notNullable":false,"unsigned":true},{"name":"transfer_token_permission_ord","type":"double","args":[],"defaultTo":null,"notNullable":false,"unsigned":true}]}]}',1746528886273,'ebeceab1675790cae484b6850aed5653');
CREATE TABLE `components_shared_sliders` (`id` integer not null primary key autoincrement);
INSERT INTO components_shared_sliders VALUES(1);
INSERT INTO components_shared_sliders VALUES(2);
INSERT INTO components_shared_sliders VALUES(3);
INSERT INTO components_shared_sliders VALUES(4);
INSERT INTO components_shared_sliders VALUES(5);
CREATE TABLE `components_shared_seos` (`id` integer not null primary key autoincrement, `meta_title` varchar(255) null, `meta_description` text null);
INSERT INTO components_shared_seos VALUES(1,'Page','A blog made with Strapi');
CREATE TABLE `components_shared_rich_texts` (`id` integer not null primary key autoincrement, `body` text null);
INSERT INTO components_shared_rich_texts VALUES(1,replace('## Probant \n\nse Lorem markdownum negat. Argo *saxa* videnda cornuaque hunc qui tanta spes teneas! Obliquis est dicenti est salutat ille tamen iuvenum nostrae dolore. - Colores nocituraque comitata eripiunt - Addit quodcunque solum cui et dextram illis - Nulli meus nec extemplo ille ferebat pressit Se blandita fulvae vox gravem Pittheus cesserunt sanguine herbis tu comitum tenuit. Sui in ruunt; Doridaque maculosae fuissem! Et loqui. \n\n## Abit sua\n\nse Lorem markdownum negat. Argo *saxa* videnda cornuaque hunc qui tanta spes teneas! Obliquis est dicenti est salutat ille tamen iuvenum nostrae dolore. - Colores nocituraque comitata eripiunt - Addit quodcunque solum cui et dextram illis - Nulli meus nec extemplo ille ferebat pressit Se blandita fulvae vox gravem Pittheus cesserunt sanguine herbis tu comitum tenuit. Sui in ruunt; Doridaque maculosae fuissem! Et loqui. ','\n',char(10)));
INSERT INTO components_shared_rich_texts VALUES(2,replace('## Spatiantia astra \n\nFoeda, medio silva *errandum*: onus formam munere. Mutata bibulis est auxiliare arces etiamnunc verbis virgineo Priamidas illa Thescelus, nam fit locis lucis auras. Exitus hospes gratulor ut pondere [speslimite](http://www.curas.io/figuram); quid habent, Avernales faciente de. Pervenit Ino sonabile supplex cognoscenti vires, Bacchumque errat miserarum venandi dignabere dedisti. Discrimina iuncosaque virgaque tot sine superest [fissus](http://quos.org/sitet.aspx). Non color esset potest non sumit, sed vix arserat. Nisi immo silva tantum pectusque quos pennis quisquam artus!','\n',char(10)));
INSERT INTO components_shared_rich_texts VALUES(3,replace('## Probant \n\nse Lorem markdownum negat. Argo *saxa* videnda cornuaque hunc qui tanta spes teneas! Obliquis est dicenti est salutat ille tamen iuvenum nostrae dolore. - Colores nocituraque comitata eripiunt - Addit quodcunque solum cui et dextram illis - Nulli meus nec extemplo ille ferebat pressit Se blandita fulvae vox gravem Pittheus cesserunt sanguine herbis tu comitum tenuit. Sui in ruunt; Doridaque maculosae fuissem! Et loqui. \n\n## Abit sua\n\nse Lorem markdownum negat. Argo *saxa* videnda cornuaque hunc qui tanta spes teneas! Obliquis est dicenti est salutat ille tamen iuvenum nostrae dolore. - Colores nocituraque comitata eripiunt - Addit quodcunque solum cui et dextram illis - Nulli meus nec extemplo ille ferebat pressit Se blandita fulvae vox gravem Pittheus cesserunt sanguine herbis tu comitum tenuit. Sui in ruunt; Doridaque maculosae fuissem! Et loqui. ','\n',char(10)));
INSERT INTO components_shared_rich_texts VALUES(4,replace('## Spatiantia astra \n\nFoeda, medio silva *errandum*: onus formam munere. Mutata bibulis est auxiliare arces etiamnunc verbis virgineo Priamidas illa Thescelus, nam fit locis lucis auras. Exitus hospes gratulor ut pondere [speslimite](http://www.curas.io/figuram); quid habent, Avernales faciente de. Pervenit Ino sonabile supplex cognoscenti vires, Bacchumque errat miserarum venandi dignabere dedisti. Discrimina iuncosaque virgaque tot sine superest [fissus](http://quos.org/sitet.aspx). Non color esset potest non sumit, sed vix arserat. Nisi immo silva tantum pectusque quos pennis quisquam artus!','\n',char(10)));
INSERT INTO components_shared_rich_texts VALUES(5,replace('## Probant \n\nse Lorem markdownum negat. Argo *saxa* videnda cornuaque hunc qui tanta spes teneas! Obliquis est dicenti est salutat ille tamen iuvenum nostrae dolore. - Colores nocituraque comitata eripiunt - Addit quodcunque solum cui et dextram illis - Nulli meus nec extemplo ille ferebat pressit Se blandita fulvae vox gravem Pittheus cesserunt sanguine herbis tu comitum tenuit. Sui in ruunt; Doridaque maculosae fuissem! Et loqui. \n\n## Abit sua\n\nse Lorem markdownum negat. Argo *saxa* videnda cornuaque hunc qui tanta spes teneas! Obliquis est dicenti est salutat ille tamen iuvenum nostrae dolore. - Colores nocituraque comitata eripiunt - Addit quodcunque solum cui et dextram illis - Nulli meus nec extemplo ille ferebat pressit Se blandita fulvae vox gravem Pittheus cesserunt sanguine herbis tu comitum tenuit. Sui in ruunt; Doridaque maculosae fuissem! Et loqui. ','\n',char(10)));
INSERT INTO components_shared_rich_texts VALUES(6,replace('## Spatiantia astra \n\nFoeda, medio silva *errandum*: onus formam munere. Mutata bibulis est auxiliare arces etiamnunc verbis virgineo Priamidas illa Thescelus, nam fit locis lucis auras. Exitus hospes gratulor ut pondere [speslimite](http://www.curas.io/figuram); quid habent, Avernales faciente de. Pervenit Ino sonabile supplex cognoscenti vires, Bacchumque errat miserarum venandi dignabere dedisti. Discrimina iuncosaque virgaque tot sine superest [fissus](http://quos.org/sitet.aspx). Non color esset potest non sumit, sed vix arserat. Nisi immo silva tantum pectusque quos pennis quisquam artus!','\n',char(10)));
INSERT INTO components_shared_rich_texts VALUES(7,replace('## Probant \n\nse Lorem markdownum negat. Argo *saxa* videnda cornuaque hunc qui tanta spes teneas! Obliquis est dicenti est salutat ille tamen iuvenum nostrae dolore. - Colores nocituraque comitata eripiunt - Addit quodcunque solum cui et dextram illis - Nulli meus nec extemplo ille ferebat pressit Se blandita fulvae vox gravem Pittheus cesserunt sanguine herbis tu comitum tenuit. Sui in ruunt; Doridaque maculosae fuissem! Et loqui. \n\n## Abit sua\n\nse Lorem markdownum negat. Argo *saxa* videnda cornuaque hunc qui tanta spes teneas! Obliquis est dicenti est salutat ille tamen iuvenum nostrae dolore. - Colores nocituraque comitata eripiunt - Addit quodcunque solum cui et dextram illis - Nulli meus nec extemplo ille ferebat pressit Se blandita fulvae vox gravem Pittheus cesserunt sanguine herbis tu comitum tenuit. Sui in ruunt; Doridaque maculosae fuissem! Et loqui. ','\n',char(10)));
INSERT INTO components_shared_rich_texts VALUES(8,replace('## Spatiantia astra \n\nFoeda, medio silva *errandum*: onus formam munere. Mutata bibulis est auxiliare arces etiamnunc verbis virgineo Priamidas illa Thescelus, nam fit locis lucis auras. Exitus hospes gratulor ut pondere [speslimite](http://www.curas.io/figuram); quid habent, Avernales faciente de. Pervenit Ino sonabile supplex cognoscenti vires, Bacchumque errat miserarum venandi dignabere dedisti. Discrimina iuncosaque virgaque tot sine superest [fissus](http://quos.org/sitet.aspx). Non color esset potest non sumit, sed vix arserat. Nisi immo silva tantum pectusque quos pennis quisquam artus!','\n',char(10)));
INSERT INTO components_shared_rich_texts VALUES(9,replace('## Probant \n\nse Lorem markdownum negat. Argo *saxa* videnda cornuaque hunc qui tanta spes teneas! Obliquis est dicenti est salutat ille tamen iuvenum nostrae dolore. - Colores nocituraque comitata eripiunt - Addit quodcunque solum cui et dextram illis - Nulli meus nec extemplo ille ferebat pressit Se blandita fulvae vox gravem Pittheus cesserunt sanguine herbis tu comitum tenuit. Sui in ruunt; Doridaque maculosae fuissem! Et loqui. \n\n## Abit sua\n\nse Lorem markdownum negat. Argo *saxa* videnda cornuaque hunc qui tanta spes teneas! Obliquis est dicenti est salutat ille tamen iuvenum nostrae dolore. - Colores nocituraque comitata eripiunt - Addit quodcunque solum cui et dextram illis - Nulli meus nec extemplo ille ferebat pressit Se blandita fulvae vox gravem Pittheus cesserunt sanguine herbis tu comitum tenuit. Sui in ruunt; Doridaque maculosae fuissem! Et loqui. ','\n',char(10)));
INSERT INTO components_shared_rich_texts VALUES(10,replace('## Spatiantia astra \n\nFoeda, medio silva *errandum*: onus formam munere. Mutata bibulis est auxiliare arces etiamnunc verbis virgineo Priamidas illa Thescelus, nam fit locis lucis auras. Exitus hospes gratulor ut pondere [speslimite](http://www.curas.io/figuram); quid habent, Avernales faciente de. Pervenit Ino sonabile supplex cognoscenti vires, Bacchumque errat miserarum venandi dignabere dedisti. Discrimina iuncosaque virgaque tot sine superest [fissus](http://quos.org/sitet.aspx). Non color esset potest non sumit, sed vix arserat. Nisi immo silva tantum pectusque quos pennis quisquam artus!','\n',char(10)));
INSERT INTO components_shared_rich_texts VALUES(11,replace('## Dedit imago conspicuus cum capillis totidem inhibere\n\nLorem markdownum **rerum**, est limine: columbas: ab infelix hostem arbore nudis\ncrudelis. Videtur reliquit ambo ferrum dote sub amne fatis **illuc**, in magis,\nnec.','\n',char(10)));
CREATE TABLE `components_shared_quotes` (`id` integer not null primary key autoincrement, `title` varchar(255) null, `body` text null);
INSERT INTO components_shared_quotes VALUES(1,'Thelonius Monk','You''ve got to dig it to dig it, you dig?');
INSERT INTO components_shared_quotes VALUES(2,'Thelonius Monk','You''ve got to dig it to dig it, you dig?');
INSERT INTO components_shared_quotes VALUES(3,'Thelonius Monk','You''ve got to dig it to dig it, you dig?');
INSERT INTO components_shared_quotes VALUES(4,'Thelonius Monk','You''ve got to dig it to dig it, you dig?');
INSERT INTO components_shared_quotes VALUES(5,'Thelonius Monk','You''ve got to dig it to dig it, you dig?');
INSERT INTO components_shared_quotes VALUES(6,'Thelonius Monk','You''ve got to dig it to dig it, you dig?');
CREATE TABLE `components_shared_media` (`id` integer not null primary key autoincrement);
INSERT INTO components_shared_media VALUES(1);
INSERT INTO components_shared_media VALUES(2);
INSERT INTO components_shared_media VALUES(3);
INSERT INTO components_shared_media VALUES(4);
INSERT INTO components_shared_media VALUES(5);
INSERT INTO components_shared_media VALUES(6);
CREATE TABLE `strapi_core_store_settings` (`id` integer not null primary key autoincrement, `key` varchar(255) null, `value` text null, `type` varchar(255) null, `environment` varchar(255) null, `tag` varchar(255) null);
INSERT INTO strapi_core_store_settings VALUES(1,'strapi_content_types_schema','{"plugin::upload.file":{"collectionName":"files","info":{"singularName":"file","pluralName":"files","displayName":"File","description":""},"options":{"draftAndPublish":false},"pluginOptions":{"content-manager":{"visible":false},"content-type-builder":{"visible":false}},"attributes":{"name":{"type":"string","configurable":false,"required":true},"alternativeText":{"type":"string","configurable":false},"caption":{"type":"string","configurable":false},"width":{"type":"integer","configurable":false},"height":{"type":"integer","configurable":false},"formats":{"type":"json","configurable":false},"hash":{"type":"string","configurable":false,"required":true},"ext":{"type":"string","configurable":false},"mime":{"type":"string","configurable":false,"required":true},"size":{"type":"decimal","configurable":false,"required":true},"url":{"type":"string","configurable":false,"required":true},"previewUrl":{"type":"string","configurable":false},"provider":{"type":"string","configurable":false,"required":true},"provider_metadata":{"type":"json","configurable":false},"related":{"type":"relation","relation":"morphToMany","configurable":false},"folder":{"type":"relation","relation":"manyToOne","target":"plugin::upload.folder","inversedBy":"files","private":true},"folderPath":{"type":"string","minLength":1,"required":true,"private":true,"searchable":false},"createdAt":{"type":"datetime"},"updatedAt":{"type":"datetime"},"publishedAt":{"type":"datetime","configurable":false,"writable":true,"visible":false},"createdBy":{"type":"relation","relation":"oneToOne","target":"admin::user","configurable":false,"writable":false,"visible":false,"useJoinTable":false,"private":true},"updatedBy":{"type":"relation","relation":"oneToOne","target":"admin::user","configurable":false,"writable":false,"visible":false,"useJoinTable":false,"private":true},"locale":{"writable":true,"private":true,"configurable":false,"visible":false,"type":"string"},"localizations":{"type":"relation","relation":"oneToMany","target":"plugin::upload.file","writable":false,"private":true,"configurable":false,"visible":false,"unstable_virtual":true,"joinColumn":{"name":"document_id","referencedColumn":"document_id","referencedTable":"files"}}},"indexes":[{"name":"upload_files_folder_path_index","columns":["folder_path"],"type":null},{"name":"upload_files_created_at_index","columns":["created_at"],"type":null},{"name":"upload_files_updated_at_index","columns":["updated_at"],"type":null},{"name":"upload_files_name_index","columns":["name"],"type":null},{"name":"upload_files_size_index","columns":["size"],"type":null},{"name":"upload_files_ext_index","columns":["ext"],"type":null}],"plugin":"upload","globalId":"UploadFile","uid":"plugin::upload.file","modelType":"contentType","kind":"collectionType","__schema__":{"collectionName":"files","info":{"singularName":"file","pluralName":"files","displayName":"File","description":""},"options":{},"pluginOptions":{"content-manager":{"visible":false},"content-type-builder":{"visible":false}},"attributes":{"name":{"type":"string","configurable":false,"required":true},"alternativeText":{"type":"string","configurable":false},"caption":{"type":"string","configurable":false},"width":{"type":"integer","configurable":false},"height":{"type":"integer","configurable":false},"formats":{"type":"json","configurable":false},"hash":{"type":"string","configurable":false,"required":true},"ext":{"type":"string","configurable":false},"mime":{"type":"string","configurable":false,"required":true},"size":{"type":"decimal","configurable":false,"required":true},"url":{"type":"string","configurable":false,"required":true},"previewUrl":{"type":"string","configurable":false},"provider":{"type":"string","configurable":false,"required":true},"provider_metadata":{"type":"json","configurable":false},"related":{"type":"relation","relation":"morphToMany","configurable":false},"folder":{"type":"relation","relation":"manyToOne","target":"plugin::upload.folder","inversedBy":"files","private":true},"folderPath":{"type":"string","minLength":1,"required":true,"private":true,"searchable":false}},"kind":"collectionType"},"modelName":"file"},"plugin::upload.folder":{"collectionName":"upload_folders","info":{"singularName":"folder","pluralName":"folders","displayName":"Folder"},"options":{"draftAndPublish":false},"pluginOptions":{"content-manager":{"visible":false},"content-type-builder":{"visible":false}},"attributes":{"name":{"type":"string","minLength":1,"required":true},"pathId":{"type":"integer","unique":true,"required":true},"parent":{"type":"relation","relation":"manyToOne","target":"plugin::upload.folder","inversedBy":"children"},"children":{"type":"relation","relation":"oneToMany","target":"plugin::upload.folder","mappedBy":"parent"},"files":{"type":"relation","relation":"oneToMany","target":"plugin::upload.file","mappedBy":"folder"},"path":{"type":"string","minLength":1,"required":true},"createdAt":{"type":"datetime"},"updatedAt":{"type":"datetime"},"publishedAt":{"type":"datetime","configurable":false,"writable":true,"visible":false},"createdBy":{"type":"relation","relation":"oneToOne","target":"admin::user","configurable":false,"writable":false,"visible":false,"useJoinTable":false,"private":true},"updatedBy":{"type":"relation","relation":"oneToOne","target":"admin::user","configurable":false,"writable":false,"visible":false,"useJoinTable":false,"private":true},"locale":{"writable":true,"private":true,"configurable":false,"visible":false,"type":"string"},"localizations":{"type":"relation","relation":"oneToMany","target":"plugin::upload.folder","writable":false,"private":true,"configurable":false,"visible":false,"unstable_virtual":true,"joinColumn":{"name":"document_id","referencedColumn":"document_id","referencedTable":"upload_folders"}}},"indexes":[{"name":"upload_folders_path_id_index","columns":["path_id"],"type":"unique"},{"name":"upload_folders_path_index","columns":["path"],"type":"unique"}],"plugin":"upload","globalId":"UploadFolder","uid":"plugin::upload.folder","modelType":"contentType","kind":"collectionType","__schema__":{"collectionName":"upload_folders","info":{"singularName":"folder","pluralName":"folders","displayName":"Folder"},"options":{},"pluginOptions":{"content-manager":{"visible":false},"content-type-builder":{"visible":false}},"attributes":{"name":{"type":"string","minLength":1,"required":true},"pathId":{"type":"integer","unique":true,"required":true},"parent":{"type":"relation","relation":"manyToOne","target":"plugin::upload.folder","inversedBy":"children"},"children":{"type":"relation","relation":"oneToMany","target":"plugin::upload.folder","mappedBy":"parent"},"files":{"type":"relation","relation":"oneToMany","target":"plugin::upload.file","mappedBy":"folder"},"path":{"type":"string","minLength":1,"required":true}},"kind":"collectionType"},"modelName":"folder"},"plugin::i18n.locale":{"info":{"singularName":"locale","pluralName":"locales","collectionName":"locales","displayName":"Locale","description":""},"options":{"draftAndPublish":false},"pluginOptions":{"content-manager":{"visible":false},"content-type-builder":{"visible":false}},"attributes":{"name":{"type":"string","min":1,"max":50,"configurable":false},"code":{"type":"string","unique":true,"configurable":false},"createdAt":{"type":"datetime"},"updatedAt":{"type":"datetime"},"publishedAt":{"type":"datetime","configurable":false,"writable":true,"visible":false},"createdBy":{"type":"relation","relation":"oneToOne","target":"admin::user","configurable":false,"writable":false,"visible":false,"useJoinTable":false,"private":true},"updatedBy":{"type":"relation","relation":"oneToOne","target":"admin::user","configurable":false,"writable":false,"visible":false,"useJoinTable":false,"private":true},"locale":{"writable":true,"private":true,"configurable":false,"visible":false,"type":"string"},"localizations":{"type":"relation","relation":"oneToMany","target":"plugin::i18n.locale","writable":false,"private":true,"configurable":false,"visible":false,"unstable_virtual":true,"joinColumn":{"name":"document_id","referencedColumn":"document_id","referencedTable":"i18n_locale"}}},"plugin":"i18n","collectionName":"i18n_locale","globalId":"I18NLocale","uid":"plugin::i18n.locale","modelType":"contentType","kind":"collectionType","__schema__":{"collectionName":"i18n_locale","info":{"singularName":"locale","pluralName":"locales","collectionName":"locales","displayName":"Locale","description":""},"options":{},"pluginOptions":{"content-manager":{"visible":false},"content-type-builder":{"visible":false}},"attributes":{"name":{"type":"string","min":1,"max":50,"configurable":false},"code":{"type":"string","unique":true,"configurable":false}},"kind":"collectionType"},"modelName":"locale"},"plugin::content-releases.release":{"collectionName":"strapi_releases","info":{"singularName":"release","pluralName":"releases","displayName":"Release"},"options":{"draftAndPublish":false},"pluginOptions":{"content-manager":{"visible":false},"content-type-builder":{"visible":false}},"attributes":{"name":{"type":"string","required":true},"releasedAt":{"type":"datetime"},"scheduledAt":{"type":"datetime"},"timezone":{"type":"string"},"status":{"type":"enumeration","enum":["ready","blocked","failed","done","empty"],"required":true},"actions":{"type":"relation","relation":"oneToMany","target":"plugin::content-releases.release-action","mappedBy":"release"},"createdAt":{"type":"datetime"},"updatedAt":{"type":"datetime"},"publishedAt":{"type":"datetime","configurable":false,"writable":true,"visible":false},"createdBy":{"type":"relation","relation":"oneToOne","target":"admin::user","configurable":false,"writable":false,"visible":false,"useJoinTable":false,"private":true},"updatedBy":{"type":"relation","relation":"oneToOne","target":"admin::user","configurable":false,"writable":false,"visible":false,"useJoinTable":false,"private":true},"locale":{"writable":true,"private":true,"configurable":false,"visible":false,"type":"string"},"localizations":{"type":"relation","relation":"oneToMany","target":"plugin::content-releases.release","writable":false,"private":true,"configurable":false,"visible":false,"unstable_virtual":true,"joinColumn":{"name":"document_id","referencedColumn":"document_id","referencedTable":"strapi_releases"}}},"plugin":"content-releases","globalId":"ContentReleasesRelease","uid":"plugin::content-releases.release","modelType":"contentType","kind":"collectionType","__schema__":{"collectionName":"strapi_releases","info":{"singularName":"release","pluralName":"releases","displayName":"Release"},"options":{"draftAndPublish":false},"pluginOptions":{"content-manager":{"visible":false},"content-type-builder":{"visible":false}},"attributes":{"name":{"type":"string","required":true},"releasedAt":{"type":"datetime"},"scheduledAt":{"type":"datetime"},"timezone":{"type":"string"},"status":{"type":"enumeration","enum":["ready","blocked","failed","done","empty"],"required":true},"actions":{"type":"relation","relation":"oneToMany","target":"plugin::content-releases.release-action","mappedBy":"release"}},"kind":"collectionType"},"modelName":"release"},"plugin::content-releases.release-action":{"collectionName":"strapi_release_actions","info":{"singularName":"release-action","pluralName":"release-actions","displayName":"Release Action"},"options":{"draftAndPublish":false},"pluginOptions":{"content-manager":{"visible":false},"content-type-builder":{"visible":false}},"attributes":{"type":{"type":"enumeration","enum":["publish","unpublish"],"required":true},"contentType":{"type":"string","required":true},"entryDocumentId":{"type":"string"},"locale":{"writable":true,"private":true,"configurable":false,"visible":false,"type":"string"},"release":{"type":"relation","relation":"manyToOne","target":"plugin::content-releases.release","inversedBy":"actions"},"isEntryValid":{"type":"boolean"},"createdAt":{"type":"datetime"},"updatedAt":{"type":"datetime"},"publishedAt":{"type":"datetime","configurable":false,"writable":true,"visible":false},"createdBy":{"type":"relation","relation":"oneToOne","target":"admin::user","configurable":false,"writable":false,"visible":false,"useJoinTable":false,"private":true},"updatedBy":{"type":"relation","relation":"oneToOne","target":"admin::user","configurable":false,"writable":false,"visible":false,"useJoinTable":false,"private":true},"localizations":{"type":"relation","relation":"oneToMany","target":"plugin::content-releases.release-action","writable":false,"private":true,"configurable":false,"visible":false,"unstable_virtual":true,"joinColumn":{"name":"document_id","referencedColumn":"document_id","referencedTable":"strapi_release_actions"}}},"plugin":"content-releases","globalId":"ContentReleasesReleaseAction","uid":"plugin::content-releases.release-action","modelType":"contentType","kind":"collectionType","__schema__":{"collectionName":"strapi_release_actions","info":{"singularName":"release-action","pluralName":"release-actions","displayName":"Release Action"},"options":{"draftAndPublish":false},"pluginOptions":{"content-manager":{"visible":false},"content-type-builder":{"visible":false}},"attributes":{"type":{"type":"enumeration","enum":["publish","unpublish"],"required":true},"contentType":{"type":"string","required":true},"entryDocumentId":{"type":"string"},"locale":{"type":"string"},"release":{"type":"relation","relation":"manyToOne","target":"plugin::content-releases.release","inversedBy":"actions"},"isEntryValid":{"type":"boolean"}},"kind":"collectionType"},"modelName":"release-action"},"plugin::review-workflows.workflow":{"collectionName":"strapi_workflows","info":{"name":"Workflow","description":"","singularName":"workflow","pluralName":"workflows","displayName":"Workflow"},"options":{"draftAndPublish":false},"pluginOptions":{"content-manager":{"visible":false},"content-type-builder":{"visible":false}},"attributes":{"name":{"type":"string","required":true,"unique":true},"stages":{"type":"relation","target":"plugin::review-workflows.workflow-stage","relation":"oneToMany","mappedBy":"workflow"},"stageRequiredToPublish":{"type":"relation","target":"plugin::review-workflows.workflow-stage","relation":"oneToOne","required":false},"contentTypes":{"type":"json","required":true,"default":"[]"},"createdAt":{"type":"datetime"},"updatedAt":{"type":"datetime"},"publishedAt":{"type":"datetime","configurable":false,"writable":true,"visible":false},"createdBy":{"type":"relation","relation":"oneToOne","target":"admin::user","configurable":false,"writable":false,"visible":false,"useJoinTable":false,"private":true},"updatedBy":{"type":"relation","relation":"oneToOne","target":"admin::user","configurable":false,"writable":false,"visible":false,"useJoinTable":false,"private":true},"locale":{"writable":true,"private":true,"configurable":false,"visible":false,"type":"string"},"localizations":{"type":"relation","relation":"oneToMany","target":"plugin::review-workflows.workflow","writable":false,"private":true,"configurable":false,"visible":false,"unstable_virtual":true,"joinColumn":{"name":"document_id","referencedColumn":"document_id","referencedTable":"strapi_workflows"}}},"plugin":"review-workflows","globalId":"ReviewWorkflowsWorkflow","uid":"plugin::review-workflows.workflow","modelType":"contentType","kind":"collectionType","__schema__":{"collectionName":"strapi_workflows","info":{"name":"Workflow","description":"","singularName":"workflow","pluralName":"workflows","displayName":"Workflow"},"options":{},"pluginOptions":{"content-manager":{"visible":false},"content-type-builder":{"visible":false}},"attributes":{"name":{"type":"string","required":true,"unique":true},"stages":{"type":"relation","target":"plugin::review-workflows.workflow-stage","relation":"oneToMany","mappedBy":"workflow"},"stageRequiredToPublish":{"type":"relation","target":"plugin::review-workflows.workflow-stage","relation":"oneToOne","required":false},"contentTypes":{"type":"json","required":true,"default":"[]"}},"kind":"collectionType"},"modelName":"workflow"},"plugin::review-workflows.workflow-stage":{"collectionName":"strapi_workflows_stages","info":{"name":"Workflow Stage","description":"","singularName":"workflow-stage","pluralName":"workflow-stages","displayName":"Stages"},"options":{"version":"1.1.0","draftAndPublish":false},"pluginOptions":{"content-manager":{"visible":false},"content-type-builder":{"visible":false}},"attributes":{"name":{"type":"string","configurable":false},"color":{"type":"string","configurable":false,"default":"#4945FF"},"workflow":{"type":"relation","target":"plugin::review-workflows.workflow","relation":"manyToOne","inversedBy":"stages","configurable":false},"permissions":{"type":"relation","target":"admin::permission","relation":"manyToMany","configurable":false},"createdAt":{"type":"datetime"},"updatedAt":{"type":"datetime"},"publishedAt":{"type":"datetime","configurable":false,"writable":true,"visible":false},"createdBy":{"type":"relation","relation":"oneToOne","target":"admin::user","configurable":false,"writable":false,"visible":false,"useJoinTable":false,"private":true},"updatedBy":{"type":"relation","relation":"oneToOne","target":"admin::user","configurable":false,"writable":false,"visible":false,"useJoinTable":false,"private":true},"locale":{"writable":true,"private":true,"configurable":false,"visible":false,"type":"string"},"localizations":{"type":"relation","relation":"oneToMany","target":"plugin::review-workflows.workflow-stage","writable":false,"private":true,"configurable":false,"visible":false,"unstable_virtual":true,"joinColumn":{"name":"document_id","referencedColumn":"document_id","referencedTable":"strapi_workflows_stages"}}},"plugin":"review-workflows","globalId":"ReviewWorkflowsWorkflowStage","uid":"plugin::review-workflows.workflow-stage","modelType":"contentType","kind":"collectionType","__schema__":{"collectionName":"strapi_workflows_stages","info":{"name":"Workflow Stage","description":"","singularName":"workflow-stage","pluralName":"workflow-stages","displayName":"Stages"},"options":{"version":"1.1.0"},"pluginOptions":{"content-manager":{"visible":false},"content-type-builder":{"visible":false}},"attributes":{"name":{"type":"string","configurable":false},"color":{"type":"string","configurable":false,"default":"#4945FF"},"workflow":{"type":"relation","target":"plugin::review-workflows.workflow","relation":"manyToOne","inversedBy":"stages","configurable":false},"permissions":{"type":"relation","target":"admin::permission","relation":"manyToMany","configurable":false}},"kind":"collectionType"},"modelName":"workflow-stage"},"plugin::users-permissions.permission":{"collectionName":"up_permissions","info":{"name":"permission","description":"","singularName":"permission","pluralName":"permissions","displayName":"Permission"},"pluginOptions":{"content-manager":{"visible":false},"content-type-builder":{"visible":false}},"attributes":{"action":{"type":"string","required":true,"configurable":false},"role":{"type":"relation","relation":"manyToOne","target":"plugin::users-permissions.role","inversedBy":"permissions","configurable":false},"createdAt":{"type":"datetime"},"updatedAt":{"type":"datetime"},"publishedAt":{"type":"datetime","configurable":false,"writable":true,"visible":false},"createdBy":{"type":"relation","relation":"oneToOne","target":"admin::user","configurable":false,"writable":false,"visible":false,"useJoinTable":false,"private":true},"updatedBy":{"type":"relation","relation":"oneToOne","target":"admin::user","configurable":false,"writable":false,"visible":false,"useJoinTable":false,"private":true},"locale":{"writable":true,"private":true,"configurable":false,"visible":false,"type":"string"},"localizations":{"type":"relation","relation":"oneToMany","target":"plugin::users-permissions.permission","writable":false,"private":true,"configurable":false,"visible":false,"unstable_virtual":true,"joinColumn":{"name":"document_id","referencedColumn":"document_id","referencedTable":"up_permissions"}}},"plugin":"users-permissions","globalId":"UsersPermissionsPermission","uid":"plugin::users-permissions.permission","modelType":"contentType","kind":"collectionType","__schema__":{"collectionName":"up_permissions","info":{"name":"permission","description":"","singularName":"permission","pluralName":"permissions","displayName":"Permission"},"pluginOptions":{"content-manager":{"visible":false},"content-type-builder":{"visible":false}},"attributes":{"action":{"type":"string","required":true,"configurable":false},"role":{"type":"relation","relation":"manyToOne","target":"plugin::users-permissions.role","inversedBy":"permissions","configurable":false}},"kind":"collectionType"},"modelName":"permission","options":{"draftAndPublish":false}},"plugin::users-permissions.role":{"collectionName":"up_roles","info":{"name":"role","description":"","singularName":"role","pluralName":"roles","displayName":"Role"},"pluginOptions":{"content-manager":{"visible":false},"content-type-builder":{"visible":false}},"attributes":{"name":{"type":"string","minLength":3,"required":true,"configurable":false},"description":{"type":"string","configurable":false},"type":{"type":"string","unique":true,"configurable":false},"permissions":{"type":"relation","relation":"oneToMany","target":"plugin::users-permissions.permission","mappedBy":"role","configurable":false},"users":{"type":"relation","relation":"oneToMany","target":"plugin::users-permissions.user","mappedBy":"role","configurable":false},"createdAt":{"type":"datetime"},"updatedAt":{"type":"datetime"},"publishedAt":{"type":"datetime","configurable":false,"writable":true,"visible":false},"createdBy":{"type":"relation","relation":"oneToOne","target":"admin::user","configurable":false,"writable":false,"visible":false,"useJoinTable":false,"private":true},"updatedBy":{"type":"relation","relation":"oneToOne","target":"admin::user","configurable":false,"writable":false,"visible":false,"useJoinTable":false,"private":true},"locale":{"writable":true,"private":true,"configurable":false,"visible":false,"type":"string"},"localizations":{"type":"relation","relation":"oneToMany","target":"plugin::users-permissions.role","writable":false,"private":true,"configurable":false,"visible":false,"unstable_virtual":true,"joinColumn":{"name":"document_id","referencedColumn":"document_id","referencedTable":"up_roles"}}},"plugin":"users-permissions","globalId":"UsersPermissionsRole","uid":"plugin::users-permissions.role","modelType":"contentType","kind":"collectionType","__schema__":{"collectionName":"up_roles","info":{"name":"role","description":"","singularName":"role","pluralName":"roles","displayName":"Role"},"pluginOptions":{"content-manager":{"visible":false},"content-type-builder":{"visible":false}},"attributes":{"name":{"type":"string","minLength":3,"required":true,"configurable":false},"description":{"type":"string","configurable":false},"type":{"type":"string","unique":true,"configurable":false},"permissions":{"type":"relation","relation":"oneToMany","target":"plugin::users-permissions.permission","mappedBy":"role","configurable":false},"users":{"type":"relation","relation":"oneToMany","target":"plugin::users-permissions.user","mappedBy":"role","configurable":false}},"kind":"collectionType"},"modelName":"role","options":{"draftAndPublish":false}},"plugin::users-permissions.user":{"collectionName":"up_users","info":{"name":"user","description":"","singularName":"user","pluralName":"users","displayName":"User"},"options":{"timestamps":true,"draftAndPublish":false},"attributes":{"username":{"type":"string","minLength":3,"unique":true,"configurable":false,"required":true},"email":{"type":"email","minLength":6,"configurable":false,"required":true},"provider":{"type":"string","configurable":false},"password":{"type":"password","minLength":6,"configurable":false,"private":true,"searchable":false},"resetPasswordToken":{"type":"string","configurable":false,"private":true,"searchable":false},"confirmationToken":{"type":"string","configurable":false,"private":true,"searchable":false},"confirmed":{"type":"boolean","default":false,"configurable":false},"blocked":{"type":"boolean","default":false,"configurable":false},"role":{"type":"relation","relation":"manyToOne","target":"plugin::users-permissions.role","inversedBy":"users","configurable":false},"createdAt":{"type":"datetime"},"updatedAt":{"type":"datetime"},"publishedAt":{"type":"datetime","configurable":false,"writable":true,"visible":false},"createdBy":{"type":"relation","relation":"oneToOne","target":"admin::user","configurable":false,"writable":false,"visible":false,"useJoinTable":false,"private":true},"updatedBy":{"type":"relation","relation":"oneToOne","target":"admin::user","configurable":false,"writable":false,"visible":false,"useJoinTable":false,"private":true},"locale":{"writable":true,"private":true,"configurable":false,"visible":false,"type":"string"},"localizations":{"type":"relation","relation":"oneToMany","target":"plugin::users-permissions.user","writable":false,"private":true,"configurable":false,"visible":false,"unstable_virtual":true,"joinColumn":{"name":"document_id","referencedColumn":"document_id","referencedTable":"up_users"}}},"config":{"attributes":{"resetPasswordToken":{"hidden":true},"confirmationToken":{"hidden":true},"provider":{"hidden":true}}},"plugin":"users-permissions","globalId":"UsersPermissionsUser","uid":"plugin::users-permissions.user","modelType":"contentType","kind":"collectionType","__schema__":{"collectionName":"up_users","info":{"name":"user","description":"","singularName":"user","pluralName":"users","displayName":"User"},"options":{"timestamps":true},"attributes":{"username":{"type":"string","minLength":3,"unique":true,"configurable":false,"required":true},"email":{"type":"email","minLength":6,"configurable":false,"required":true},"provider":{"type":"string","configurable":false},"password":{"type":"password","minLength":6,"configurable":false,"private":true,"searchable":false},"resetPasswordToken":{"type":"string","configurable":false,"private":true,"searchable":false},"confirmationToken":{"type":"string","configurable":false,"private":true,"searchable":false},"confirmed":{"type":"boolean","default":false,"configurable":false},"blocked":{"type":"boolean","default":false,"configurable":false},"role":{"type":"relation","relation":"manyToOne","target":"plugin::users-permissions.role","inversedBy":"users","configurable":false}},"kind":"collectionType"},"modelName":"user"},"api::about.about":{"kind":"singleType","collectionName":"abouts","info":{"singularName":"about","pluralName":"abouts","displayName":"About","description":"Write about yourself and the content you create"},"options":{"draftAndPublish":false},"pluginOptions":{},"attributes":{"title":{"type":"string"},"blocks":{"type":"dynamiczone","components":["shared.media","shared.quote","shared.rich-text","shared.slider"]},"createdAt":{"type":"datetime"},"updatedAt":{"type":"datetime"},"publishedAt":{"type":"datetime","configurable":false,"writable":true,"visible":false},"createdBy":{"type":"relation","relation":"oneToOne","target":"admin::user","configurable":false,"writable":false,"visible":false,"useJoinTable":false,"private":true},"updatedBy":{"type":"relation","relation":"oneToOne","target":"admin::user","configurable":false,"writable":false,"visible":false,"useJoinTable":false,"private":true},"locale":{"writable":true,"private":true,"configurable":false,"visible":false,"type":"string"},"localizations":{"type":"relation","relation":"oneToMany","target":"api::about.about","writable":false,"private":true,"configurable":false,"visible":false,"unstable_virtual":true,"joinColumn":{"name":"document_id","referencedColumn":"document_id","referencedTable":"abouts"}}},"apiName":"about","globalId":"About","uid":"api::about.about","modelType":"contentType","__schema__":{"collectionName":"abouts","info":{"singularName":"about","pluralName":"abouts","displayName":"About","description":"Write about yourself and the content you create"},"options":{"draftAndPublish":false},"pluginOptions":{},"attributes":{"title":{"type":"string"},"blocks":{"type":"dynamiczone","components":["shared.media","shared.quote","shared.rich-text","shared.slider"]}},"kind":"singleType"},"modelName":"about","actions":{},"lifecycles":{}},"api::article.article":{"kind":"collectionType","collectionName":"articles","info":{"singularName":"article","pluralName":"articles","displayName":"Article","description":"Create your blog content"},"options":{"draftAndPublish":true},"pluginOptions":{},"attributes":{"title":{"type":"string"},"description":{"type":"text","maxLength":80},"slug":{"type":"uid","targetField":"title"},"cover":{"type":"media","multiple":false,"required":false,"allowedTypes":["images","files","videos"]},"author":{"type":"relation","relation":"manyToOne","target":"api::author.author","inversedBy":"articles"},"category":{"type":"relation","relation":"manyToOne","target":"api::category.category","inversedBy":"articles"},"blocks":{"type":"dynamiczone","components":["shared.media","shared.quote","shared.rich-text","shared.slider"]},"createdAt":{"type":"datetime"},"updatedAt":{"type":"datetime"},"publishedAt":{"type":"datetime","configurable":false,"writable":true,"visible":false},"createdBy":{"type":"relation","relation":"oneToOne","target":"admin::user","configurable":false,"writable":false,"visible":false,"useJoinTable":false,"private":true},"updatedBy":{"type":"relation","relation":"oneToOne","target":"admin::user","configurable":false,"writable":false,"visible":false,"useJoinTable":false,"private":true},"locale":{"writable":true,"private":true,"configurable":false,"visible":false,"type":"string"},"localizations":{"type":"relation","relation":"oneToMany","target":"api::article.article","writable":false,"private":true,"configurable":false,"visible":false,"unstable_virtual":true,"joinColumn":{"name":"document_id","referencedColumn":"document_id","referencedTable":"articles"}}},"apiName":"article","globalId":"Article","uid":"api::article.article","modelType":"contentType","__schema__":{"collectionName":"articles","info":{"singularName":"article","pluralName":"articles","displayName":"Article","description":"Create your blog content"},"options":{"draftAndPublish":true},"pluginOptions":{},"attributes":{"title":{"type":"string"},"description":{"type":"text","maxLength":80},"slug":{"type":"uid","targetField":"title"},"cover":{"type":"media","multiple":false,"required":false,"allowedTypes":["images","files","videos"]},"author":{"type":"relation","relation":"manyToOne","target":"api::author.author","inversedBy":"articles"},"category":{"type":"relation","relation":"manyToOne","target":"api::category.category","inversedBy":"articles"},"blocks":{"type":"dynamiczone","components":["shared.media","shared.quote","shared.rich-text","shared.slider"]}},"kind":"collectionType"},"modelName":"article","actions":{},"lifecycles":{}},"api::audio-visual-service.audio-visual-service":{"kind":"collectionType","collectionName":"audio_visual_services","info":{"singularName":"audio-visual-service","pluralName":"audio-visual-services","displayName":"Audio Visual Service"},"options":{"draftAndPublish":true},"attributes":{"title":{"type":"string"},"Blocks":{"type":"dynamiczone","components":["shared.table","shared.paragraph","shared.media","shared.content-component"]},"createdAt":{"type":"datetime"},"updatedAt":{"type":"datetime"},"publishedAt":{"type":"datetime","configurable":false,"writable":true,"visible":false},"createdBy":{"type":"relation","relation":"oneToOne","target":"admin::user","configurable":false,"writable":false,"visible":false,"useJoinTable":false,"private":true},"updatedBy":{"type":"relation","relation":"oneToOne","target":"admin::user","configurable":false,"writable":false,"visible":false,"useJoinTable":false,"private":true},"locale":{"writable":true,"private":true,"configurable":false,"visible":false,"type":"string"},"localizations":{"type":"relation","relation":"oneToMany","target":"api::audio-visual-service.audio-visual-service","writable":false,"private":true,"configurable":false,"visible":false,"unstable_virtual":true,"joinColumn":{"name":"document_id","referencedColumn":"document_id","referencedTable":"audio_visual_services"}}},"apiName":"audio-visual-service","globalId":"AudioVisualService","uid":"api::audio-visual-service.audio-visual-service","modelType":"contentType","__schema__":{"collectionName":"audio_visual_services","info":{"singularName":"audio-visual-service","pluralName":"audio-visual-services","displayName":"Audio Visual Service"},"options":{"draftAndPublish":true},"attributes":{"title":{"type":"string"},"Blocks":{"type":"dynamiczone","components":["shared.table","shared.paragraph","shared.media","shared.content-component"]}},"kind":"collectionType"},"modelName":"audio-visual-service","actions":{},"lifecycles":{}},"api::author.author":{"kind":"collectionType","collectionName":"authors","info":{"singularName":"author","pluralName":"authors","displayName":"Author","description":"Create authors for your content"},"options":{"draftAndPublish":false},"pluginOptions":{},"attributes":{"name":{"type":"string"},"avatar":{"type":"media","multiple":false,"required":false,"allowedTypes":["images","files","videos"]},"email":{"type":"string"},"articles":{"type":"relation","relation":"oneToMany","target":"api::article.article","mappedBy":"author"},"createdAt":{"type":"datetime"},"updatedAt":{"type":"datetime"},"publishedAt":{"type":"datetime","configurable":false,"writable":true,"visible":false},"createdBy":{"type":"relation","relation":"oneToOne","target":"admin::user","configurable":false,"writable":false,"visible":false,"useJoinTable":false,"private":true},"updatedBy":{"type":"relation","relation":"oneToOne","target":"admin::user","configurable":false,"writable":false,"visible":false,"useJoinTable":false,"private":true},"locale":{"writable":true,"private":true,"configurable":false,"visible":false,"type":"string"},"localizations":{"type":"relation","relation":"oneToMany","target":"api::author.author","writable":false,"private":true,"configurable":false,"visible":false,"unstable_virtual":true,"joinColumn":{"name":"document_id","referencedColumn":"document_id","referencedTable":"authors"}}},"apiName":"author","globalId":"Author","uid":"api::author.author","modelType":"contentType","__schema__":{"collectionName":"authors","info":{"singularName":"author","pluralName":"authors","displayName":"Author","description":"Create authors for your content"},"options":{"draftAndPublish":false},"pluginOptions":{},"attributes":{"name":{"type":"string"},"avatar":{"type":"media","multiple":false,"required":false,"allowedTypes":["images","files","videos"]},"email":{"type":"string"},"articles":{"type":"relation","relation":"oneToMany","target":"api::article.article","mappedBy":"author"}},"kind":"collectionType"},"modelName":"author","actions":{},"lifecycles":{}},"api::banner.banner":{"kind":"collectionType","collectionName":"banners","info":{"singularName":"banner","pluralName":"banners","displayName":"All Services","description":""},"options":{"draftAndPublish":true},"attributes":{"Media":{"type":"component","repeatable":true,"component":"shared.media-block"},"createdAt":{"type":"datetime"},"updatedAt":{"type":"datetime"},"publishedAt":{"type":"datetime","configurable":false,"writable":true,"visible":false},"createdBy":{"type":"relation","relation":"oneToOne","target":"admin::user","configurable":false,"writable":false,"visible":false,"useJoinTable":false,"private":true},"updatedBy":{"type":"relation","relation":"oneToOne","target":"admin::user","configurable":false,"writable":false,"visible":false,"useJoinTable":false,"private":true},"locale":{"writable":true,"private":true,"configurable":false,"visible":false,"type":"string"},"localizations":{"type":"relation","relation":"oneToMany","target":"api::banner.banner","writable":false,"private":true,"configurable":false,"visible":false,"unstable_virtual":true,"joinColumn":{"name":"document_id","referencedColumn":"document_id","referencedTable":"banners"}}},"apiName":"banner","globalId":"Banner","uid":"api::banner.banner","modelType":"contentType","__schema__":{"collectionName":"banners","info":{"singularName":"banner","pluralName":"banners","displayName":"All Services","description":""},"options":{"draftAndPublish":true},"attributes":{"Media":{"type":"component","repeatable":true,"component":"shared.media-block"}},"kind":"collectionType"},"modelName":"banner","actions":{},"lifecycles":{}},"api::category.category":{"kind":"collectionType","collectionName":"categories","info":{"singularName":"category","pluralName":"categories","displayName":"Category","description":"Organize your content into categories"},"options":{"draftAndPublish":false},"pluginOptions":{},"attributes":{"name":{"type":"string"},"slug":{"type":"uid"},"articles":{"type":"relation","relation":"oneToMany","target":"api::article.article","mappedBy":"category"},"description":{"type":"text"},"createdAt":{"type":"datetime"},"updatedAt":{"type":"datetime"},"publishedAt":{"type":"datetime","configurable":false,"writable":true,"visible":false},"createdBy":{"type":"relation","relation":"oneToOne","target":"admin::user","configurable":false,"writable":false,"visible":false,"useJoinTable":false,"private":true},"updatedBy":{"type":"relation","relation":"oneToOne","target":"admin::user","configurable":false,"writable":false,"visible":false,"useJoinTable":false,"private":true},"locale":{"writable":true,"private":true,"configurable":false,"visible":false,"type":"string"},"localizations":{"type":"relation","relation":"oneToMany","target":"api::category.category","writable":false,"private":true,"configurable":false,"visible":false,"unstable_virtual":true,"joinColumn":{"name":"document_id","referencedColumn":"document_id","referencedTable":"categories"}}},"apiName":"category","globalId":"Category","uid":"api::category.category","modelType":"contentType","__schema__":{"collectionName":"categories","info":{"singularName":"category","pluralName":"categories","displayName":"Category","description":"Organize your content into categories"},"options":{"draftAndPublish":false},"pluginOptions":{},"attributes":{"name":{"type":"string"},"slug":{"type":"uid"},"articles":{"type":"relation","relation":"oneToMany","target":"api::article.article","mappedBy":"category"},"description":{"type":"text"}},"kind":"collectionType"},"modelName":"category","actions":{},"lifecycles":{}},"api::content-writing-service.content-writing-service":{"kind":"collectionType","collectionName":"content_writing_services","info":{"singularName":"content-writing-service","pluralName":"content-writing-services","displayName":"Content Writing Service","description":""},"options":{"draftAndPublish":true},"attributes":{"title":{"type":"string"},"Blocks":{"type":"dynamiczone","components":["shared.table","shared.paragraph","shared.media","shared.content-component"]},"createdAt":{"type":"datetime"},"updatedAt":{"type":"datetime"},"publishedAt":{"type":"datetime","configurable":false,"writable":true,"visible":false},"createdBy":{"type":"relation","relation":"oneToOne","target":"admin::user","configurable":false,"writable":false,"visible":false,"useJoinTable":false,"private":true},"updatedBy":{"type":"relation","relation":"oneToOne","target":"admin::user","configurable":false,"writable":false,"visible":false,"useJoinTable":false,"private":true},"locale":{"writable":true,"private":true,"configurable":false,"visible":false,"type":"string"},"localizations":{"type":"relation","relation":"oneToMany","target":"api::content-writing-service.content-writing-service","writable":false,"private":true,"configurable":false,"visible":false,"unstable_virtual":true,"joinColumn":{"name":"document_id","referencedColumn":"document_id","referencedTable":"content_writing_services"}}},"apiName":"content-writing-service","globalId":"ContentWritingService","uid":"api::content-writing-service.content-writing-service","modelType":"contentType","__schema__":{"collectionName":"content_writing_services","info":{"singularName":"content-writing-service","pluralName":"content-writing-services","displayName":"Content Writing Service","description":""},"options":{"draftAndPublish":true},"attributes":{"title":{"type":"string"},"Blocks":{"type":"dynamiczone","components":["shared.table","shared.paragraph","shared.media","shared.content-component"]}},"kind":"collectionType"},"modelName":"content-writing-service","actions":{},"lifecycles":{}},"api::dtp-service.dtp-service":{"kind":"collectionType","collectionName":"dtp_services","info":{"singularName":"dtp-service","pluralName":"dtp-services","displayName":"DTP Service","description":""},"options":{"draftAndPublish":true},"attributes":{"Title":{"type":"string"},"Blocks":{"type":"dynamiczone","components":["shared.media","shared.table","shared.paragraph"]},"createdAt":{"type":"datetime"},"updatedAt":{"type":"datetime"},"publishedAt":{"type":"datetime","configurable":false,"writable":true,"visible":false},"createdBy":{"type":"relation","relation":"oneToOne","target":"admin::user","configurable":false,"writable":false,"visible":false,"useJoinTable":false,"private":true},"updatedBy":{"type":"relation","relation":"oneToOne","target":"admin::user","configurable":false,"writable":false,"visible":false,"useJoinTable":false,"private":true},"locale":{"writable":true,"private":true,"configurable":false,"visible":false,"type":"string"},"localizations":{"type":"relation","relation":"oneToMany","target":"api::dtp-service.dtp-service","writable":false,"private":true,"configurable":false,"visible":false,"unstable_virtual":true,"joinColumn":{"name":"document_id","referencedColumn":"document_id","referencedTable":"dtp_services"}}},"apiName":"dtp-service","globalId":"DtpService","uid":"api::dtp-service.dtp-service","modelType":"contentType","__schema__":{"collectionName":"dtp_services","info":{"singularName":"dtp-service","pluralName":"dtp-services","displayName":"DTP Service","description":""},"options":{"draftAndPublish":true},"attributes":{"Title":{"type":"string"},"Blocks":{"type":"dynamiczone","components":["shared.media","shared.table","shared.paragraph"]}},"kind":"collectionType"},"modelName":"dtp-service","actions":{},"lifecycles":{}},"api::english-translation-service.english-translation-service":{"kind":"collectionType","collectionName":"english_translation_services","info":{"singularName":"english-translation-service","pluralName":"english-translation-services","displayName":"English Translation service","description":""},"options":{"draftAndPublish":true},"attributes":{"Blocks":{"type":"dynamiczone","components":["shared.table","shared.paragraph","shared.media"]},"title":{"type":"string"},"createdAt":{"type":"datetime"},"updatedAt":{"type":"datetime"},"publishedAt":{"type":"datetime","configurable":false,"writable":true,"visible":false},"createdBy":{"type":"relation","relation":"oneToOne","target":"admin::user","configurable":false,"writable":false,"visible":false,"useJoinTable":false,"private":true},"updatedBy":{"type":"relation","relation":"oneToOne","target":"admin::user","configurable":false,"writable":false,"visible":false,"useJoinTable":false,"private":true},"locale":{"writable":true,"private":true,"configurable":false,"visible":false,"type":"string"},"localizations":{"type":"relation","relation":"oneToMany","target":"api::english-translation-service.english-translation-service","writable":false,"private":true,"configurable":false,"visible":false,"unstable_virtual":true,"joinColumn":{"name":"document_id","referencedColumn":"document_id","referencedTable":"english_translation_services"}}},"apiName":"english-translation-service","globalId":"EnglishTranslationService","uid":"api::english-translation-service.english-translation-service","modelType":"contentType","__schema__":{"collectionName":"english_translation_services","info":{"singularName":"english-translation-service","pluralName":"english-translation-services","displayName":"English Translation service","description":""},"options":{"draftAndPublish":true},"attributes":{"Blocks":{"type":"dynamiczone","components":["shared.table","shared.paragraph","shared.media"]},"title":{"type":"string"}},"kind":"collectionType"},"modelName":"english-translation-service","actions":{},"lifecycles":{}},"api::global.global":{"kind":"singleType","collectionName":"globals","info":{"singularName":"global","pluralName":"globals","displayName":"Global","description":"Define global settings"},"options":{"draftAndPublish":false},"pluginOptions":{},"attributes":{"siteName":{"type":"string","required":true},"favicon":{"type":"media","multiple":false,"required":false,"allowedTypes":["images","files","videos"]},"siteDescription":{"type":"text","required":true},"defaultSeo":{"type":"component","repeatable":false,"component":"shared.seo"},"createdAt":{"type":"datetime"},"updatedAt":{"type":"datetime"},"publishedAt":{"type":"datetime","configurable":false,"writable":true,"visible":false},"createdBy":{"type":"relation","relation":"oneToOne","target":"admin::user","configurable":false,"writable":false,"visible":false,"useJoinTable":false,"private":true},"updatedBy":{"type":"relation","relation":"oneToOne","target":"admin::user","configurable":false,"writable":false,"visible":false,"useJoinTable":false,"private":true},"locale":{"writable":true,"private":true,"configurable":false,"visible":false,"type":"string"},"localizations":{"type":"relation","relation":"oneToMany","target":"api::global.global","writable":false,"private":true,"configurable":false,"visible":false,"unstable_virtual":true,"joinColumn":{"name":"document_id","referencedColumn":"document_id","referencedTable":"globals"}}},"apiName":"global","globalId":"Global","uid":"api::global.global","modelType":"contentType","__schema__":{"collectionName":"globals","info":{"singularName":"global","pluralName":"globals","displayName":"Global","description":"Define global settings"},"options":{"draftAndPublish":false},"pluginOptions":{},"attributes":{"siteName":{"type":"string","required":true},"favicon":{"type":"media","multiple":false,"required":false,"allowedTypes":["images","files","videos"]},"siteDescription":{"type":"text","required":true},"defaultSeo":{"type":"component","repeatable":false,"component":"shared.seo"}},"kind":"singleType"},"modelName":"global","actions":{},"lifecycles":{}},"api::interpretation-service.interpretation-service":{"kind":"collectionType","collectionName":"interpretation_services","info":{"singularName":"interpretation-service","pluralName":"interpretation-services","displayName":"Interpretation Service"},"options":{"draftAndPublish":true},"attributes":{"title":{"type":"string"},"Blocks":{"type":"dynamiczone","components":["shared.table","shared.paragraph","shared.media","shared.content-component"]},"createdAt":{"type":"datetime"},"updatedAt":{"type":"datetime"},"publishedAt":{"type":"datetime","configurable":false,"writable":true,"visible":false},"createdBy":{"type":"relation","relation":"oneToOne","target":"admin::user","configurable":false,"writable":false,"visible":false,"useJoinTable":false,"private":true},"updatedBy":{"type":"relation","relation":"oneToOne","target":"admin::user","configurable":false,"writable":false,"visible":false,"useJoinTable":false,"private":true},"locale":{"writable":true,"private":true,"configurable":false,"visible":false,"type":"string"},"localizations":{"type":"relation","relation":"oneToMany","target":"api::interpretation-service.interpretation-service","writable":false,"private":true,"configurable":false,"visible":false,"unstable_virtual":true,"joinColumn":{"name":"document_id","referencedColumn":"document_id","referencedTable":"interpretation_services"}}},"apiName":"interpretation-service","globalId":"InterpretationService","uid":"api::interpretation-service.interpretation-service","modelType":"contentType","__schema__":{"collectionName":"interpretation_services","info":{"singularName":"interpretation-service","pluralName":"interpretation-services","displayName":"Interpretation Service"},"options":{"draftAndPublish":true},"attributes":{"title":{"type":"string"},"Blocks":{"type":"dynamiczone","components":["shared.table","shared.paragraph","shared.media","shared.content-component"]}},"kind":"collectionType"},"modelName":"interpretation-service","actions":{},"lifecycles":{}},"api::localization-service.localization-service":{"kind":"collectionType","collectionName":"localization_services","info":{"singularName":"localization-service","pluralName":"localization-services","displayName":"Localization Service"},"options":{"draftAndPublish":true},"attributes":{"title":{"type":"string"},"Blocks":{"type":"dynamiczone","components":["shared.table","shared.paragraph","shared.media","shared.content-component"]},"createdAt":{"type":"datetime"},"updatedAt":{"type":"datetime"},"publishedAt":{"type":"datetime","configurable":false,"writable":true,"visible":false},"createdBy":{"type":"relation","relation":"oneToOne","target":"admin::user","configurable":false,"writable":false,"visible":false,"useJoinTable":false,"private":true},"updatedBy":{"type":"relation","relation":"oneToOne","target":"admin::user","configurable":false,"writable":false,"visible":false,"useJoinTable":false,"private":true},"locale":{"writable":true,"private":true,"configurable":false,"visible":false,"type":"string"},"localizations":{"type":"relation","relation":"oneToMany","target":"api::localization-service.localization-service","writable":false,"private":true,"configurable":false,"visible":false,"unstable_virtual":true,"joinColumn":{"name":"document_id","referencedColumn":"document_id","referencedTable":"localization_services"}}},"apiName":"localization-service","globalId":"LocalizationService","uid":"api::localization-service.localization-service","modelType":"contentType","__schema__":{"collectionName":"localization_services","info":{"singularName":"localization-service","pluralName":"localization-services","displayName":"Localization Service"},"options":{"draftAndPublish":true},"attributes":{"title":{"type":"string"},"Blocks":{"type":"dynamiczone","components":["shared.table","shared.paragraph","shared.media","shared.content-component"]}},"kind":"collectionType"},"modelName":"localization-service","actions":{},"lifecycles":{}},"api::project-service.project-service":{"kind":"collectionType","collectionName":"project_services","info":{"singularName":"project-service","pluralName":"project-services","displayName":"Project Service"},"options":{"draftAndPublish":true},"attributes":{"title":{"type":"string"},"Blocks":{"type":"dynamiczone","components":["shared.table","shared.paragraph","shared.media","shared.content-component"]},"createdAt":{"type":"datetime"},"updatedAt":{"type":"datetime"},"publishedAt":{"type":"datetime","configurable":false,"writable":true,"visible":false},"createdBy":{"type":"relation","relation":"oneToOne","target":"admin::user","configurable":false,"writable":false,"visible":false,"useJoinTable":false,"private":true},"updatedBy":{"type":"relation","relation":"oneToOne","target":"admin::user","configurable":false,"writable":false,"visible":false,"useJoinTable":false,"private":true},"locale":{"writable":true,"private":true,"configurable":false,"visible":false,"type":"string"},"localizations":{"type":"relation","relation":"oneToMany","target":"api::project-service.project-service","writable":false,"private":true,"configurable":false,"visible":false,"unstable_virtual":true,"joinColumn":{"name":"document_id","referencedColumn":"document_id","referencedTable":"project_services"}}},"apiName":"project-service","globalId":"ProjectService","uid":"api::project-service.project-service","modelType":"contentType","__schema__":{"collectionName":"project_services","info":{"singularName":"project-service","pluralName":"project-services","displayName":"Project Service"},"options":{"draftAndPublish":true},"attributes":{"title":{"type":"string"},"Blocks":{"type":"dynamiczone","components":["shared.table","shared.paragraph","shared.media","shared.content-component"]}},"kind":"collectionType"},"modelName":"project-service","actions":{},"lifecycles":{}},"api::proof-reading-service.proof-reading-service":{"kind":"collectionType","collectionName":"proof_reading_services","info":{"singularName":"proof-reading-service","pluralName":"proof-reading-services","displayName":"Proof Reading Service"},"options":{"draftAndPublish":true},"attributes":{"title":{"type":"string"},"Blocks":{"type":"dynamiczone","components":["shared.table","shared.paragraph","shared.media","shared.content-component"]},"createdAt":{"type":"datetime"},"updatedAt":{"type":"datetime"},"publishedAt":{"type":"datetime","configurable":false,"writable":true,"visible":false},"createdBy":{"type":"relation","relation":"oneToOne","target":"admin::user","configurable":false,"writable":false,"visible":false,"useJoinTable":false,"private":true},"updatedBy":{"type":"relation","relation":"oneToOne","target":"admin::user","configurable":false,"writable":false,"visible":false,"useJoinTable":false,"private":true},"locale":{"writable":true,"private":true,"configurable":false,"visible":false,"type":"string"},"localizations":{"type":"relation","relation":"oneToMany","target":"api::proof-reading-service.proof-reading-service","writable":false,"private":true,"configurable":false,"visible":false,"unstable_virtual":true,"joinColumn":{"name":"document_id","referencedColumn":"document_id","referencedTable":"proof_reading_services"}}},"apiName":"proof-reading-service","globalId":"ProofReadingService","uid":"api::proof-reading-service.proof-reading-service","modelType":"contentType","__schema__":{"collectionName":"proof_reading_services","info":{"singularName":"proof-reading-service","pluralName":"proof-reading-services","displayName":"Proof Reading Service"},"options":{"draftAndPublish":true},"attributes":{"title":{"type":"string"},"Blocks":{"type":"dynamiczone","components":["shared.table","shared.paragraph","shared.media","shared.content-component"]}},"kind":"collectionType"},"modelName":"proof-reading-service","actions":{},"lifecycles":{}},"api::translation-service.translation-service":{"kind":"collectionType","collectionName":"translation_services","info":{"singularName":"translation-service","pluralName":"translation-services","displayName":"Translation Service"},"options":{"draftAndPublish":true},"attributes":{"title":{"type":"string"},"Blocks":{"type":"dynamiczone","components":["shared.table","shared.paragraph","shared.media","shared.content-component"]},"createdAt":{"type":"datetime"},"updatedAt":{"type":"datetime"},"publishedAt":{"type":"datetime","configurable":false,"writable":true,"visible":false},"createdBy":{"type":"relation","relation":"oneToOne","target":"admin::user","configurable":false,"writable":false,"visible":false,"useJoinTable":false,"private":true},"updatedBy":{"type":"relation","relation":"oneToOne","target":"admin::user","configurable":false,"writable":false,"visible":false,"useJoinTable":false,"private":true},"locale":{"writable":true,"private":true,"configurable":false,"visible":false,"type":"string"},"localizations":{"type":"relation","relation":"oneToMany","target":"api::translation-service.translation-service","writable":false,"private":true,"configurable":false,"visible":false,"unstable_virtual":true,"joinColumn":{"name":"document_id","referencedColumn":"document_id","referencedTable":"translation_services"}}},"apiName":"translation-service","globalId":"TranslationService","uid":"api::translation-service.translation-service","modelType":"contentType","__schema__":{"collectionName":"translation_services","info":{"singularName":"translation-service","pluralName":"translation-services","displayName":"Translation Service"},"options":{"draftAndPublish":true},"attributes":{"title":{"type":"string"},"Blocks":{"type":"dynamiczone","components":["shared.table","shared.paragraph","shared.media","shared.content-component"]}},"kind":"collectionType"},"modelName":"translation-service","actions":{},"lifecycles":{}},"api::translation-type.translation-type":{"kind":"collectionType","collectionName":"translation_types","info":{"singularName":"translation-type","pluralName":"translation-types","displayName":"TranslationType","description":""},"options":{"draftAndPublish":true},"attributes":{"title":{"type":"string"},"Media":{"displayName":"ContentComponent","type":"component","repeatable":true,"component":"shared.content-component"},"createdAt":{"type":"datetime"},"updatedAt":{"type":"datetime"},"publishedAt":{"type":"datetime","configurable":false,"writable":true,"visible":false},"createdBy":{"type":"relation","relation":"oneToOne","target":"admin::user","configurable":false,"writable":false,"visible":false,"useJoinTable":false,"private":true},"updatedBy":{"type":"relation","relation":"oneToOne","target":"admin::user","configurable":false,"writable":false,"visible":false,"useJoinTable":false,"private":true},"locale":{"writable":true,"private":true,"configurable":false,"visible":false,"type":"string"},"localizations":{"type":"relation","relation":"oneToMany","target":"api::translation-type.translation-type","writable":false,"private":true,"configurable":false,"visible":false,"unstable_virtual":true,"joinColumn":{"name":"document_id","referencedColumn":"document_id","referencedTable":"translation_types"}}},"apiName":"translation-type","globalId":"TranslationType","uid":"api::translation-type.translation-type","modelType":"contentType","__schema__":{"collectionName":"translation_types","info":{"singularName":"translation-type","pluralName":"translation-types","displayName":"TranslationType","description":""},"options":{"draftAndPublish":true},"attributes":{"title":{"type":"string"},"Media":{"displayName":"ContentComponent","type":"component","repeatable":true,"component":"shared.content-component"}},"kind":"collectionType"},"modelName":"translation-type","actions":{},"lifecycles":{}},"admin::permission":{"collectionName":"admin_permissions","info":{"name":"Permission","description":"","singularName":"permission","pluralName":"permissions","displayName":"Permission"},"options":{"draftAndPublish":false},"pluginOptions":{"content-manager":{"visible":false},"content-type-builder":{"visible":false}},"attributes":{"action":{"type":"string","minLength":1,"configurable":false,"required":true},"actionParameters":{"type":"json","configurable":false,"required":false,"default":{}},"subject":{"type":"string","minLength":1,"configurable":false,"required":false},"properties":{"type":"json","configurable":false,"required":false,"default":{}},"conditions":{"type":"json","configurable":false,"required":false,"default":[]},"role":{"configurable":false,"type":"relation","relation":"manyToOne","inversedBy":"permissions","target":"admin::role"},"createdAt":{"type":"datetime"},"updatedAt":{"type":"datetime"},"publishedAt":{"type":"datetime","configurable":false,"writable":true,"visible":false},"createdBy":{"type":"relation","relation":"oneToOne","target":"admin::user","configurable":false,"writable":false,"visible":false,"useJoinTable":false,"private":true},"updatedBy":{"type":"relation","relation":"oneToOne","target":"admin::user","configurable":false,"writable":false,"visible":false,"useJoinTable":false,"private":true},"locale":{"writable":true,"private":true,"configurable":false,"visible":false,"type":"string"},"localizations":{"type":"relation","relation":"oneToMany","target":"admin::permission","writable":false,"private":true,"configurable":false,"visible":false,"unstable_virtual":true,"joinColumn":{"name":"document_id","referencedColumn":"document_id","referencedTable":"admin_permissions"}}},"plugin":"admin","globalId":"AdminPermission","uid":"admin::permission","modelType":"contentType","kind":"collectionType","__schema__":{"collectionName":"admin_permissions","info":{"name":"Permission","description":"","singularName":"permission","pluralName":"permissions","displayName":"Permission"},"options":{},"pluginOptions":{"content-manager":{"visible":false},"content-type-builder":{"visible":false}},"attributes":{"action":{"type":"string","minLength":1,"configurable":false,"required":true},"actionParameters":{"type":"json","configurable":false,"required":false,"default":{}},"subject":{"type":"string","minLength":1,"configurable":false,"required":false},"properties":{"type":"json","configurable":false,"required":false,"default":{}},"conditions":{"type":"json","configurable":false,"required":false,"default":[]},"role":{"configurable":false,"type":"relation","relation":"manyToOne","inversedBy":"permissions","target":"admin::role"}},"kind":"collectionType"},"modelName":"permission"},"admin::user":{"collectionName":"admin_users","info":{"name":"User","description":"","singularName":"user","pluralName":"users","displayName":"User"},"pluginOptions":{"content-manager":{"visible":false},"content-type-builder":{"visible":false}},"attributes":{"firstname":{"type":"string","unique":false,"minLength":1,"configurable":false,"required":false},"lastname":{"type":"string","unique":false,"minLength":1,"configurable":false,"required":false},"username":{"type":"string","unique":false,"configurable":false,"required":false},"email":{"type":"email","minLength":6,"configurable":false,"required":true,"unique":true,"private":true},"password":{"type":"password","minLength":6,"configurable":false,"required":false,"private":true,"searchable":false},"resetPasswordToken":{"type":"string","configurable":false,"private":true,"searchable":false},"registrationToken":{"type":"string","configurable":false,"private":true,"searchable":false},"isActive":{"type":"boolean","default":false,"configurable":false,"private":true},"roles":{"configurable":false,"private":true,"type":"relation","relation":"manyToMany","inversedBy":"users","target":"admin::role","collectionName":"strapi_users_roles"},"blocked":{"type":"boolean","default":false,"configurable":false,"private":true},"preferedLanguage":{"type":"string","configurable":false,"required":false,"searchable":false},"createdAt":{"type":"datetime"},"updatedAt":{"type":"datetime"},"publishedAt":{"type":"datetime","configurable":false,"writable":true,"visible":false},"createdBy":{"type":"relation","relation":"oneToOne","target":"admin::user","configurable":false,"writable":false,"visible":false,"useJoinTable":false,"private":true},"updatedBy":{"type":"relation","relation":"oneToOne","target":"admin::user","configurable":false,"writable":false,"visible":false,"useJoinTable":false,"private":true},"locale":{"writable":true,"private":true,"configurable":false,"visible":false,"type":"string"},"localizations":{"type":"relation","relation":"oneToMany","target":"admin::user","writable":false,"private":true,"configurable":false,"visible":false,"unstable_virtual":true,"joinColumn":{"name":"document_id","referencedColumn":"document_id","referencedTable":"admin_users"}}},"config":{"attributes":{"resetPasswordToken":{"hidden":true},"registrationToken":{"hidden":true}}},"plugin":"admin","globalId":"AdminUser","uid":"admin::user","modelType":"contentType","kind":"collectionType","__schema__":{"collectionName":"admin_users","info":{"name":"User","description":"","singularName":"user","pluralName":"users","displayName":"User"},"pluginOptions":{"content-manager":{"visible":false},"content-type-builder":{"visible":false}},"attributes":{"firstname":{"type":"string","unique":false,"minLength":1,"configurable":false,"required":false},"lastname":{"type":"string","unique":false,"minLength":1,"configurable":false,"required":false},"username":{"type":"string","unique":false,"configurable":false,"required":false},"email":{"type":"email","minLength":6,"configurable":false,"required":true,"unique":true,"private":true},"password":{"type":"password","minLength":6,"configurable":false,"required":false,"private":true,"searchable":false},"resetPasswordToken":{"type":"string","configurable":false,"private":true,"searchable":false},"registrationToken":{"type":"string","configurable":false,"private":true,"searchable":false},"isActive":{"type":"boolean","default":false,"configurable":false,"private":true},"roles":{"configurable":false,"private":true,"type":"relation","relation":"manyToMany","inversedBy":"users","target":"admin::role","collectionName":"strapi_users_roles"},"blocked":{"type":"boolean","default":false,"configurable":false,"private":true},"preferedLanguage":{"type":"string","configurable":false,"required":false,"searchable":false}},"kind":"collectionType"},"modelName":"user","options":{"draftAndPublish":false}},"admin::role":{"collectionName":"admin_roles","info":{"name":"Role","description":"","singularName":"role","pluralName":"roles","displayName":"Role"},"options":{"draftAndPublish":false},"pluginOptions":{"content-manager":{"visible":false},"content-type-builder":{"visible":false}},"attributes":{"name":{"type":"string","minLength":1,"unique":true,"configurable":false,"required":true},"code":{"type":"string","minLength":1,"unique":true,"configurable":false,"required":true},"description":{"type":"string","configurable":false},"users":{"configurable":false,"type":"relation","relation":"manyToMany","mappedBy":"roles","target":"admin::user"},"permissions":{"configurable":false,"type":"relation","relation":"oneToMany","mappedBy":"role","target":"admin::permission"},"createdAt":{"type":"datetime"},"updatedAt":{"type":"datetime"},"publishedAt":{"type":"datetime","configurable":false,"writable":true,"visible":false},"createdBy":{"type":"relation","relation":"oneToOne","target":"admin::user","configurable":false,"writable":false,"visible":false,"useJoinTable":false,"private":true},"updatedBy":{"type":"relation","relation":"oneToOne","target":"admin::user","configurable":false,"writable":false,"visible":false,"useJoinTable":false,"private":true},"locale":{"writable":true,"private":true,"configurable":false,"visible":false,"type":"string"},"localizations":{"type":"relation","relation":"oneToMany","target":"admin::role","writable":false,"private":true,"configurable":false,"visible":false,"unstable_virtual":true,"joinColumn":{"name":"document_id","referencedColumn":"document_id","referencedTable":"admin_roles"}}},"plugin":"admin","globalId":"AdminRole","uid":"admin::role","modelType":"contentType","kind":"collectionType","__schema__":{"collectionName":"admin_roles","info":{"name":"Role","description":"","singularName":"role","pluralName":"roles","displayName":"Role"},"options":{},"pluginOptions":{"content-manager":{"visible":false},"content-type-builder":{"visible":false}},"attributes":{"name":{"type":"string","minLength":1,"unique":true,"configurable":false,"required":true},"code":{"type":"string","minLength":1,"unique":true,"configurable":false,"required":true},"description":{"type":"string","configurable":false},"users":{"configurable":false,"type":"relation","relation":"manyToMany","mappedBy":"roles","target":"admin::user"},"permissions":{"configurable":false,"type":"relation","relation":"oneToMany","mappedBy":"role","target":"admin::permission"}},"kind":"collectionType"},"modelName":"role"},"admin::api-token":{"collectionName":"strapi_api_tokens","info":{"name":"Api Token","singularName":"api-token","pluralName":"api-tokens","displayName":"Api Token","description":""},"options":{"draftAndPublish":false},"pluginOptions":{"content-manager":{"visible":false},"content-type-builder":{"visible":false}},"attributes":{"name":{"type":"string","minLength":1,"configurable":false,"required":true,"unique":true},"description":{"type":"string","minLength":1,"configurable":false,"required":false,"default":""},"type":{"type":"enumeration","enum":["read-only","full-access","custom"],"configurable":false,"required":true,"default":"read-only"},"accessKey":{"type":"string","minLength":1,"configurable":false,"required":true,"searchable":false},"lastUsedAt":{"type":"datetime","configurable":false,"required":false},"permissions":{"type":"relation","target":"admin::api-token-permission","relation":"oneToMany","mappedBy":"token","configurable":false,"required":false},"expiresAt":{"type":"datetime","configurable":false,"required":false},"lifespan":{"type":"biginteger","configurable":false,"required":false},"createdAt":{"type":"datetime"},"updatedAt":{"type":"datetime"},"publishedAt":{"type":"datetime","configurable":false,"writable":true,"visible":false},"createdBy":{"type":"relation","relation":"oneToOne","target":"admin::user","configurable":false,"writable":false,"visible":false,"useJoinTable":false,"private":true},"updatedBy":{"type":"relation","relation":"oneToOne","target":"admin::user","configurable":false,"writable":false,"visible":false,"useJoinTable":false,"private":true},"locale":{"writable":true,"private":true,"configurable":false,"visible":false,"type":"string"},"localizations":{"type":"relation","relation":"oneToMany","target":"admin::api-token","writable":false,"private":true,"configurable":false,"visible":false,"unstable_virtual":true,"joinColumn":{"name":"document_id","referencedColumn":"document_id","referencedTable":"strapi_api_tokens"}}},"plugin":"admin","globalId":"AdminApiToken","uid":"admin::api-token","modelType":"contentType","kind":"collectionType","__schema__":{"collectionName":"strapi_api_tokens","info":{"name":"Api Token","singularName":"api-token","pluralName":"api-tokens","displayName":"Api Token","description":""},"options":{},"pluginOptions":{"content-manager":{"visible":false},"content-type-builder":{"visible":false}},"attributes":{"name":{"type":"string","minLength":1,"configurable":false,"required":true,"unique":true},"description":{"type":"string","minLength":1,"configurable":false,"required":false,"default":""},"type":{"type":"enumeration","enum":["read-only","full-access","custom"],"configurable":false,"required":true,"default":"read-only"},"accessKey":{"type":"string","minLength":1,"configurable":false,"required":true,"searchable":false},"lastUsedAt":{"type":"datetime","configurable":false,"required":false},"permissions":{"type":"relation","target":"admin::api-token-permission","relation":"oneToMany","mappedBy":"token","configurable":false,"required":false},"expiresAt":{"type":"datetime","configurable":false,"required":false},"lifespan":{"type":"biginteger","configurable":false,"required":false}},"kind":"collectionType"},"modelName":"api-token"},"admin::api-token-permission":{"collectionName":"strapi_api_token_permissions","info":{"name":"API Token Permission","description":"","singularName":"api-token-permission","pluralName":"api-token-permissions","displayName":"API Token Permission"},"options":{"draftAndPublish":false},"pluginOptions":{"content-manager":{"visible":false},"content-type-builder":{"visible":false}},"attributes":{"action":{"type":"string","minLength":1,"configurable":false,"required":true},"token":{"configurable":false,"type":"relation","relation":"manyToOne","inversedBy":"permissions","target":"admin::api-token"},"createdAt":{"type":"datetime"},"updatedAt":{"type":"datetime"},"publishedAt":{"type":"datetime","configurable":false,"writable":true,"visible":false},"createdBy":{"type":"relation","relation":"oneToOne","target":"admin::user","configurable":false,"writable":false,"visible":false,"useJoinTable":false,"private":true},"updatedBy":{"type":"relation","relation":"oneToOne","target":"admin::user","configurable":false,"writable":false,"visible":false,"useJoinTable":false,"private":true},"locale":{"writable":true,"private":true,"configurable":false,"visible":false,"type":"string"},"localizations":{"type":"relation","relation":"oneToMany","target":"admin::api-token-permission","writable":false,"private":true,"configurable":false,"visible":false,"unstable_virtual":true,"joinColumn":{"name":"document_id","referencedColumn":"document_id","referencedTable":"strapi_api_token_permissions"}}},"plugin":"admin","globalId":"AdminApiTokenPermission","uid":"admin::api-token-permission","modelType":"contentType","kind":"collectionType","__schema__":{"collectionName":"strapi_api_token_permissions","info":{"name":"API Token Permission","description":"","singularName":"api-token-permission","pluralName":"api-token-permissions","displayName":"API Token Permission"},"options":{},"pluginOptions":{"content-manager":{"visible":false},"content-type-builder":{"visible":false}},"attributes":{"action":{"type":"string","minLength":1,"configurable":false,"required":true},"token":{"configurable":false,"type":"relation","relation":"manyToOne","inversedBy":"permissions","target":"admin::api-token"}},"kind":"collectionType"},"modelName":"api-token-permission"},"admin::transfer-token":{"collectionName":"strapi_transfer_tokens","info":{"name":"Transfer Token","singularName":"transfer-token","pluralName":"transfer-tokens","displayName":"Transfer Token","description":""},"options":{"draftAndPublish":false},"pluginOptions":{"content-manager":{"visible":false},"content-type-builder":{"visible":false}},"attributes":{"name":{"type":"string","minLength":1,"configurable":false,"required":true,"unique":true},"description":{"type":"string","minLength":1,"configurable":false,"required":false,"default":""},"accessKey":{"type":"string","minLength":1,"configurable":false,"required":true},"lastUsedAt":{"type":"datetime","configurable":false,"required":false},"permissions":{"type":"relation","target":"admin::transfer-token-permission","relation":"oneToMany","mappedBy":"token","configurable":false,"required":false},"expiresAt":{"type":"datetime","configurable":false,"required":false},"lifespan":{"type":"biginteger","configurable":false,"required":false},"createdAt":{"type":"datetime"},"updatedAt":{"type":"datetime"},"publishedAt":{"type":"datetime","configurable":false,"writable":true,"visible":false},"createdBy":{"type":"relation","relation":"oneToOne","target":"admin::user","configurable":false,"writable":false,"visible":false,"useJoinTable":false,"private":true},"updatedBy":{"type":"relation","relation":"oneToOne","target":"admin::user","configurable":false,"writable":false,"visible":false,"useJoinTable":false,"private":true},"locale":{"writable":true,"private":true,"configurable":false,"visible":false,"type":"string"},"localizations":{"type":"relation","relation":"oneToMany","target":"admin::transfer-token","writable":false,"private":true,"configurable":false,"visible":false,"unstable_virtual":true,"joinColumn":{"name":"document_id","referencedColumn":"document_id","referencedTable":"strapi_transfer_tokens"}}},"plugin":"admin","globalId":"AdminTransferToken","uid":"admin::transfer-token","modelType":"contentType","kind":"collectionType","__schema__":{"collectionName":"strapi_transfer_tokens","info":{"name":"Transfer Token","singularName":"transfer-token","pluralName":"transfer-tokens","displayName":"Transfer Token","description":""},"options":{},"pluginOptions":{"content-manager":{"visible":false},"content-type-builder":{"visible":false}},"attributes":{"name":{"type":"string","minLength":1,"configurable":false,"required":true,"unique":true},"description":{"type":"string","minLength":1,"configurable":false,"required":false,"default":""},"accessKey":{"type":"string","minLength":1,"configurable":false,"required":true},"lastUsedAt":{"type":"datetime","configurable":false,"required":false},"permissions":{"type":"relation","target":"admin::transfer-token-permission","relation":"oneToMany","mappedBy":"token","configurable":false,"required":false},"expiresAt":{"type":"datetime","configurable":false,"required":false},"lifespan":{"type":"biginteger","configurable":false,"required":false}},"kind":"collectionType"},"modelName":"transfer-token"},"admin::transfer-token-permission":{"collectionName":"strapi_transfer_token_permissions","info":{"name":"Transfer Token Permission","description":"","singularName":"transfer-token-permission","pluralName":"transfer-token-permissions","displayName":"Transfer Token Permission"},"options":{"draftAndPublish":false},"pluginOptions":{"content-manager":{"visible":false},"content-type-builder":{"visible":false}},"attributes":{"action":{"type":"string","minLength":1,"configurable":false,"required":true},"token":{"configurable":false,"type":"relation","relation":"manyToOne","inversedBy":"permissions","target":"admin::transfer-token"},"createdAt":{"type":"datetime"},"updatedAt":{"type":"datetime"},"publishedAt":{"type":"datetime","configurable":false,"writable":true,"visible":false},"createdBy":{"type":"relation","relation":"oneToOne","target":"admin::user","configurable":false,"writable":false,"visible":false,"useJoinTable":false,"private":true},"updatedBy":{"type":"relation","relation":"oneToOne","target":"admin::user","configurable":false,"writable":false,"visible":false,"useJoinTable":false,"private":true},"locale":{"writable":true,"private":true,"configurable":false,"visible":false,"type":"string"},"localizations":{"type":"relation","relation":"oneToMany","target":"admin::transfer-token-permission","writable":false,"private":true,"configurable":false,"visible":false,"unstable_virtual":true,"joinColumn":{"name":"document_id","referencedColumn":"document_id","referencedTable":"strapi_transfer_token_permissions"}}},"plugin":"admin","globalId":"AdminTransferTokenPermission","uid":"admin::transfer-token-permission","modelType":"contentType","kind":"collectionType","__schema__":{"collectionName":"strapi_transfer_token_permissions","info":{"name":"Transfer Token Permission","description":"","singularName":"transfer-token-permission","pluralName":"transfer-token-permissions","displayName":"Transfer Token Permission"},"options":{},"pluginOptions":{"content-manager":{"visible":false},"content-type-builder":{"visible":false}},"attributes":{"action":{"type":"string","minLength":1,"configurable":false,"required":true},"token":{"configurable":false,"type":"relation","relation":"manyToOne","inversedBy":"permissions","target":"admin::transfer-token"}},"kind":"collectionType"},"modelName":"transfer-token-permission"}}','object',NULL,NULL);
INSERT INTO strapi_core_store_settings VALUES(2,'plugin_content_manager_configuration_components::shared.slider','{"settings":{"bulkable":true,"filterable":true,"searchable":true,"pageSize":10,"mainField":"id","defaultSortBy":"id","defaultSortOrder":"ASC"},"metadatas":{"id":{"edit":{},"list":{"label":"id","searchable":false,"sortable":false}},"files":{"edit":{"label":"files","description":"","placeholder":"","visible":true,"editable":true},"list":{"label":"files","searchable":false,"sortable":false}}},"layouts":{"list":["id","files"],"edit":[[{"name":"files","size":6}]]},"uid":"shared.slider","isComponent":true}','object',NULL,NULL);
INSERT INTO strapi_core_store_settings VALUES(3,'plugin_content_manager_configuration_components::shared.seo','{"settings":{"bulkable":true,"filterable":true,"searchable":true,"pageSize":10,"mainField":"metaTitle","defaultSortBy":"metaTitle","defaultSortOrder":"ASC"},"metadatas":{"id":{"edit":{},"list":{"label":"id","searchable":false,"sortable":false}},"metaTitle":{"edit":{"label":"metaTitle","description":"","placeholder":"","visible":true,"editable":true},"list":{"label":"metaTitle","searchable":true,"sortable":true}},"metaDescription":{"edit":{"label":"metaDescription","description":"","placeholder":"","visible":true,"editable":true},"list":{"label":"metaDescription","searchable":true,"sortable":true}},"shareImage":{"edit":{"label":"shareImage","description":"","placeholder":"","visible":true,"editable":true},"list":{"label":"shareImage","searchable":false,"sortable":false}}},"layouts":{"list":["id","metaTitle","metaDescription","shareImage"],"edit":[[{"name":"metaTitle","size":6},{"name":"metaDescription","size":6}],[{"name":"shareImage","size":6}]]},"uid":"shared.seo","isComponent":true}','object',NULL,NULL);
INSERT INTO strapi_core_store_settings VALUES(4,'plugin_content_manager_configuration_components::shared.rich-text','{"settings":{"bulkable":true,"filterable":true,"searchable":true,"pageSize":10,"mainField":"id","defaultSortBy":"id","defaultSortOrder":"ASC"},"metadatas":{"id":{"edit":{},"list":{"label":"id","searchable":false,"sortable":false}},"body":{"edit":{"label":"body","description":"","placeholder":"","visible":true,"editable":true},"list":{"label":"body","searchable":false,"sortable":false}}},"layouts":{"list":["id"],"edit":[[{"name":"body","size":12}]]},"uid":"shared.rich-text","isComponent":true}','object',NULL,NULL);
INSERT INTO strapi_core_store_settings VALUES(5,'plugin_content_manager_configuration_components::shared.quote','{"settings":{"bulkable":true,"filterable":true,"searchable":true,"pageSize":10,"mainField":"title","defaultSortBy":"title","defaultSortOrder":"ASC"},"metadatas":{"id":{"edit":{},"list":{"label":"id","searchable":false,"sortable":false}},"title":{"edit":{"label":"title","description":"","placeholder":"","visible":true,"editable":true},"list":{"label":"title","searchable":true,"sortable":true}},"body":{"edit":{"label":"body","description":"","placeholder":"","visible":true,"editable":true},"list":{"label":"body","searchable":true,"sortable":true}}},"layouts":{"list":["id","title","body"],"edit":[[{"name":"title","size":6},{"name":"body","size":6}]]},"uid":"shared.quote","isComponent":true}','object',NULL,NULL);
INSERT INTO strapi_core_store_settings VALUES(6,'plugin_content_manager_configuration_components::shared.media','{"settings":{"bulkable":true,"filterable":true,"searchable":true,"pageSize":10,"mainField":"id","defaultSortBy":"id","defaultSortOrder":"ASC"},"metadatas":{"id":{"edit":{},"list":{"label":"id","searchable":false,"sortable":false}},"file":{"edit":{"label":"file","description":"","placeholder":"","visible":true,"editable":true},"list":{"label":"file","searchable":false,"sortable":false}}},"layouts":{"list":["id","file"],"edit":[[{"name":"file","size":6}]]},"uid":"shared.media","isComponent":true}','object',NULL,NULL);
INSERT INTO strapi_core_store_settings VALUES(7,'plugin_content_manager_configuration_content_types::plugin::upload.file','{"settings":{"bulkable":true,"filterable":true,"searchable":true,"pageSize":10,"mainField":"name","defaultSortBy":"name","defaultSortOrder":"ASC"},"metadatas":{"id":{"edit":{},"list":{"label":"id","searchable":true,"sortable":true}},"name":{"edit":{"label":"name","description":"","placeholder":"","visible":true,"editable":true},"list":{"label":"name","searchable":true,"sortable":true}},"alternativeText":{"edit":{"label":"alternativeText","description":"","placeholder":"","visible":true,"editable":true},"list":{"label":"alternativeText","searchable":true,"sortable":true}},"caption":{"edit":{"label":"caption","description":"","placeholder":"","visible":true,"editable":true},"list":{"label":"caption","searchable":true,"sortable":true}},"width":{"edit":{"label":"width","description":"","placeholder":"","visible":true,"editable":true},"list":{"label":"width","searchable":true,"sortable":true}},"height":{"edit":{"label":"height","description":"","placeholder":"","visible":true,"editable":true},"list":{"label":"height","searchable":true,"sortable":true}},"formats":{"edit":{"label":"formats","description":"","placeholder":"","visible":true,"editable":true},"list":{"label":"formats","searchable":false,"sortable":false}},"hash":{"edit":{"label":"hash","description":"","placeholder":"","visible":true,"editable":true},"list":{"label":"hash","searchable":true,"sortable":true}},"ext":{"edit":{"label":"ext","description":"","placeholder":"","visible":true,"editable":true},"list":{"label":"ext","searchable":true,"sortable":true}},"mime":{"edit":{"label":"mime","description":"","placeholder":"","visible":true,"editable":true},"list":{"label":"mime","searchable":true,"sortable":true}},"size":{"edit":{"label":"size","description":"","placeholder":"","visible":true,"editable":true},"list":{"label":"size","searchable":true,"sortable":true}},"url":{"edit":{"label":"url","description":"","placeholder":"","visible":true,"editable":true},"list":{"label":"url","searchable":true,"sortable":true}},"previewUrl":{"edit":{"label":"previewUrl","description":"","placeholder":"","visible":true,"editable":true},"list":{"label":"previewUrl","searchable":true,"sortable":true}},"provider":{"edit":{"label":"provider","description":"","placeholder":"","visible":true,"editable":true},"list":{"label":"provider","searchable":true,"sortable":true}},"provider_metadata":{"edit":{"label":"provider_metadata","description":"","placeholder":"","visible":true,"editable":true},"list":{"label":"provider_metadata","searchable":false,"sortable":false}},"folder":{"edit":{"label":"folder","description":"","placeholder":"","visible":true,"editable":true,"mainField":"name"},"list":{"label":"folder","searchable":true,"sortable":true}},"folderPath":{"edit":{"label":"folderPath","description":"","placeholder":"","visible":true,"editable":true},"list":{"label":"folderPath","searchable":true,"sortable":true}},"createdAt":{"edit":{"label":"createdAt","description":"","placeholder":"","visible":false,"editable":true},"list":{"label":"createdAt","searchable":true,"sortable":true}},"updatedAt":{"edit":{"label":"updatedAt","description":"","placeholder":"","visible":false,"editable":true},"list":{"label":"updatedAt","searchable":true,"sortable":true}},"createdBy":{"edit":{"label":"createdBy","description":"","placeholder":"","visible":false,"editable":true,"mainField":"firstname"},"list":{"label":"createdBy","searchable":true,"sortable":true}},"updatedBy":{"edit":{"label":"updatedBy","description":"","placeholder":"","visible":false,"editable":true,"mainField":"firstname"},"list":{"label":"updatedBy","searchable":true,"sortable":true}}},"layouts":{"list":["id","name","alternativeText","caption"],"edit":[[{"name":"name","size":6},{"name":"alternativeText","size":6}],[{"name":"caption","size":6},{"name":"width","size":4}],[{"name":"height","size":4}],[{"name":"formats","size":12}],[{"name":"hash","size":6},{"name":"ext","size":6}],[{"name":"mime","size":6},{"name":"size","size":4}],[{"name":"url","size":6},{"name":"previewUrl","size":6}],[{"name":"provider","size":6}],[{"name":"provider_metadata","size":12}],[{"name":"folder","size":6},{"name":"folderPath","size":6}]]},"uid":"plugin::upload.file"}','object',NULL,NULL);
INSERT INTO strapi_core_store_settings VALUES(8,'plugin_content_manager_configuration_content_types::plugin::upload.folder','{"settings":{"bulkable":true,"filterable":true,"searchable":true,"pageSize":10,"mainField":"name","defaultSortBy":"name","defaultSortOrder":"ASC"},"metadatas":{"id":{"edit":{},"list":{"label":"id","searchable":true,"sortable":true}},"name":{"edit":{"label":"name","description":"","placeholder":"","visible":true,"editable":true},"list":{"label":"name","searchable":true,"sortable":true}},"pathId":{"edit":{"label":"pathId","description":"","placeholder":"","visible":true,"editable":true},"list":{"label":"pathId","searchable":true,"sortable":true}},"parent":{"edit":{"label":"parent","description":"","placeholder":"","visible":true,"editable":true,"mainField":"name"},"list":{"label":"parent","searchable":true,"sortable":true}},"children":{"edit":{"label":"children","description":"","placeholder":"","visible":true,"editable":true,"mainField":"name"},"list":{"label":"children","searchable":false,"sortable":false}},"files":{"edit":{"label":"files","description":"","placeholder":"","visible":true,"editable":true,"mainField":"name"},"list":{"label":"files","searchable":false,"sortable":false}},"path":{"edit":{"label":"path","description":"","placeholder":"","visible":true,"editable":true},"list":{"label":"path","searchable":true,"sortable":true}},"createdAt":{"edit":{"label":"createdAt","description":"","placeholder":"","visible":false,"editable":true},"list":{"label":"createdAt","searchable":true,"sortable":true}},"updatedAt":{"edit":{"label":"updatedAt","description":"","placeholder":"","visible":false,"editable":true},"list":{"label":"updatedAt","searchable":true,"sortable":true}},"createdBy":{"edit":{"label":"createdBy","description":"","placeholder":"","visible":false,"editable":true,"mainField":"firstname"},"list":{"label":"createdBy","searchable":true,"sortable":true}},"updatedBy":{"edit":{"label":"updatedBy","description":"","placeholder":"","visible":false,"editable":true,"mainField":"firstname"},"list":{"label":"updatedBy","searchable":true,"sortable":true}}},"layouts":{"list":["id","name","pathId","parent"],"edit":[[{"name":"name","size":6},{"name":"pathId","size":4}],[{"name":"parent","size":6},{"name":"children","size":6}],[{"name":"files","size":6},{"name":"path","size":6}]]},"uid":"plugin::upload.folder"}','object',NULL,NULL);
INSERT INTO strapi_core_store_settings VALUES(9,'plugin_content_manager_configuration_content_types::plugin::i18n.locale','{"settings":{"bulkable":true,"filterable":true,"searchable":true,"pageSize":10,"mainField":"name","defaultSortBy":"name","defaultSortOrder":"ASC"},"metadatas":{"id":{"edit":{},"list":{"label":"id","searchable":true,"sortable":true}},"name":{"edit":{"label":"name","description":"","placeholder":"","visible":true,"editable":true},"list":{"label":"name","searchable":true,"sortable":true}},"code":{"edit":{"label":"code","description":"","placeholder":"","visible":true,"editable":true},"list":{"label":"code","searchable":true,"sortable":true}},"createdAt":{"edit":{"label":"createdAt","description":"","placeholder":"","visible":false,"editable":true},"list":{"label":"createdAt","searchable":true,"sortable":true}},"updatedAt":{"edit":{"label":"updatedAt","description":"","placeholder":"","visible":false,"editable":true},"list":{"label":"updatedAt","searchable":true,"sortable":true}},"createdBy":{"edit":{"label":"createdBy","description":"","placeholder":"","visible":false,"editable":true,"mainField":"firstname"},"list":{"label":"createdBy","searchable":true,"sortable":true}},"updatedBy":{"edit":{"label":"updatedBy","description":"","placeholder":"","visible":false,"editable":true,"mainField":"firstname"},"list":{"label":"updatedBy","searchable":true,"sortable":true}}},"layouts":{"list":["id","name","code","createdAt"],"edit":[[{"name":"name","size":6},{"name":"code","size":6}]]},"uid":"plugin::i18n.locale"}','object',NULL,NULL);
INSERT INTO strapi_core_store_settings VALUES(10,'plugin_content_manager_configuration_content_types::plugin::content-releases.release','{"settings":{"bulkable":true,"filterable":true,"searchable":true,"pageSize":10,"mainField":"name","defaultSortBy":"name","defaultSortOrder":"ASC"},"metadatas":{"id":{"edit":{},"list":{"label":"id","searchable":true,"sortable":true}},"name":{"edit":{"label":"name","description":"","placeholder":"","visible":true,"editable":true},"list":{"label":"name","searchable":true,"sortable":true}},"releasedAt":{"edit":{"label":"releasedAt","description":"","placeholder":"","visible":true,"editable":true},"list":{"label":"releasedAt","searchable":true,"sortable":true}},"scheduledAt":{"edit":{"label":"scheduledAt","description":"","placeholder":"","visible":true,"editable":true},"list":{"label":"scheduledAt","searchable":true,"sortable":true}},"timezone":{"edit":{"label":"timezone","description":"","placeholder":"","visible":true,"editable":true},"list":{"label":"timezone","searchable":true,"sortable":true}},"status":{"edit":{"label":"status","description":"","placeholder":"","visible":true,"editable":true},"list":{"label":"status","searchable":true,"sortable":true}},"actions":{"edit":{"label":"actions","description":"","placeholder":"","visible":true,"editable":true,"mainField":"contentType"},"list":{"label":"actions","searchable":false,"sortable":false}},"createdAt":{"edit":{"label":"createdAt","description":"","placeholder":"","visible":false,"editable":true},"list":{"label":"createdAt","searchable":true,"sortable":true}},"updatedAt":{"edit":{"label":"updatedAt","description":"","placeholder":"","visible":false,"editable":true},"list":{"label":"updatedAt","searchable":true,"sortable":true}},"createdBy":{"edit":{"label":"createdBy","description":"","placeholder":"","visible":false,"editable":true,"mainField":"firstname"},"list":{"label":"createdBy","searchable":true,"sortable":true}},"updatedBy":{"edit":{"label":"updatedBy","description":"","placeholder":"","visible":false,"editable":true,"mainField":"firstname"},"list":{"label":"updatedBy","searchable":true,"sortable":true}}},"layouts":{"list":["id","name","releasedAt","scheduledAt"],"edit":[[{"name":"name","size":6},{"name":"releasedAt","size":6}],[{"name":"scheduledAt","size":6},{"name":"timezone","size":6}],[{"name":"status","size":6},{"name":"actions","size":6}]]},"uid":"plugin::content-releases.release"}','object',NULL,NULL);
INSERT INTO strapi_core_store_settings VALUES(11,'plugin_content_manager_configuration_content_types::plugin::content-releases.release-action','{"settings":{"bulkable":true,"filterable":true,"searchable":true,"pageSize":10,"mainField":"contentType","defaultSortBy":"contentType","defaultSortOrder":"ASC"},"metadatas":{"id":{"edit":{},"list":{"label":"id","searchable":true,"sortable":true}},"type":{"edit":{"label":"type","description":"","placeholder":"","visible":true,"editable":true},"list":{"label":"type","searchable":true,"sortable":true}},"contentType":{"edit":{"label":"contentType","description":"","placeholder":"","visible":true,"editable":true},"list":{"label":"contentType","searchable":true,"sortable":true}},"entryDocumentId":{"edit":{"label":"entryDocumentId","description":"","placeholder":"","visible":true,"editable":true},"list":{"label":"entryDocumentId","searchable":true,"sortable":true}},"release":{"edit":{"label":"release","description":"","placeholder":"","visible":true,"editable":true,"mainField":"name"},"list":{"label":"release","searchable":true,"sortable":true}},"isEntryValid":{"edit":{"label":"isEntryValid","description":"","placeholder":"","visible":true,"editable":true},"list":{"label":"isEntryValid","searchable":true,"sortable":true}},"createdAt":{"edit":{"label":"createdAt","description":"","placeholder":"","visible":false,"editable":true},"list":{"label":"createdAt","searchable":true,"sortable":true}},"updatedAt":{"edit":{"label":"updatedAt","description":"","placeholder":"","visible":false,"editable":true},"list":{"label":"updatedAt","searchable":true,"sortable":true}},"createdBy":{"edit":{"label":"createdBy","description":"","placeholder":"","visible":false,"editable":true,"mainField":"firstname"},"list":{"label":"createdBy","searchable":true,"sortable":true}},"updatedBy":{"edit":{"label":"updatedBy","description":"","placeholder":"","visible":false,"editable":true,"mainField":"firstname"},"list":{"label":"updatedBy","searchable":true,"sortable":true}}},"layouts":{"list":["id","type","contentType","entryDocumentId"],"edit":[[{"name":"type","size":6},{"name":"contentType","size":6}],[{"name":"entryDocumentId","size":6},{"name":"release","size":6}],[{"name":"isEntryValid","size":4}]]},"uid":"plugin::content-releases.release-action"}','object',NULL,NULL);
INSERT INTO strapi_core_store_settings VALUES(12,'plugin_content_manager_configuration_content_types::plugin::review-workflows.workflow','{"settings":{"bulkable":true,"filterable":true,"searchable":true,"pageSize":10,"mainField":"name","defaultSortBy":"name","defaultSortOrder":"ASC"},"metadatas":{"id":{"edit":{},"list":{"label":"id","searchable":true,"sortable":true}},"name":{"edit":{"label":"name","description":"","placeholder":"","visible":true,"editable":true},"list":{"label":"name","searchable":true,"sortable":true}},"stages":{"edit":{"label":"stages","description":"","placeholder":"","visible":true,"editable":true,"mainField":"name"},"list":{"label":"stages","searchable":false,"sortable":false}},"stageRequiredToPublish":{"edit":{"label":"stageRequiredToPublish","description":"","placeholder":"","visible":true,"editable":true,"mainField":"name"},"list":{"label":"stageRequiredToPublish","searchable":true,"sortable":true}},"contentTypes":{"edit":{"label":"contentTypes","description":"","placeholder":"","visible":true,"editable":true},"list":{"label":"contentTypes","searchable":false,"sortable":false}},"createdAt":{"edit":{"label":"createdAt","description":"","placeholder":"","visible":false,"editable":true},"list":{"label":"createdAt","searchable":true,"sortable":true}},"updatedAt":{"edit":{"label":"updatedAt","description":"","placeholder":"","visible":false,"editable":true},"list":{"label":"updatedAt","searchable":true,"sortable":true}},"createdBy":{"edit":{"label":"createdBy","description":"","placeholder":"","visible":false,"editable":true,"mainField":"firstname"},"list":{"label":"createdBy","searchable":true,"sortable":true}},"updatedBy":{"edit":{"label":"updatedBy","description":"","placeholder":"","visible":false,"editable":true,"mainField":"firstname"},"list":{"label":"updatedBy","searchable":true,"sortable":true}}},"layouts":{"list":["id","name","stages","stageRequiredToPublish"],"edit":[[{"name":"name","size":6},{"name":"stages","size":6}],[{"name":"stageRequiredToPublish","size":6}],[{"name":"contentTypes","size":12}]]},"uid":"plugin::review-workflows.workflow"}','object',NULL,NULL);
INSERT INTO strapi_core_store_settings VALUES(13,'plugin_content_manager_configuration_content_types::plugin::review-workflows.workflow-stage','{"settings":{"bulkable":true,"filterable":true,"searchable":true,"pageSize":10,"mainField":"name","defaultSortBy":"name","defaultSortOrder":"ASC"},"metadatas":{"id":{"edit":{},"list":{"label":"id","searchable":true,"sortable":true}},"name":{"edit":{"label":"name","description":"","placeholder":"","visible":true,"editable":true},"list":{"label":"name","searchable":true,"sortable":true}},"color":{"edit":{"label":"color","description":"","placeholder":"","visible":true,"editable":true},"list":{"label":"color","searchable":true,"sortable":true}},"workflow":{"edit":{"label":"workflow","description":"","placeholder":"","visible":true,"editable":true,"mainField":"name"},"list":{"label":"workflow","searchable":true,"sortable":true}},"permissions":{"edit":{"label":"permissions","description":"","placeholder":"","visible":true,"editable":true,"mainField":"action"},"list":{"label":"permissions","searchable":false,"sortable":false}},"createdAt":{"edit":{"label":"createdAt","description":"","placeholder":"","visible":false,"editable":true},"list":{"label":"createdAt","searchable":true,"sortable":true}},"updatedAt":{"edit":{"label":"updatedAt","description":"","placeholder":"","visible":false,"editable":true},"list":{"label":"updatedAt","searchable":true,"sortable":true}},"createdBy":{"edit":{"label":"createdBy","description":"","placeholder":"","visible":false,"editable":true,"mainField":"firstname"},"list":{"label":"createdBy","searchable":true,"sortable":true}},"updatedBy":{"edit":{"label":"updatedBy","description":"","placeholder":"","visible":false,"editable":true,"mainField":"firstname"},"list":{"label":"updatedBy","searchable":true,"sortable":true}}},"layouts":{"list":["id","name","color","workflow"],"edit":[[{"name":"name","size":6},{"name":"color","size":6}],[{"name":"workflow","size":6},{"name":"permissions","size":6}]]},"uid":"plugin::review-workflows.workflow-stage"}','object',NULL,NULL);
INSERT INTO strapi_core_store_settings VALUES(14,'plugin_content_manager_configuration_content_types::plugin::users-permissions.permission','{"settings":{"bulkable":true,"filterable":true,"searchable":true,"pageSize":10,"mainField":"action","defaultSortBy":"action","defaultSortOrder":"ASC"},"metadatas":{"id":{"edit":{},"list":{"label":"id","searchable":true,"sortable":true}},"action":{"edit":{"label":"action","description":"","placeholder":"","visible":true,"editable":true},"list":{"label":"action","searchable":true,"sortable":true}},"role":{"edit":{"label":"role","description":"","placeholder":"","visible":true,"editable":true,"mainField":"name"},"list":{"label":"role","searchable":true,"sortable":true}},"createdAt":{"edit":{"label":"createdAt","description":"","placeholder":"","visible":false,"editable":true},"list":{"label":"createdAt","searchable":true,"sortable":true}},"updatedAt":{"edit":{"label":"updatedAt","description":"","placeholder":"","visible":false,"editable":true},"list":{"label":"updatedAt","searchable":true,"sortable":true}},"createdBy":{"edit":{"label":"createdBy","description":"","placeholder":"","visible":false,"editable":true,"mainField":"firstname"},"list":{"label":"createdBy","searchable":true,"sortable":true}},"updatedBy":{"edit":{"label":"updatedBy","description":"","placeholder":"","visible":false,"editable":true,"mainField":"firstname"},"list":{"label":"updatedBy","searchable":true,"sortable":true}}},"layouts":{"list":["id","action","role","createdAt"],"edit":[[{"name":"action","size":6},{"name":"role","size":6}]]},"uid":"plugin::users-permissions.permission"}','object',NULL,NULL);
INSERT INTO strapi_core_store_settings VALUES(15,'plugin_content_manager_configuration_content_types::plugin::users-permissions.role','{"settings":{"bulkable":true,"filterable":true,"searchable":true,"pageSize":10,"mainField":"name","defaultSortBy":"name","defaultSortOrder":"ASC"},"metadatas":{"id":{"edit":{},"list":{"label":"id","searchable":true,"sortable":true}},"name":{"edit":{"label":"name","description":"","placeholder":"","visible":true,"editable":true},"list":{"label":"name","searchable":true,"sortable":true}},"description":{"edit":{"label":"description","description":"","placeholder":"","visible":true,"editable":true},"list":{"label":"description","searchable":true,"sortable":true}},"type":{"edit":{"label":"type","description":"","placeholder":"","visible":true,"editable":true},"list":{"label":"type","searchable":true,"sortable":true}},"permissions":{"edit":{"label":"permissions","description":"","placeholder":"","visible":true,"editable":true,"mainField":"action"},"list":{"label":"permissions","searchable":false,"sortable":false}},"users":{"edit":{"label":"users","description":"","placeholder":"","visible":true,"editable":true,"mainField":"username"},"list":{"label":"users","searchable":false,"sortable":false}},"createdAt":{"edit":{"label":"createdAt","description":"","placeholder":"","visible":false,"editable":true},"list":{"label":"createdAt","searchable":true,"sortable":true}},"updatedAt":{"edit":{"label":"updatedAt","description":"","placeholder":"","visible":false,"editable":true},"list":{"label":"updatedAt","searchable":true,"sortable":true}},"createdBy":{"edit":{"label":"createdBy","description":"","placeholder":"","visible":false,"editable":true,"mainField":"firstname"},"list":{"label":"createdBy","searchable":true,"sortable":true}},"updatedBy":{"edit":{"label":"updatedBy","description":"","placeholder":"","visible":false,"editable":true,"mainField":"firstname"},"list":{"label":"updatedBy","searchable":true,"sortable":true}}},"layouts":{"list":["id","name","description","type"],"edit":[[{"name":"name","size":6},{"name":"description","size":6}],[{"name":"type","size":6},{"name":"permissions","size":6}],[{"name":"users","size":6}]]},"uid":"plugin::users-permissions.role"}','object',NULL,NULL);
INSERT INTO strapi_core_store_settings VALUES(16,'plugin_content_manager_configuration_content_types::plugin::users-permissions.user','{"settings":{"bulkable":true,"filterable":true,"searchable":true,"pageSize":10,"mainField":"username","defaultSortBy":"username","defaultSortOrder":"ASC"},"metadatas":{"id":{"edit":{},"list":{"label":"id","searchable":true,"sortable":true}},"username":{"edit":{"label":"username","description":"","placeholder":"","visible":true,"editable":true},"list":{"label":"username","searchable":true,"sortable":true}},"email":{"edit":{"label":"email","description":"","placeholder":"","visible":true,"editable":true},"list":{"label":"email","searchable":true,"sortable":true}},"provider":{"edit":{"label":"provider","description":"","placeholder":"","visible":false,"editable":true},"list":{"label":"provider","searchable":true,"sortable":true}},"password":{"edit":{"label":"password","description":"","placeholder":"","visible":true,"editable":true},"list":{"label":"password","searchable":true,"sortable":true}},"resetPasswordToken":{"edit":{"label":"resetPasswordToken","description":"","placeholder":"","visible":false,"editable":true},"list":{"label":"resetPasswordToken","searchable":true,"sortable":true}},"confirmationToken":{"edit":{"label":"confirmationToken","description":"","placeholder":"","visible":false,"editable":true},"list":{"label":"confirmationToken","searchable":true,"sortable":true}},"confirmed":{"edit":{"label":"confirmed","description":"","placeholder":"","visible":true,"editable":true},"list":{"label":"confirmed","searchable":true,"sortable":true}},"blocked":{"edit":{"label":"blocked","description":"","placeholder":"","visible":true,"editable":true},"list":{"label":"blocked","searchable":true,"sortable":true}},"role":{"edit":{"label":"role","description":"","placeholder":"","visible":true,"editable":true,"mainField":"name"},"list":{"label":"role","searchable":true,"sortable":true}},"createdAt":{"edit":{"label":"createdAt","description":"","placeholder":"","visible":false,"editable":true},"list":{"label":"createdAt","searchable":true,"sortable":true}},"updatedAt":{"edit":{"label":"updatedAt","description":"","placeholder":"","visible":false,"editable":true},"list":{"label":"updatedAt","searchable":true,"sortable":true}},"createdBy":{"edit":{"label":"createdBy","description":"","placeholder":"","visible":false,"editable":true,"mainField":"firstname"},"list":{"label":"createdBy","searchable":true,"sortable":true}},"updatedBy":{"edit":{"label":"updatedBy","description":"","placeholder":"","visible":false,"editable":true,"mainField":"firstname"},"list":{"label":"updatedBy","searchable":true,"sortable":true}}},"layouts":{"list":["id","username","email","confirmed"],"edit":[[{"name":"username","size":6},{"name":"email","size":6}],[{"name":"password","size":6},{"name":"confirmed","size":4}],[{"name":"blocked","size":4},{"name":"role","size":6}]]},"uid":"plugin::users-permissions.user"}','object',NULL,NULL);
INSERT INTO strapi_core_store_settings VALUES(17,'plugin_content_manager_configuration_content_types::api::about.about','{"settings":{"bulkable":true,"filterable":true,"searchable":true,"pageSize":10,"mainField":"title","defaultSortBy":"title","defaultSortOrder":"ASC"},"metadatas":{"id":{"edit":{},"list":{"label":"id","searchable":true,"sortable":true}},"title":{"edit":{"label":"title","description":"","placeholder":"","visible":true,"editable":true},"list":{"label":"title","searchable":true,"sortable":true}},"blocks":{"edit":{"label":"blocks","description":"","placeholder":"","visible":true,"editable":true},"list":{"label":"blocks","searchable":false,"sortable":false}},"createdAt":{"edit":{"label":"createdAt","description":"","placeholder":"","visible":false,"editable":true},"list":{"label":"createdAt","searchable":true,"sortable":true}},"updatedAt":{"edit":{"label":"updatedAt","description":"","placeholder":"","visible":false,"editable":true},"list":{"label":"updatedAt","searchable":true,"sortable":true}},"createdBy":{"edit":{"label":"createdBy","description":"","placeholder":"","visible":false,"editable":true,"mainField":"firstname"},"list":{"label":"createdBy","searchable":true,"sortable":true}},"updatedBy":{"edit":{"label":"updatedBy","description":"","placeholder":"","visible":false,"editable":true,"mainField":"firstname"},"list":{"label":"updatedBy","searchable":true,"sortable":true}}},"layouts":{"list":["id","title","createdAt","updatedAt"],"edit":[[{"name":"title","size":6}],[{"name":"blocks","size":12}]]},"uid":"api::about.about"}','object',NULL,NULL);
INSERT INTO strapi_core_store_settings VALUES(18,'plugin_content_manager_configuration_content_types::api::article.article','{"settings":{"bulkable":true,"filterable":true,"searchable":true,"pageSize":10,"mainField":"title","defaultSortBy":"title","defaultSortOrder":"ASC"},"metadatas":{"id":{"edit":{},"list":{"label":"id","searchable":true,"sortable":true}},"title":{"edit":{"label":"title","description":"","placeholder":"","visible":true,"editable":true},"list":{"label":"title","searchable":true,"sortable":true}},"description":{"edit":{"label":"description","description":"","placeholder":"","visible":true,"editable":true},"list":{"label":"description","searchable":true,"sortable":true}},"slug":{"edit":{"label":"slug","description":"","placeholder":"","visible":true,"editable":true},"list":{"label":"slug","searchable":true,"sortable":true}},"cover":{"edit":{"label":"cover","description":"","placeholder":"","visible":true,"editable":true},"list":{"label":"cover","searchable":false,"sortable":false}},"author":{"edit":{"label":"author","description":"","placeholder":"","visible":true,"editable":true,"mainField":"name"},"list":{"label":"author","searchable":true,"sortable":true}},"category":{"edit":{"label":"category","description":"","placeholder":"","visible":true,"editable":true,"mainField":"name"},"list":{"label":"category","searchable":true,"sortable":true}},"blocks":{"edit":{"label":"blocks","description":"","placeholder":"","visible":true,"editable":true},"list":{"label":"blocks","searchable":false,"sortable":false}},"createdAt":{"edit":{"label":"createdAt","description":"","placeholder":"","visible":false,"editable":true},"list":{"label":"createdAt","searchable":true,"sortable":true}},"updatedAt":{"edit":{"label":"updatedAt","description":"","placeholder":"","visible":false,"editable":true},"list":{"label":"updatedAt","searchable":true,"sortable":true}},"createdBy":{"edit":{"label":"createdBy","description":"","placeholder":"","visible":false,"editable":true,"mainField":"firstname"},"list":{"label":"createdBy","searchable":true,"sortable":true}},"updatedBy":{"edit":{"label":"updatedBy","description":"","placeholder":"","visible":false,"editable":true,"mainField":"firstname"},"list":{"label":"updatedBy","searchable":true,"sortable":true}}},"layouts":{"list":["id","title","description","slug"],"edit":[[{"name":"title","size":6},{"name":"description","size":6}],[{"name":"slug","size":6},{"name":"cover","size":6}],[{"name":"author","size":6},{"name":"category","size":6}],[{"name":"blocks","size":12}]]},"uid":"api::article.article"}','object',NULL,NULL);
INSERT INTO strapi_core_store_settings VALUES(19,'plugin_content_manager_configuration_content_types::api::author.author','{"settings":{"bulkable":true,"filterable":true,"searchable":true,"pageSize":10,"mainField":"name","defaultSortBy":"name","defaultSortOrder":"ASC"},"metadatas":{"id":{"edit":{},"list":{"label":"id","searchable":true,"sortable":true}},"name":{"edit":{"label":"name","description":"","placeholder":"","visible":true,"editable":true},"list":{"label":"name","searchable":true,"sortable":true}},"avatar":{"edit":{"label":"avatar","description":"","placeholder":"","visible":true,"editable":true},"list":{"label":"avatar","searchable":false,"sortable":false}},"email":{"edit":{"label":"email","description":"","placeholder":"","visible":true,"editable":true},"list":{"label":"email","searchable":true,"sortable":true}},"articles":{"edit":{"label":"articles","description":"","placeholder":"","visible":true,"editable":true,"mainField":"title"},"list":{"label":"articles","searchable":false,"sortable":false}},"createdAt":{"edit":{"label":"createdAt","description":"","placeholder":"","visible":false,"editable":true},"list":{"label":"createdAt","searchable":true,"sortable":true}},"updatedAt":{"edit":{"label":"updatedAt","description":"","placeholder":"","visible":false,"editable":true},"list":{"label":"updatedAt","searchable":true,"sortable":true}},"createdBy":{"edit":{"label":"createdBy","description":"","placeholder":"","visible":false,"editable":true,"mainField":"firstname"},"list":{"label":"createdBy","searchable":true,"sortable":true}},"updatedBy":{"edit":{"label":"updatedBy","description":"","placeholder":"","visible":false,"editable":true,"mainField":"firstname"},"list":{"label":"updatedBy","searchable":true,"sortable":true}}},"layouts":{"list":["id","name","avatar","email"],"edit":[[{"name":"name","size":6},{"name":"avatar","size":6}],[{"name":"email","size":6},{"name":"articles","size":6}]]},"uid":"api::author.author"}','object',NULL,NULL);
INSERT INTO strapi_core_store_settings VALUES(20,'plugin_content_manager_configuration_content_types::api::category.category','{"settings":{"bulkable":true,"filterable":true,"searchable":true,"pageSize":10,"mainField":"name","defaultSortBy":"name","defaultSortOrder":"ASC"},"metadatas":{"id":{"edit":{},"list":{"label":"id","searchable":true,"sortable":true}},"name":{"edit":{"label":"name","description":"","placeholder":"","visible":true,"editable":true},"list":{"label":"name","searchable":true,"sortable":true}},"slug":{"edit":{"label":"slug","description":"","placeholder":"","visible":true,"editable":true},"list":{"label":"slug","searchable":true,"sortable":true}},"articles":{"edit":{"label":"articles","description":"","placeholder":"","visible":true,"editable":true,"mainField":"title"},"list":{"label":"articles","searchable":false,"sortable":false}},"description":{"edit":{"label":"description","description":"","placeholder":"","visible":true,"editable":true},"list":{"label":"description","searchable":true,"sortable":true}},"createdAt":{"edit":{"label":"createdAt","description":"","placeholder":"","visible":false,"editable":true},"list":{"label":"createdAt","searchable":true,"sortable":true}},"updatedAt":{"edit":{"label":"updatedAt","description":"","placeholder":"","visible":false,"editable":true},"list":{"label":"updatedAt","searchable":true,"sortable":true}},"createdBy":{"edit":{"label":"createdBy","description":"","placeholder":"","visible":false,"editable":true,"mainField":"firstname"},"list":{"label":"createdBy","searchable":true,"sortable":true}},"updatedBy":{"edit":{"label":"updatedBy","description":"","placeholder":"","visible":false,"editable":true,"mainField":"firstname"},"list":{"label":"updatedBy","searchable":true,"sortable":true}}},"layouts":{"list":["id","name","slug","articles"],"edit":[[{"name":"name","size":6},{"name":"slug","size":6}],[{"name":"articles","size":6},{"name":"description","size":6}]]},"uid":"api::category.category"}','object',NULL,NULL);
INSERT INTO strapi_core_store_settings VALUES(21,'plugin_content_manager_configuration_content_types::api::global.global','{"settings":{"bulkable":true,"filterable":true,"searchable":true,"pageSize":10,"mainField":"siteName","defaultSortBy":"siteName","defaultSortOrder":"ASC"},"metadatas":{"id":{"edit":{},"list":{"label":"id","searchable":true,"sortable":true}},"siteName":{"edit":{"label":"siteName","description":"","placeholder":"","visible":true,"editable":true},"list":{"label":"siteName","searchable":true,"sortable":true}},"favicon":{"edit":{"label":"favicon","description":"","placeholder":"","visible":true,"editable":true},"list":{"label":"favicon","searchable":false,"sortable":false}},"siteDescription":{"edit":{"label":"siteDescription","description":"","placeholder":"","visible":true,"editable":true},"list":{"label":"siteDescription","searchable":true,"sortable":true}},"defaultSeo":{"edit":{"label":"defaultSeo","description":"","placeholder":"","visible":true,"editable":true},"list":{"label":"defaultSeo","searchable":false,"sortable":false}},"createdAt":{"edit":{"label":"createdAt","description":"","placeholder":"","visible":false,"editable":true},"list":{"label":"createdAt","searchable":true,"sortable":true}},"updatedAt":{"edit":{"label":"updatedAt","description":"","placeholder":"","visible":false,"editable":true},"list":{"label":"updatedAt","searchable":true,"sortable":true}},"createdBy":{"edit":{"label":"createdBy","description":"","placeholder":"","visible":false,"editable":true,"mainField":"firstname"},"list":{"label":"createdBy","searchable":true,"sortable":true}},"updatedBy":{"edit":{"label":"updatedBy","description":"","placeholder":"","visible":false,"editable":true,"mainField":"firstname"},"list":{"label":"updatedBy","searchable":true,"sortable":true}}},"layouts":{"list":["id","siteName","favicon","siteDescription"],"edit":[[{"name":"siteName","size":6},{"name":"favicon","size":6}],[{"name":"siteDescription","size":6}],[{"name":"defaultSeo","size":12}]]},"uid":"api::global.global"}','object',NULL,NULL);
INSERT INTO strapi_core_store_settings VALUES(22,'plugin_content_manager_configuration_content_types::admin::permission','{"settings":{"bulkable":true,"filterable":true,"searchable":true,"pageSize":10,"mainField":"action","defaultSortBy":"action","defaultSortOrder":"ASC"},"metadatas":{"id":{"edit":{},"list":{"label":"id","searchable":true,"sortable":true}},"action":{"edit":{"label":"action","description":"","placeholder":"","visible":true,"editable":true},"list":{"label":"action","searchable":true,"sortable":true}},"actionParameters":{"edit":{"label":"actionParameters","description":"","placeholder":"","visible":true,"editable":true},"list":{"label":"actionParameters","searchable":false,"sortable":false}},"subject":{"edit":{"label":"subject","description":"","placeholder":"","visible":true,"editable":true},"list":{"label":"subject","searchable":true,"sortable":true}},"properties":{"edit":{"label":"properties","description":"","placeholder":"","visible":true,"editable":true},"list":{"label":"properties","searchable":false,"sortable":false}},"conditions":{"edit":{"label":"conditions","description":"","placeholder":"","visible":true,"editable":true},"list":{"label":"conditions","searchable":false,"sortable":false}},"role":{"edit":{"label":"role","description":"","placeholder":"","visible":true,"editable":true,"mainField":"name"},"list":{"label":"role","searchable":true,"sortable":true}},"createdAt":{"edit":{"label":"createdAt","description":"","placeholder":"","visible":false,"editable":true},"list":{"label":"createdAt","searchable":true,"sortable":true}},"updatedAt":{"edit":{"label":"updatedAt","description":"","placeholder":"","visible":false,"editable":true},"list":{"label":"updatedAt","searchable":true,"sortable":true}},"createdBy":{"edit":{"label":"createdBy","description":"","placeholder":"","visible":false,"editable":true,"mainField":"firstname"},"list":{"label":"createdBy","searchable":true,"sortable":true}},"updatedBy":{"edit":{"label":"updatedBy","description":"","placeholder":"","visible":false,"editable":true,"mainField":"firstname"},"list":{"label":"updatedBy","searchable":true,"sortable":true}}},"layouts":{"list":["id","action","subject","role"],"edit":[[{"name":"action","size":6}],[{"name":"actionParameters","size":12}],[{"name":"subject","size":6}],[{"name":"properties","size":12}],[{"name":"conditions","size":12}],[{"name":"role","size":6}]]},"uid":"admin::permission"}','object',NULL,NULL);
INSERT INTO strapi_core_store_settings VALUES(23,'plugin_content_manager_configuration_content_types::admin::user','{"settings":{"bulkable":true,"filterable":true,"searchable":true,"pageSize":10,"mainField":"firstname","defaultSortBy":"firstname","defaultSortOrder":"ASC"},"metadatas":{"id":{"edit":{},"list":{"label":"id","searchable":true,"sortable":true}},"firstname":{"edit":{"label":"firstname","description":"","placeholder":"","visible":true,"editable":true},"list":{"label":"firstname","searchable":true,"sortable":true}},"lastname":{"edit":{"label":"lastname","description":"","placeholder":"","visible":true,"editable":true},"list":{"label":"lastname","searchable":true,"sortable":true}},"username":{"edit":{"label":"username","description":"","placeholder":"","visible":true,"editable":true},"list":{"label":"username","searchable":true,"sortable":true}},"email":{"edit":{"label":"email","description":"","placeholder":"","visible":true,"editable":true},"list":{"label":"email","searchable":true,"sortable":true}},"password":{"edit":{"label":"password","description":"","placeholder":"","visible":true,"editable":true},"list":{"label":"password","searchable":true,"sortable":true}},"resetPasswordToken":{"edit":{"label":"resetPasswordToken","description":"","placeholder":"","visible":false,"editable":true},"list":{"label":"resetPasswordToken","searchable":true,"sortable":true}},"registrationToken":{"edit":{"label":"registrationToken","description":"","placeholder":"","visible":false,"editable":true},"list":{"label":"registrationToken","searchable":true,"sortable":true}},"isActive":{"edit":{"label":"isActive","description":"","placeholder":"","visible":true,"editable":true},"list":{"label":"isActive","searchable":true,"sortable":true}},"roles":{"edit":{"label":"roles","description":"","placeholder":"","visible":true,"editable":true,"mainField":"name"},"list":{"label":"roles","searchable":false,"sortable":false}},"blocked":{"edit":{"label":"blocked","description":"","placeholder":"","visible":true,"editable":true},"list":{"label":"blocked","searchable":true,"sortable":true}},"preferedLanguage":{"edit":{"label":"preferedLanguage","description":"","placeholder":"","visible":true,"editable":true},"list":{"label":"preferedLanguage","searchable":true,"sortable":true}},"createdAt":{"edit":{"label":"createdAt","description":"","placeholder":"","visible":false,"editable":true},"list":{"label":"createdAt","searchable":true,"sortable":true}},"updatedAt":{"edit":{"label":"updatedAt","description":"","placeholder":"","visible":false,"editable":true},"list":{"label":"updatedAt","searchable":true,"sortable":true}},"createdBy":{"edit":{"label":"createdBy","description":"","placeholder":"","visible":false,"editable":true,"mainField":"firstname"},"list":{"label":"createdBy","searchable":true,"sortable":true}},"updatedBy":{"edit":{"label":"updatedBy","description":"","placeholder":"","visible":false,"editable":true,"mainField":"firstname"},"list":{"label":"updatedBy","searchable":true,"sortable":true}}},"layouts":{"list":["id","firstname","lastname","username"],"edit":[[{"name":"firstname","size":6},{"name":"lastname","size":6}],[{"name":"username","size":6},{"name":"email","size":6}],[{"name":"password","size":6},{"name":"isActive","size":4}],[{"name":"roles","size":6},{"name":"blocked","size":4}],[{"name":"preferedLanguage","size":6}]]},"uid":"admin::user"}','object',NULL,NULL);
INSERT INTO strapi_core_store_settings VALUES(24,'plugin_content_manager_configuration_content_types::admin::role','{"settings":{"bulkable":true,"filterable":true,"searchable":true,"pageSize":10,"mainField":"name","defaultSortBy":"name","defaultSortOrder":"ASC"},"metadatas":{"id":{"edit":{},"list":{"label":"id","searchable":true,"sortable":true}},"name":{"edit":{"label":"name","description":"","placeholder":"","visible":true,"editable":true},"list":{"label":"name","searchable":true,"sortable":true}},"code":{"edit":{"label":"code","description":"","placeholder":"","visible":true,"editable":true},"list":{"label":"code","searchable":true,"sortable":true}},"description":{"edit":{"label":"description","description":"","placeholder":"","visible":true,"editable":true},"list":{"label":"description","searchable":true,"sortable":true}},"users":{"edit":{"label":"users","description":"","placeholder":"","visible":true,"editable":true,"mainField":"firstname"},"list":{"label":"users","searchable":false,"sortable":false}},"permissions":{"edit":{"label":"permissions","description":"","placeholder":"","visible":true,"editable":true,"mainField":"action"},"list":{"label":"permissions","searchable":false,"sortable":false}},"createdAt":{"edit":{"label":"createdAt","description":"","placeholder":"","visible":false,"editable":true},"list":{"label":"createdAt","searchable":true,"sortable":true}},"updatedAt":{"edit":{"label":"updatedAt","description":"","placeholder":"","visible":false,"editable":true},"list":{"label":"updatedAt","searchable":true,"sortable":true}},"createdBy":{"edit":{"label":"createdBy","description":"","placeholder":"","visible":false,"editable":true,"mainField":"firstname"},"list":{"label":"createdBy","searchable":true,"sortable":true}},"updatedBy":{"edit":{"label":"updatedBy","description":"","placeholder":"","visible":false,"editable":true,"mainField":"firstname"},"list":{"label":"updatedBy","searchable":true,"sortable":true}}},"layouts":{"list":["id","name","code","description"],"edit":[[{"name":"name","size":6},{"name":"code","size":6}],[{"name":"description","size":6},{"name":"users","size":6}],[{"name":"permissions","size":6}]]},"uid":"admin::role"}','object',NULL,NULL);
INSERT INTO strapi_core_store_settings VALUES(25,'plugin_content_manager_configuration_content_types::admin::api-token','{"settings":{"bulkable":true,"filterable":true,"searchable":true,"pageSize":10,"mainField":"name","defaultSortBy":"name","defaultSortOrder":"ASC"},"metadatas":{"id":{"edit":{},"list":{"label":"id","searchable":true,"sortable":true}},"name":{"edit":{"label":"name","description":"","placeholder":"","visible":true,"editable":true},"list":{"label":"name","searchable":true,"sortable":true}},"description":{"edit":{"label":"description","description":"","placeholder":"","visible":true,"editable":true},"list":{"label":"description","searchable":true,"sortable":true}},"type":{"edit":{"label":"type","description":"","placeholder":"","visible":true,"editable":true},"list":{"label":"type","searchable":true,"sortable":true}},"accessKey":{"edit":{"label":"accessKey","description":"","placeholder":"","visible":true,"editable":true},"list":{"label":"accessKey","searchable":true,"sortable":true}},"lastUsedAt":{"edit":{"label":"lastUsedAt","description":"","placeholder":"","visible":true,"editable":true},"list":{"label":"lastUsedAt","searchable":true,"sortable":true}},"permissions":{"edit":{"label":"permissions","description":"","placeholder":"","visible":true,"editable":true,"mainField":"action"},"list":{"label":"permissions","searchable":false,"sortable":false}},"expiresAt":{"edit":{"label":"expiresAt","description":"","placeholder":"","visible":true,"editable":true},"list":{"label":"expiresAt","searchable":true,"sortable":true}},"lifespan":{"edit":{"label":"lifespan","description":"","placeholder":"","visible":true,"editable":true},"list":{"label":"lifespan","searchable":true,"sortable":true}},"createdAt":{"edit":{"label":"createdAt","description":"","placeholder":"","visible":false,"editable":true},"list":{"label":"createdAt","searchable":true,"sortable":true}},"updatedAt":{"edit":{"label":"updatedAt","description":"","placeholder":"","visible":false,"editable":true},"list":{"label":"updatedAt","searchable":true,"sortable":true}},"createdBy":{"edit":{"label":"createdBy","description":"","placeholder":"","visible":false,"editable":true,"mainField":"firstname"},"list":{"label":"createdBy","searchable":true,"sortable":true}},"updatedBy":{"edit":{"label":"updatedBy","description":"","placeholder":"","visible":false,"editable":true,"mainField":"firstname"},"list":{"label":"updatedBy","searchable":true,"sortable":true}}},"layouts":{"list":["id","name","description","type"],"edit":[[{"name":"name","size":6},{"name":"description","size":6}],[{"name":"type","size":6},{"name":"accessKey","size":6}],[{"name":"lastUsedAt","size":6},{"name":"permissions","size":6}],[{"name":"expiresAt","size":6},{"name":"lifespan","size":4}]]},"uid":"admin::api-token"}','object',NULL,NULL);
INSERT INTO strapi_core_store_settings VALUES(26,'plugin_content_manager_configuration_content_types::admin::api-token-permission','{"settings":{"bulkable":true,"filterable":true,"searchable":true,"pageSize":10,"mainField":"action","defaultSortBy":"action","defaultSortOrder":"ASC"},"metadatas":{"id":{"edit":{},"list":{"label":"id","searchable":true,"sortable":true}},"action":{"edit":{"label":"action","description":"","placeholder":"","visible":true,"editable":true},"list":{"label":"action","searchable":true,"sortable":true}},"token":{"edit":{"label":"token","description":"","placeholder":"","visible":true,"editable":true,"mainField":"name"},"list":{"label":"token","searchable":true,"sortable":true}},"createdAt":{"edit":{"label":"createdAt","description":"","placeholder":"","visible":false,"editable":true},"list":{"label":"createdAt","searchable":true,"sortable":true}},"updatedAt":{"edit":{"label":"updatedAt","description":"","placeholder":"","visible":false,"editable":true},"list":{"label":"updatedAt","searchable":true,"sortable":true}},"createdBy":{"edit":{"label":"createdBy","description":"","placeholder":"","visible":false,"editable":true,"mainField":"firstname"},"list":{"label":"createdBy","searchable":true,"sortable":true}},"updatedBy":{"edit":{"label":"updatedBy","description":"","placeholder":"","visible":false,"editable":true,"mainField":"firstname"},"list":{"label":"updatedBy","searchable":true,"sortable":true}}},"layouts":{"list":["id","action","token","createdAt"],"edit":[[{"name":"action","size":6},{"name":"token","size":6}]]},"uid":"admin::api-token-permission"}','object',NULL,NULL);
INSERT INTO strapi_core_store_settings VALUES(27,'plugin_content_manager_configuration_content_types::admin::transfer-token','{"settings":{"bulkable":true,"filterable":true,"searchable":true,"pageSize":10,"mainField":"name","defaultSortBy":"name","defaultSortOrder":"ASC"},"metadatas":{"id":{"edit":{},"list":{"label":"id","searchable":true,"sortable":true}},"name":{"edit":{"label":"name","description":"","placeholder":"","visible":true,"editable":true},"list":{"label":"name","searchable":true,"sortable":true}},"description":{"edit":{"label":"description","description":"","placeholder":"","visible":true,"editable":true},"list":{"label":"description","searchable":true,"sortable":true}},"accessKey":{"edit":{"label":"accessKey","description":"","placeholder":"","visible":true,"editable":true},"list":{"label":"accessKey","searchable":true,"sortable":true}},"lastUsedAt":{"edit":{"label":"lastUsedAt","description":"","placeholder":"","visible":true,"editable":true},"list":{"label":"lastUsedAt","searchable":true,"sortable":true}},"permissions":{"edit":{"label":"permissions","description":"","placeholder":"","visible":true,"editable":true,"mainField":"action"},"list":{"label":"permissions","searchable":false,"sortable":false}},"expiresAt":{"edit":{"label":"expiresAt","description":"","placeholder":"","visible":true,"editable":true},"list":{"label":"expiresAt","searchable":true,"sortable":true}},"lifespan":{"edit":{"label":"lifespan","description":"","placeholder":"","visible":true,"editable":true},"list":{"label":"lifespan","searchable":true,"sortable":true}},"createdAt":{"edit":{"label":"createdAt","description":"","placeholder":"","visible":false,"editable":true},"list":{"label":"createdAt","searchable":true,"sortable":true}},"updatedAt":{"edit":{"label":"updatedAt","description":"","placeholder":"","visible":false,"editable":true},"list":{"label":"updatedAt","searchable":true,"sortable":true}},"createdBy":{"edit":{"label":"createdBy","description":"","placeholder":"","visible":false,"editable":true,"mainField":"firstname"},"list":{"label":"createdBy","searchable":true,"sortable":true}},"updatedBy":{"edit":{"label":"updatedBy","description":"","placeholder":"","visible":false,"editable":true,"mainField":"firstname"},"list":{"label":"updatedBy","searchable":true,"sortable":true}}},"layouts":{"list":["id","name","description","accessKey"],"edit":[[{"name":"name","size":6},{"name":"description","size":6}],[{"name":"accessKey","size":6},{"name":"lastUsedAt","size":6}],[{"name":"permissions","size":6},{"name":"expiresAt","size":6}],[{"name":"lifespan","size":4}]]},"uid":"admin::transfer-token"}','object',NULL,NULL);
INSERT INTO strapi_core_store_settings VALUES(28,'plugin_content_manager_configuration_content_types::admin::transfer-token-permission','{"settings":{"bulkable":true,"filterable":true,"searchable":true,"pageSize":10,"mainField":"action","defaultSortBy":"action","defaultSortOrder":"ASC"},"metadatas":{"id":{"edit":{},"list":{"label":"id","searchable":true,"sortable":true}},"action":{"edit":{"label":"action","description":"","placeholder":"","visible":true,"editable":true},"list":{"label":"action","searchable":true,"sortable":true}},"token":{"edit":{"label":"token","description":"","placeholder":"","visible":true,"editable":true,"mainField":"name"},"list":{"label":"token","searchable":true,"sortable":true}},"createdAt":{"edit":{"label":"createdAt","description":"","placeholder":"","visible":false,"editable":true},"list":{"label":"createdAt","searchable":true,"sortable":true}},"updatedAt":{"edit":{"label":"updatedAt","description":"","placeholder":"","visible":false,"editable":true},"list":{"label":"updatedAt","searchable":true,"sortable":true}},"createdBy":{"edit":{"label":"createdBy","description":"","placeholder":"","visible":false,"editable":true,"mainField":"firstname"},"list":{"label":"createdBy","searchable":true,"sortable":true}},"updatedBy":{"edit":{"label":"updatedBy","description":"","placeholder":"","visible":false,"editable":true,"mainField":"firstname"},"list":{"label":"updatedBy","searchable":true,"sortable":true}}},"layouts":{"list":["id","action","token","createdAt"],"edit":[[{"name":"action","size":6},{"name":"token","size":6}]]},"uid":"admin::transfer-token-permission"}','object',NULL,NULL);
INSERT INTO strapi_core_store_settings VALUES(29,'plugin_upload_settings','{"sizeOptimization":true,"responsiveDimensions":true,"autoOrientation":false}','object',NULL,NULL);
INSERT INTO strapi_core_store_settings VALUES(30,'plugin_upload_view_configuration','{"pageSize":10,"sort":"createdAt:DESC"}','object',NULL,NULL);
INSERT INTO strapi_core_store_settings VALUES(31,'plugin_upload_metrics','{"weeklySchedule":"29 24 11 * * 1","lastWeeklyUpdate":1746424469025}','object',NULL,NULL);
INSERT INTO strapi_core_store_settings VALUES(32,'plugin_i18n_default_locale','"en"','string',NULL,NULL);
INSERT INTO strapi_core_store_settings VALUES(33,'plugin_users-permissions_grant','{"email":{"icon":"envelope","enabled":true},"discord":{"icon":"discord","enabled":false,"key":"","secret":"","callbackUrl":"api/auth/discord/callback","scope":["identify","email"]},"facebook":{"icon":"facebook-square","enabled":false,"key":"","secret":"","callbackUrl":"api/auth/facebook/callback","scope":["email"]},"google":{"icon":"google","enabled":false,"key":"","secret":"","callbackUrl":"api/auth/google/callback","scope":["email"]},"github":{"icon":"github","enabled":false,"key":"","secret":"","callbackUrl":"api/auth/github/callback","scope":["user","user:email"]},"microsoft":{"icon":"windows","enabled":false,"key":"","secret":"","callbackUrl":"api/auth/microsoft/callback","scope":["user.read"]},"twitter":{"icon":"twitter","enabled":false,"key":"","secret":"","callbackUrl":"api/auth/twitter/callback"},"instagram":{"icon":"instagram","enabled":false,"key":"","secret":"","callbackUrl":"api/auth/instagram/callback","scope":["user_profile"]},"vk":{"icon":"vk","enabled":false,"key":"","secret":"","callbackUrl":"api/auth/vk/callback","scope":["email"]},"twitch":{"icon":"twitch","enabled":false,"key":"","secret":"","callbackUrl":"api/auth/twitch/callback","scope":["user:read:email"]},"linkedin":{"icon":"linkedin","enabled":false,"key":"","secret":"","callbackUrl":"api/auth/linkedin/callback","scope":["r_liteprofile","r_emailaddress"]},"cognito":{"icon":"aws","enabled":false,"key":"","secret":"","subdomain":"my.subdomain.com","callback":"api/auth/cognito/callback","scope":["email","openid","profile"]},"reddit":{"icon":"reddit","enabled":false,"key":"","secret":"","callback":"api/auth/reddit/callback","scope":["identity"]},"auth0":{"icon":"","enabled":false,"key":"","secret":"","subdomain":"my-tenant.eu","callback":"api/auth/auth0/callback","scope":["openid","email","profile"]},"cas":{"icon":"book","enabled":false,"key":"","secret":"","callback":"api/auth/cas/callback","scope":["openid email"],"subdomain":"my.subdomain.com/cas"},"patreon":{"icon":"","enabled":false,"key":"","secret":"","callback":"api/auth/patreon/callback","scope":["identity","identity[email]"]},"keycloak":{"icon":"","enabled":false,"key":"","secret":"","subdomain":"myKeycloakProvider.com/realms/myrealm","callback":"api/auth/keycloak/callback","scope":["openid","email","profile"]}}','object',NULL,NULL);
INSERT INTO strapi_core_store_settings VALUES(34,'plugin_users-permissions_email','{"reset_password":{"display":"Email.template.reset_password","icon":"sync","options":{"from":{"name":"Administration Panel","email":"no-reply@strapi.io"},"response_email":"","object":"Reset password","message":"<p>We heard that you lost your password. Sorry about that!</p>\n\n<p>But dont worry! You can use the following link to reset your password:</p>\n<p><%= URL %>?code=<%= TOKEN %></p>\n\n<p>Thanks.</p>"}},"email_confirmation":{"display":"Email.template.email_confirmation","icon":"check-square","options":{"from":{"name":"Administration Panel","email":"no-reply@strapi.io"},"response_email":"","object":"Account confirmation","message":"<p>Thank you for registering!</p>\n\n<p>You have to confirm your email address. Please click on the link below.</p>\n\n<p><%= URL %>?confirmation=<%= CODE %></p>\n\n<p>Thanks.</p>"}}}','object',NULL,NULL);
INSERT INTO strapi_core_store_settings VALUES(35,'plugin_users-permissions_advanced','{"unique_email":true,"allow_register":true,"email_confirmation":false,"email_reset_password":null,"email_confirmation_redirection":null,"default_role":"authenticated"}','object',NULL,NULL);
INSERT INTO strapi_core_store_settings VALUES(36,'core_admin_auth','{"providers":{"autoRegister":false,"defaultRole":null,"ssoLockedRoles":null}}','object',NULL,NULL);
INSERT INTO strapi_core_store_settings VALUES(37,'type_setup_initHasRun','true','boolean','development',NULL);
INSERT INTO strapi_core_store_settings VALUES(38,'plugin_content_manager_configuration_components::shared.table','{"settings":{"bulkable":true,"filterable":true,"searchable":true,"pageSize":10,"mainField":"id","defaultSortBy":"id","defaultSortOrder":"ASC"},"metadatas":{"id":{"edit":{},"list":{"label":"id","searchable":false,"sortable":false}},"row":{"edit":{"label":"row","description":"","placeholder":"","visible":true,"editable":true},"list":{"label":"row","searchable":false,"sortable":false}}},"layouts":{"list":["id","row"],"edit":[[{"name":"row","size":12}]]},"uid":"shared.table","isComponent":true}','object',NULL,NULL);
INSERT INTO strapi_core_store_settings VALUES(39,'plugin_content_manager_configuration_content_types::api::dtp-service.dtp-service','{"settings":{"bulkable":true,"filterable":true,"searchable":true,"pageSize":10,"mainField":"Title","defaultSortBy":"Title","defaultSortOrder":"ASC"},"metadatas":{"id":{"edit":{},"list":{"label":"id","searchable":true,"sortable":true}},"Title":{"edit":{"label":"Title","description":"","placeholder":"","visible":true,"editable":true},"list":{"label":"Title","searchable":true,"sortable":true}},"Blocks":{"edit":{"label":"Blocks","description":"","placeholder":"","visible":true,"editable":true},"list":{"label":"Blocks","searchable":false,"sortable":false}},"createdAt":{"edit":{"label":"createdAt","description":"","placeholder":"","visible":false,"editable":true},"list":{"label":"createdAt","searchable":true,"sortable":true}},"updatedAt":{"edit":{"label":"updatedAt","description":"","placeholder":"","visible":false,"editable":true},"list":{"label":"updatedAt","searchable":true,"sortable":true}},"createdBy":{"edit":{"label":"createdBy","description":"","placeholder":"","visible":false,"editable":true,"mainField":"firstname"},"list":{"label":"createdBy","searchable":true,"sortable":true}},"updatedBy":{"edit":{"label":"updatedBy","description":"","placeholder":"","visible":false,"editable":true,"mainField":"firstname"},"list":{"label":"updatedBy","searchable":true,"sortable":true}}},"layouts":{"list":["id","Title","createdAt","updatedAt"],"edit":[[{"name":"Title","size":6}],[{"name":"Blocks","size":12}]]},"uid":"api::dtp-service.dtp-service"}','object',NULL,NULL);
INSERT INTO strapi_core_store_settings VALUES(40,'plugin_content_manager_configuration_components::table.row','{"settings":{"bulkable":true,"filterable":true,"searchable":true,"pageSize":10,"mainField":"id","defaultSortBy":"id","defaultSortOrder":"ASC"},"metadatas":{"id":{"edit":{},"list":{"label":"id","searchable":false,"sortable":false}},"Data":{"edit":{"label":"Data","description":"","placeholder":"","visible":true,"editable":true},"list":{"label":"Data","searchable":false,"sortable":false}}},"layouts":{"list":["id"],"edit":[[{"name":"Data","size":12}]]},"uid":"table.row","isComponent":true}','object',NULL,NULL);
INSERT INTO strapi_core_store_settings VALUES(41,'plugin_content_manager_configuration_components::shared.paragraph','{"settings":{"bulkable":true,"filterable":true,"searchable":true,"pageSize":10,"mainField":"id","defaultSortBy":"id","defaultSortOrder":"ASC"},"metadatas":{"id":{"edit":{},"list":{"label":"id","searchable":false,"sortable":false}},"paragraph":{"edit":{"label":"paragraph","description":"","placeholder":"","visible":true,"editable":true},"list":{"label":"paragraph","searchable":false,"sortable":false}}},"layouts":{"list":["id"],"edit":[[{"name":"paragraph","size":12}]]},"uid":"shared.paragraph","isComponent":true}','object',NULL,NULL);
INSERT INTO strapi_core_store_settings VALUES(42,'plugin_content_manager_configuration_components::shared.media-block','{"settings":{"bulkable":true,"filterable":true,"searchable":true,"pageSize":10,"mainField":"title","defaultSortBy":"id","defaultSortOrder":"ASC"},"metadatas":{"id":{"edit":{},"list":{"label":"id","searchable":false,"sortable":false}},"media":{"edit":{"label":"media","description":"","placeholder":"","visible":true,"editable":true},"list":{"label":"media","searchable":false,"sortable":false}},"description":{"edit":{"label":"description","description":"","placeholder":"","visible":true,"editable":true},"list":{"label":"description","searchable":false,"sortable":false}},"title":{"edit":{"label":"title","description":"","placeholder":"","visible":true,"editable":true},"list":{"label":"title","searchable":true,"sortable":true}}},"layouts":{"edit":[[{"name":"title","size":6},{"name":"media","size":6}],[{"name":"description","size":12}]],"list":["id","media","title"]},"uid":"shared.media-block","isComponent":true}','object',NULL,NULL);
INSERT INTO strapi_core_store_settings VALUES(43,'plugin_content_manager_configuration_content_types::api::translation-type.translation-type','{"settings":{"bulkable":true,"filterable":true,"searchable":true,"pageSize":10,"mainField":"title","defaultSortBy":"title","defaultSortOrder":"ASC"},"metadatas":{"id":{"edit":{},"list":{"label":"id","searchable":true,"sortable":true}},"title":{"edit":{"label":"title","description":"","placeholder":"","visible":true,"editable":true},"list":{"label":"title","searchable":true,"sortable":true}},"Media":{"edit":{"label":"Media","description":"","placeholder":"","visible":true,"editable":true},"list":{"label":"Media","searchable":false,"sortable":false}},"createdAt":{"edit":{"label":"createdAt","description":"","placeholder":"","visible":false,"editable":true},"list":{"label":"createdAt","searchable":true,"sortable":true}},"updatedAt":{"edit":{"label":"updatedAt","description":"","placeholder":"","visible":false,"editable":true},"list":{"label":"updatedAt","searchable":true,"sortable":true}},"createdBy":{"edit":{"label":"createdBy","description":"","placeholder":"","visible":false,"editable":true,"mainField":"firstname"},"list":{"label":"createdBy","searchable":true,"sortable":true}},"updatedBy":{"edit":{"label":"updatedBy","description":"","placeholder":"","visible":false,"editable":true,"mainField":"firstname"},"list":{"label":"updatedBy","searchable":true,"sortable":true}}},"layouts":{"list":["id","title","createdAt","Media"],"edit":[[{"name":"title","size":6}],[{"name":"Media","size":12}]]},"uid":"api::translation-type.translation-type"}','object',NULL,NULL);
INSERT INTO strapi_core_store_settings VALUES(44,'plugin_content_manager_configuration_content_types::api::banner.banner','{"settings":{"bulkable":true,"filterable":true,"searchable":true,"pageSize":10,"mainField":"id","defaultSortBy":"id","defaultSortOrder":"ASC"},"metadatas":{"id":{"edit":{},"list":{"label":"id","searchable":true,"sortable":true}},"Media":{"edit":{"label":"Media","description":"","placeholder":"","visible":true,"editable":true},"list":{"label":"Media","searchable":false,"sortable":false}},"createdAt":{"edit":{"label":"createdAt","description":"","placeholder":"","visible":false,"editable":true},"list":{"label":"createdAt","searchable":true,"sortable":true}},"updatedAt":{"edit":{"label":"updatedAt","description":"","placeholder":"","visible":false,"editable":true},"list":{"label":"updatedAt","searchable":true,"sortable":true}},"createdBy":{"edit":{"label":"createdBy","description":"","placeholder":"","visible":false,"editable":true,"mainField":"firstname"},"list":{"label":"createdBy","searchable":true,"sortable":true}},"updatedBy":{"edit":{"label":"updatedBy","description":"","placeholder":"","visible":false,"editable":true,"mainField":"firstname"},"list":{"label":"updatedBy","searchable":true,"sortable":true}}},"layouts":{"list":["id","Media","createdAt","updatedAt"],"edit":[[{"name":"Media","size":12}]]},"uid":"api::banner.banner"}','object',NULL,NULL);
INSERT INTO strapi_core_store_settings VALUES(45,'plugin_content_manager_configuration_components::shared.content-component','{"settings":{"bulkable":true,"filterable":true,"searchable":true,"pageSize":10,"mainField":"id","defaultSortBy":"id","defaultSortOrder":"ASC"},"metadatas":{"id":{"edit":{},"list":{"label":"id","searchable":false,"sortable":false}},"media":{"edit":{"label":"media","description":"","placeholder":"","visible":true,"editable":true},"list":{"label":"media","searchable":false,"sortable":false}},"description":{"edit":{"label":"description","description":"","placeholder":"","visible":true,"editable":true},"list":{"label":"description","searchable":false,"sortable":false}}},"layouts":{"list":["id","media"],"edit":[[{"name":"media","size":6}],[{"name":"description","size":12}]]},"uid":"shared.content-component","isComponent":true}','object',NULL,NULL);
INSERT INTO strapi_core_store_settings VALUES(47,'plugin_content_manager_configuration_content_types::api::english-translation-service.english-translation-service','{"settings":{"bulkable":true,"filterable":true,"searchable":true,"pageSize":10,"mainField":"id","defaultSortBy":"id","defaultSortOrder":"ASC"},"metadatas":{"id":{"edit":{},"list":{"label":"id","searchable":true,"sortable":true}},"Blocks":{"edit":{"label":"Blocks","description":"","placeholder":"","visible":true,"editable":true},"list":{"label":"Blocks","searchable":false,"sortable":false}},"title":{"edit":{"label":"title","description":"","placeholder":"","visible":true,"editable":true},"list":{"label":"title","searchable":true,"sortable":true}},"createdAt":{"edit":{"label":"createdAt","description":"","placeholder":"","visible":false,"editable":true},"list":{"label":"createdAt","searchable":true,"sortable":true}},"updatedAt":{"edit":{"label":"updatedAt","description":"","placeholder":"","visible":false,"editable":true},"list":{"label":"updatedAt","searchable":true,"sortable":true}},"createdBy":{"edit":{"label":"createdBy","description":"","placeholder":"","visible":false,"editable":true,"mainField":"firstname"},"list":{"label":"createdBy","searchable":true,"sortable":true}},"updatedBy":{"edit":{"label":"updatedBy","description":"","placeholder":"","visible":false,"editable":true,"mainField":"firstname"},"list":{"label":"updatedBy","searchable":true,"sortable":true}}},"layouts":{"edit":[[{"name":"title","size":6}],[{"name":"Blocks","size":12}]],"list":["id","createdAt","updatedAt","createdBy"]},"uid":"api::english-translation-service.english-translation-service"}','object',NULL,NULL);
INSERT INTO strapi_core_store_settings VALUES(50,'plugin_content_manager_configuration_content_types::api::content-writing-service.content-writing-service','{"settings":{"bulkable":true,"filterable":true,"searchable":true,"pageSize":10,"mainField":"title","defaultSortBy":"title","defaultSortOrder":"ASC"},"metadatas":{"id":{"edit":{},"list":{"label":"id","searchable":true,"sortable":true}},"title":{"edit":{"label":"title","description":"","placeholder":"","visible":true,"editable":true},"list":{"label":"title","searchable":true,"sortable":true}},"Blocks":{"edit":{"label":"Blocks","description":"","placeholder":"","visible":true,"editable":true},"list":{"label":"Blocks","searchable":false,"sortable":false}},"createdAt":{"edit":{"label":"createdAt","description":"","placeholder":"","visible":false,"editable":true},"list":{"label":"createdAt","searchable":true,"sortable":true}},"updatedAt":{"edit":{"label":"updatedAt","description":"","placeholder":"","visible":false,"editable":true},"list":{"label":"updatedAt","searchable":true,"sortable":true}},"createdBy":{"edit":{"label":"createdBy","description":"","placeholder":"","visible":false,"editable":true,"mainField":"firstname"},"list":{"label":"createdBy","searchable":true,"sortable":true}},"updatedBy":{"edit":{"label":"updatedBy","description":"","placeholder":"","visible":false,"editable":true,"mainField":"firstname"},"list":{"label":"updatedBy","searchable":true,"sortable":true}}},"layouts":{"list":["id","title","createdAt","updatedAt"],"edit":[[{"name":"title","size":6}],[{"name":"Blocks","size":12}]]},"uid":"api::content-writing-service.content-writing-service"}','object',NULL,NULL);
INSERT INTO strapi_core_store_settings VALUES(51,'plugin_content_manager_configuration_content_types::api::localization-service.localization-service','{"settings":{"bulkable":true,"filterable":true,"searchable":true,"pageSize":10,"mainField":"title","defaultSortBy":"title","defaultSortOrder":"ASC"},"metadatas":{"id":{"edit":{},"list":{"label":"id","searchable":true,"sortable":true}},"title":{"edit":{"label":"title","description":"","placeholder":"","visible":true,"editable":true},"list":{"label":"title","searchable":true,"sortable":true}},"Blocks":{"edit":{"label":"Blocks","description":"","placeholder":"","visible":true,"editable":true},"list":{"label":"Blocks","searchable":false,"sortable":false}},"createdAt":{"edit":{"label":"createdAt","description":"","placeholder":"","visible":false,"editable":true},"list":{"label":"createdAt","searchable":true,"sortable":true}},"updatedAt":{"edit":{"label":"updatedAt","description":"","placeholder":"","visible":false,"editable":true},"list":{"label":"updatedAt","searchable":true,"sortable":true}},"createdBy":{"edit":{"label":"createdBy","description":"","placeholder":"","visible":false,"editable":true,"mainField":"firstname"},"list":{"label":"createdBy","searchable":true,"sortable":true}},"updatedBy":{"edit":{"label":"updatedBy","description":"","placeholder":"","visible":false,"editable":true,"mainField":"firstname"},"list":{"label":"updatedBy","searchable":true,"sortable":true}}},"layouts":{"list":["id","title","createdAt","updatedAt"],"edit":[[{"name":"title","size":6}],[{"name":"Blocks","size":12}]]},"uid":"api::localization-service.localization-service"}','object',NULL,NULL);
INSERT INTO strapi_core_store_settings VALUES(52,'plugin_content_manager_configuration_content_types::api::project-service.project-service','{"settings":{"bulkable":true,"filterable":true,"searchable":true,"pageSize":10,"mainField":"title","defaultSortBy":"title","defaultSortOrder":"ASC"},"metadatas":{"id":{"edit":{},"list":{"label":"id","searchable":true,"sortable":true}},"title":{"edit":{"label":"title","description":"","placeholder":"","visible":true,"editable":true},"list":{"label":"title","searchable":true,"sortable":true}},"Blocks":{"edit":{"label":"Blocks","description":"","placeholder":"","visible":true,"editable":true},"list":{"label":"Blocks","searchable":false,"sortable":false}},"createdAt":{"edit":{"label":"createdAt","description":"","placeholder":"","visible":false,"editable":true},"list":{"label":"createdAt","searchable":true,"sortable":true}},"updatedAt":{"edit":{"label":"updatedAt","description":"","placeholder":"","visible":false,"editable":true},"list":{"label":"updatedAt","searchable":true,"sortable":true}},"createdBy":{"edit":{"label":"createdBy","description":"","placeholder":"","visible":false,"editable":true,"mainField":"firstname"},"list":{"label":"createdBy","searchable":true,"sortable":true}},"updatedBy":{"edit":{"label":"updatedBy","description":"","placeholder":"","visible":false,"editable":true,"mainField":"firstname"},"list":{"label":"updatedBy","searchable":true,"sortable":true}}},"layouts":{"list":["id","title","createdAt","updatedAt"],"edit":[[{"name":"title","size":6}],[{"name":"Blocks","size":12}]]},"uid":"api::project-service.project-service"}','object',NULL,NULL);
INSERT INTO strapi_core_store_settings VALUES(53,'plugin_content_manager_configuration_content_types::api::proof-reading-service.proof-reading-service','{"settings":{"bulkable":true,"filterable":true,"searchable":true,"pageSize":10,"mainField":"title","defaultSortBy":"title","defaultSortOrder":"ASC"},"metadatas":{"id":{"edit":{},"list":{"label":"id","searchable":true,"sortable":true}},"title":{"edit":{"label":"title","description":"","placeholder":"","visible":true,"editable":true},"list":{"label":"title","searchable":true,"sortable":true}},"Blocks":{"edit":{"label":"Blocks","description":"","placeholder":"","visible":true,"editable":true},"list":{"label":"Blocks","searchable":false,"sortable":false}},"createdAt":{"edit":{"label":"createdAt","description":"","placeholder":"","visible":false,"editable":true},"list":{"label":"createdAt","searchable":true,"sortable":true}},"updatedAt":{"edit":{"label":"updatedAt","description":"","placeholder":"","visible":false,"editable":true},"list":{"label":"updatedAt","searchable":true,"sortable":true}},"createdBy":{"edit":{"label":"createdBy","description":"","placeholder":"","visible":false,"editable":true,"mainField":"firstname"},"list":{"label":"createdBy","searchable":true,"sortable":true}},"updatedBy":{"edit":{"label":"updatedBy","description":"","placeholder":"","visible":false,"editable":true,"mainField":"firstname"},"list":{"label":"updatedBy","searchable":true,"sortable":true}}},"layouts":{"list":["id","title","createdAt","updatedAt"],"edit":[[{"name":"title","size":6}],[{"name":"Blocks","size":12}]]},"uid":"api::proof-reading-service.proof-reading-service"}','object',NULL,NULL);
INSERT INTO strapi_core_store_settings VALUES(54,'plugin_content_manager_configuration_content_types::api::interpretation-service.interpretation-service','{"settings":{"bulkable":true,"filterable":true,"searchable":true,"pageSize":10,"mainField":"title","defaultSortBy":"title","defaultSortOrder":"ASC"},"metadatas":{"id":{"edit":{},"list":{"label":"id","searchable":true,"sortable":true}},"title":{"edit":{"label":"title","description":"","placeholder":"","visible":true,"editable":true},"list":{"label":"title","searchable":true,"sortable":true}},"Blocks":{"edit":{"label":"Blocks","description":"","placeholder":"","visible":true,"editable":true},"list":{"label":"Blocks","searchable":false,"sortable":false}},"createdAt":{"edit":{"label":"createdAt","description":"","placeholder":"","visible":false,"editable":true},"list":{"label":"createdAt","searchable":true,"sortable":true}},"updatedAt":{"edit":{"label":"updatedAt","description":"","placeholder":"","visible":false,"editable":true},"list":{"label":"updatedAt","searchable":true,"sortable":true}},"createdBy":{"edit":{"label":"createdBy","description":"","placeholder":"","visible":false,"editable":true,"mainField":"firstname"},"list":{"label":"createdBy","searchable":true,"sortable":true}},"updatedBy":{"edit":{"label":"updatedBy","description":"","placeholder":"","visible":false,"editable":true,"mainField":"firstname"},"list":{"label":"updatedBy","searchable":true,"sortable":true}}},"layouts":{"list":["id","title","createdAt","updatedAt"],"edit":[[{"name":"title","size":6}],[{"name":"Blocks","size":12}]]},"uid":"api::interpretation-service.interpretation-service"}','object',NULL,NULL);
INSERT INTO strapi_core_store_settings VALUES(55,'plugin_content_manager_configuration_content_types::api::audio-visual-service.audio-visual-service','{"settings":{"bulkable":true,"filterable":true,"searchable":true,"pageSize":10,"mainField":"title","defaultSortBy":"title","defaultSortOrder":"ASC"},"metadatas":{"id":{"edit":{},"list":{"label":"id","searchable":true,"sortable":true}},"title":{"edit":{"label":"title","description":"","placeholder":"","visible":true,"editable":true},"list":{"label":"title","searchable":true,"sortable":true}},"Blocks":{"edit":{"label":"Blocks","description":"","placeholder":"","visible":true,"editable":true},"list":{"label":"Blocks","searchable":false,"sortable":false}},"createdAt":{"edit":{"label":"createdAt","description":"","placeholder":"","visible":false,"editable":true},"list":{"label":"createdAt","searchable":true,"sortable":true}},"updatedAt":{"edit":{"label":"updatedAt","description":"","placeholder":"","visible":false,"editable":true},"list":{"label":"updatedAt","searchable":true,"sortable":true}},"createdBy":{"edit":{"label":"createdBy","description":"","placeholder":"","visible":false,"editable":true,"mainField":"firstname"},"list":{"label":"createdBy","searchable":true,"sortable":true}},"updatedBy":{"edit":{"label":"updatedBy","description":"","placeholder":"","visible":false,"editable":true,"mainField":"firstname"},"list":{"label":"updatedBy","searchable":true,"sortable":true}}},"layouts":{"list":["id","title","createdAt","updatedAt"],"edit":[[{"name":"title","size":6}],[{"name":"Blocks","size":12}]]},"uid":"api::audio-visual-service.audio-visual-service"}','object',NULL,NULL);
INSERT INTO strapi_core_store_settings VALUES(56,'plugin_content_manager_configuration_content_types::api::translation-service.translation-service','{"settings":{"bulkable":true,"filterable":true,"searchable":true,"pageSize":10,"mainField":"title","defaultSortBy":"title","defaultSortOrder":"ASC"},"metadatas":{"id":{"edit":{},"list":{"label":"id","searchable":true,"sortable":true}},"title":{"edit":{"label":"title","description":"","placeholder":"","visible":true,"editable":true},"list":{"label":"title","searchable":true,"sortable":true}},"Blocks":{"edit":{"label":"Blocks","description":"","placeholder":"","visible":true,"editable":true},"list":{"label":"Blocks","searchable":false,"sortable":false}},"createdAt":{"edit":{"label":"createdAt","description":"","placeholder":"","visible":false,"editable":true},"list":{"label":"createdAt","searchable":true,"sortable":true}},"updatedAt":{"edit":{"label":"updatedAt","description":"","placeholder":"","visible":false,"editable":true},"list":{"label":"updatedAt","searchable":true,"sortable":true}},"createdBy":{"edit":{"label":"createdBy","description":"","placeholder":"","visible":false,"editable":true,"mainField":"firstname"},"list":{"label":"createdBy","searchable":true,"sortable":true}},"updatedBy":{"edit":{"label":"updatedBy","description":"","placeholder":"","visible":false,"editable":true,"mainField":"firstname"},"list":{"label":"updatedBy","searchable":true,"sortable":true}}},"layouts":{"list":["id","title","createdAt","updatedAt"],"edit":[[{"name":"title","size":6}],[{"name":"Blocks","size":12}]]},"uid":"api::translation-service.translation-service"}','object',NULL,NULL);
CREATE TABLE `strapi_webhooks` (`id` integer not null primary key autoincrement, `name` varchar(255) null, `url` text null, `headers` json null, `events` json null, `enabled` boolean null);
CREATE TABLE IF NOT EXISTS "files" (`id` integer PRIMARY KEY SERIAL NOT NULL, `document_id` varchar(255) NULL, `name` varchar(255) NULL, `alternative_text` varchar(255) NULL, `caption` varchar(255) NULL, `width` integer NULL, `height` integer NULL, `formats` json NULL, `hash` varchar(255) NULL, `ext` varchar(255) NULL, `mime` varchar(255) NULL, `size` float NULL, `url` varchar(255) NULL, `preview_url` varchar(255) NULL, `provider` varchar(255) NULL, `provider_metadata` json NULL, `folder_path` varchar(255) NULL, `created_at` datetime NULL, `updated_at` datetime NULL, `published_at` datetime NULL, `created_by_id` integer NULL, `updated_by_id` integer NULL, `locale` varchar(255) NULL, CONSTRAINT `files_created_by_id_fk` FOREIGN KEY (`created_by_id`) REFERENCES `admin_users` (`id`) ON DELETE SET NULL, CONSTRAINT `files_updated_by_id_fk` FOREIGN KEY (`updated_by_id`) REFERENCES `admin_users` (`id`) ON DELETE SET NULL, CONSTRAINT `files_created_by_id_fk` FOREIGN KEY (`created_by_id`) REFERENCES `admin_users` (`id`) ON DELETE SET NULL, CONSTRAINT `files_updated_by_id_fk` FOREIGN KEY (`updated_by_id`) REFERENCES `admin_users` (`id`) ON DELETE SET NULL);
INSERT INTO files VALUES(1,'jzgr2xiotp4sivqp7xu181fn','daviddoe@strapi','An image uploaded to Strapi called daviddoe@strapi','daviddoe@strapi',2418,2711,'{"thumbnail":{"name":"thumbnail_daviddoe@strapi","hash":"thumbnail_daviddoe_strapi_894dabf421","ext":".jpeg","mime":"image/jpeg","path":null,"width":139,"height":156,"size":4.2,"sizeInBytes":4201,"url":"/uploads/thumbnail_daviddoe_strapi_894dabf421.jpeg"},"small":{"name":"small_daviddoe@strapi","hash":"small_daviddoe_strapi_894dabf421","ext":".jpeg","mime":"image/jpeg","path":null,"width":446,"height":500,"size":22.43,"sizeInBytes":22427,"url":"/uploads/small_daviddoe_strapi_894dabf421.jpeg"},"medium":{"name":"medium_daviddoe@strapi","hash":"medium_daviddoe_strapi_894dabf421","ext":".jpeg","mime":"image/jpeg","path":null,"width":669,"height":750,"size":44.32,"sizeInBytes":44315,"url":"/uploads/medium_daviddoe_strapi_894dabf421.jpeg"},"large":{"name":"large_daviddoe@strapi","hash":"large_daviddoe_strapi_894dabf421","ext":".jpeg","mime":"image/jpeg","path":null,"width":892,"height":1000,"size":74.82,"sizeInBytes":74823,"url":"/uploads/large_daviddoe_strapi_894dabf421.jpeg"}}','daviddoe_strapi_894dabf421','.jpeg','image/jpeg',587.69000000000005457,'/uploads/daviddoe_strapi_894dabf421.jpeg',NULL,'local',NULL,'/',1745576142441,1745576142441,1745576142444,NULL,NULL,NULL);
INSERT INTO files VALUES(2,'sjztdn01l2td9pa6u7dex8ss','sarahbaker@strapi','An image uploaded to Strapi called sarahbaker@strapi','sarahbaker@strapi',3321,2746,'{"thumbnail":{"name":"thumbnail_sarahbaker@strapi","hash":"thumbnail_sarahbaker_strapi_b73efa55d4","ext":".jpeg","mime":"image/jpeg","path":null,"width":189,"height":156,"size":6.68,"sizeInBytes":6684,"url":"/uploads/thumbnail_sarahbaker_strapi_b73efa55d4.jpeg"},"small":{"name":"small_sarahbaker@strapi","hash":"small_sarahbaker_strapi_b73efa55d4","ext":".jpeg","mime":"image/jpeg","path":null,"width":500,"height":413,"size":30.54,"sizeInBytes":30537,"url":"/uploads/small_sarahbaker_strapi_b73efa55d4.jpeg"},"medium":{"name":"medium_sarahbaker@strapi","hash":"medium_sarahbaker_strapi_b73efa55d4","ext":".jpeg","mime":"image/jpeg","path":null,"width":750,"height":620,"size":61.49,"sizeInBytes":61487,"url":"/uploads/medium_sarahbaker_strapi_b73efa55d4.jpeg"},"large":{"name":"large_sarahbaker@strapi","hash":"large_sarahbaker_strapi_b73efa55d4","ext":".jpeg","mime":"image/jpeg","path":null,"width":1000,"height":827,"size":101.83,"sizeInBytes":101826,"url":"/uploads/large_sarahbaker_strapi_b73efa55d4.jpeg"}}','sarahbaker_strapi_b73efa55d4','.jpeg','image/jpeg',795.12999999999999546,'/uploads/sarahbaker_strapi_b73efa55d4.jpeg',NULL,'local',NULL,'/',1745576143001,1745576143001,1745576143001,NULL,NULL,NULL);
INSERT INTO files VALUES(3,'r7viikl7bb9mm7i123147akr','the-internet-s-own-boy','An image uploaded to Strapi called the-internet-s-own-boy','the-internet-s-own-boy',1200,707,'{"thumbnail":{"name":"thumbnail_the-internet-s-own-boy","hash":"thumbnail_the_internet_s_own_boy_3536c62bc8","ext":".jpeg","mime":"image/jpeg","path":null,"width":245,"height":144,"size":8.36,"sizeInBytes":8363,"url":"/uploads/thumbnail_the_internet_s_own_boy_3536c62bc8.jpeg"},"medium":{"name":"medium_the-internet-s-own-boy","hash":"medium_the_internet_s_own_boy_3536c62bc8","ext":".jpeg","mime":"image/jpeg","path":null,"width":750,"height":442,"size":45.97,"sizeInBytes":45972,"url":"/uploads/medium_the_internet_s_own_boy_3536c62bc8.jpeg"},"small":{"name":"small_the-internet-s-own-boy","hash":"small_the_internet_s_own_boy_3536c62bc8","ext":".jpeg","mime":"image/jpeg","path":null,"width":500,"height":295,"size":25.18,"sizeInBytes":25184,"url":"/uploads/small_the_internet_s_own_boy_3536c62bc8.jpeg"},"large":{"name":"large_the-internet-s-own-boy","hash":"large_the_internet_s_own_boy_3536c62bc8","ext":".jpeg","mime":"image/jpeg","path":null,"width":1000,"height":589,"size":70.12,"sizeInBytes":70123,"url":"/uploads/large_the_internet_s_own_boy_3536c62bc8.jpeg"}}','the_internet_s_own_boy_3536c62bc8','.jpeg','image/jpeg',91.549999999999997161,'/uploads/the_internet_s_own_boy_3536c62bc8.jpeg',NULL,'local',NULL,'/',1745576143124,1745576143124,1745576143125,NULL,NULL,NULL);
INSERT INTO files VALUES(4,'flqhfvgeuy3iw1o84uch86k2','coffee-art','An image uploaded to Strapi called coffee-art','coffee-art',5824,3259,'{"thumbnail":{"name":"thumbnail_coffee-art","hash":"thumbnail_coffee_art_7b08685e03","ext":".jpeg","mime":"image/jpeg","path":null,"width":245,"height":137,"size":5.86,"sizeInBytes":5855,"url":"/uploads/thumbnail_coffee_art_7b08685e03.jpeg"},"large":{"name":"large_coffee-art","hash":"large_coffee_art_7b08685e03","ext":".jpeg","mime":"image/jpeg","path":null,"width":1000,"height":559,"size":40.76,"sizeInBytes":40757,"url":"/uploads/large_coffee_art_7b08685e03.jpeg"},"medium":{"name":"medium_coffee-art","hash":"medium_coffee_art_7b08685e03","ext":".jpeg","mime":"image/jpeg","path":null,"width":750,"height":419,"size":27.05,"sizeInBytes":27046,"url":"/uploads/medium_coffee_art_7b08685e03.jpeg"},"small":{"name":"small_coffee-art","hash":"small_coffee_art_7b08685e03","ext":".jpeg","mime":"image/jpeg","path":null,"width":500,"height":280,"size":15.26,"sizeInBytes":15256,"url":"/uploads/small_coffee_art_7b08685e03.jpeg"}}','coffee_art_7b08685e03','.jpeg','image/jpeg',978.11000000000001362,'/uploads/coffee_art_7b08685e03.jpeg',NULL,'local',NULL,'/',1745576144296,1745576144296,1745576144296,NULL,NULL,NULL);
INSERT INTO files VALUES(5,'lym5si8qnc7fpoph73vxv7uf','coffee-beans','An image uploaded to Strapi called coffee-beans','coffee-beans',5021,3347,'{"thumbnail":{"name":"thumbnail_coffee-beans","hash":"thumbnail_coffee_beans_97dfaa7f9c","ext":".jpeg","mime":"image/jpeg","path":null,"width":234,"height":156,"size":7.97,"sizeInBytes":7969,"url":"/uploads/thumbnail_coffee_beans_97dfaa7f9c.jpeg"},"small":{"name":"small_coffee-beans","hash":"small_coffee_beans_97dfaa7f9c","ext":".jpeg","mime":"image/jpeg","path":null,"width":500,"height":333,"size":31.12,"sizeInBytes":31119,"url":"/uploads/small_coffee_beans_97dfaa7f9c.jpeg"},"medium":{"name":"medium_coffee-beans","hash":"medium_coffee_beans_97dfaa7f9c","ext":".jpeg","mime":"image/jpeg","path":null,"width":750,"height":500,"size":67.8,"sizeInBytes":67800,"url":"/uploads/medium_coffee_beans_97dfaa7f9c.jpeg"},"large":{"name":"large_coffee-beans","hash":"large_coffee_beans_97dfaa7f9c","ext":".jpeg","mime":"image/jpeg","path":null,"width":1000,"height":666,"size":115.63,"sizeInBytes":115625,"url":"/uploads/large_coffee_beans_97dfaa7f9c.jpeg"}}','coffee_beans_97dfaa7f9c','.jpeg','image/jpeg',2346.1999999999998182,'/uploads/coffee_beans_97dfaa7f9c.jpeg',NULL,'local',NULL,'/',1745576145551,1745576145551,1745576145552,NULL,NULL,NULL);
INSERT INTO files VALUES(6,'ntzspcxxeym7un9zcsta2l9g','this-shrimp-is-awesome','An image uploaded to Strapi called this-shrimp-is-awesome','this-shrimp-is-awesome',1200,630,'{"thumbnail":{"name":"thumbnail_this-shrimp-is-awesome","hash":"thumbnail_this_shrimp_is_awesome_959c5a56d4","ext":".jpeg","mime":"image/jpeg","path":null,"width":245,"height":129,"size":9.63,"sizeInBytes":9629,"url":"/uploads/thumbnail_this_shrimp_is_awesome_959c5a56d4.jpeg"},"small":{"name":"small_this-shrimp-is-awesome","hash":"small_this_shrimp_is_awesome_959c5a56d4","ext":".jpeg","mime":"image/jpeg","path":null,"width":500,"height":263,"size":27.02,"sizeInBytes":27016,"url":"/uploads/small_this_shrimp_is_awesome_959c5a56d4.jpeg"},"medium":{"name":"medium_this-shrimp-is-awesome","hash":"medium_this_shrimp_is_awesome_959c5a56d4","ext":".jpeg","mime":"image/jpeg","path":null,"width":750,"height":394,"size":48.24,"sizeInBytes":48237,"url":"/uploads/medium_this_shrimp_is_awesome_959c5a56d4.jpeg"},"large":{"name":"large_this-shrimp-is-awesome","hash":"large_this_shrimp_is_awesome_959c5a56d4","ext":".jpeg","mime":"image/jpeg","path":null,"width":1000,"height":525,"size":72.91,"sizeInBytes":72911,"url":"/uploads/large_this_shrimp_is_awesome_959c5a56d4.jpeg"}}','this_shrimp_is_awesome_959c5a56d4','.jpeg','image/jpeg',95.480000000000003982,'/uploads/this_shrimp_is_awesome_959c5a56d4.jpeg',NULL,'local',NULL,'/',1745576145668,1745576145668,1745576145668,NULL,NULL,NULL);
INSERT INTO files VALUES(7,'v97fqq7ejlijjng22hbe5kh1','a-bug-is-becoming-a-meme-on-the-internet','An image uploaded to Strapi called a-bug-is-becoming-a-meme-on-the-internet','a-bug-is-becoming-a-meme-on-the-internet',3628,2419,'{"thumbnail":{"name":"thumbnail_a-bug-is-becoming-a-meme-on-the-internet","hash":"thumbnail_a_bug_is_becoming_a_meme_on_the_internet_6beedf807c","ext":".jpeg","mime":"image/jpeg","path":null,"width":234,"height":156,"size":6.73,"sizeInBytes":6728,"url":"/uploads/thumbnail_a_bug_is_becoming_a_meme_on_the_internet_6beedf807c.jpeg"},"large":{"name":"large_a-bug-is-becoming-a-meme-on-the-internet","hash":"large_a_bug_is_becoming_a_meme_on_the_internet_6beedf807c","ext":".jpeg","mime":"image/jpeg","path":null,"width":1000,"height":666,"size":50.97,"sizeInBytes":50972,"url":"/uploads/large_a_bug_is_becoming_a_meme_on_the_internet_6beedf807c.jpeg"},"medium":{"name":"medium_a-bug-is-becoming-a-meme-on-the-internet","hash":"medium_a_bug_is_becoming_a_meme_on_the_internet_6beedf807c","ext":".jpeg","mime":"image/jpeg","path":null,"width":750,"height":500,"size":33.59,"sizeInBytes":33590,"url":"/uploads/medium_a_bug_is_becoming_a_meme_on_the_internet_6beedf807c.jpeg"},"small":{"name":"small_a-bug-is-becoming-a-meme-on-the-internet","hash":"small_a_bug_is_becoming_a_meme_on_the_internet_6beedf807c","ext":".jpeg","mime":"image/jpeg","path":null,"width":500,"height":333,"size":19.25,"sizeInBytes":19245,"url":"/uploads/small_a_bug_is_becoming_a_meme_on_the_internet_6beedf807c.jpeg"}}','a_bug_is_becoming_a_meme_on_the_internet_6beedf807c','.jpeg','image/jpeg',234.02000000000001023,'/uploads/a_bug_is_becoming_a_meme_on_the_internet_6beedf807c.jpeg',NULL,'local',NULL,'/',1745576146124,1745576146124,1745576146124,NULL,NULL,NULL);
INSERT INTO files VALUES(8,'a6h3djan5vh1dhnesqlgt9na','beautiful-picture','An image uploaded to Strapi called beautiful-picture','beautiful-picture',3824,2548,'{"thumbnail":{"name":"thumbnail_beautiful-picture","hash":"thumbnail_beautiful_picture_0c1b3ac80e","ext":".jpeg","mime":"image/jpeg","path":null,"width":234,"height":156,"size":6.44,"sizeInBytes":6436,"url":"/uploads/thumbnail_beautiful_picture_0c1b3ac80e.jpeg"},"medium":{"name":"medium_beautiful-picture","hash":"medium_beautiful_picture_0c1b3ac80e","ext":".jpeg","mime":"image/jpeg","path":null,"width":750,"height":500,"size":47.81,"sizeInBytes":47812,"url":"/uploads/medium_beautiful_picture_0c1b3ac80e.jpeg"},"small":{"name":"small_beautiful-picture","hash":"small_beautiful_picture_0c1b3ac80e","ext":".jpeg","mime":"image/jpeg","path":null,"width":500,"height":333,"size":23.35,"sizeInBytes":23351,"url":"/uploads/small_beautiful_picture_0c1b3ac80e.jpeg"},"large":{"name":"large_beautiful-picture","hash":"large_beautiful_picture_0c1b3ac80e","ext":".jpeg","mime":"image/jpeg","path":null,"width":1000,"height":666,"size":83.36,"sizeInBytes":83355,"url":"/uploads/large_beautiful_picture_0c1b3ac80e.jpeg"}}','beautiful_picture_0c1b3ac80e','.jpeg','image/jpeg',710.2799999999999727,'/uploads/beautiful_picture_0c1b3ac80e.jpeg',NULL,'local',NULL,'/',1745576146692,1745576146692,1745576146692,NULL,NULL,NULL);
INSERT INTO files VALUES(9,'rlef3vhgtezsdhajp4ksh8yf','what-s-inside-a-black-hole','An image uploaded to Strapi called what-s-inside-a-black-hole','what-s-inside-a-black-hole',800,466,'{"thumbnail":{"name":"thumbnail_what-s-inside-a-black-hole","hash":"thumbnail_what_s_inside_a_black_hole_b220076544","ext":".jpeg","mime":"image/jpeg","path":null,"width":245,"height":143,"size":1.56,"sizeInBytes":1556,"url":"/uploads/thumbnail_what_s_inside_a_black_hole_b220076544.jpeg"},"medium":{"name":"medium_what-s-inside-a-black-hole","hash":"medium_what_s_inside_a_black_hole_b220076544","ext":".jpeg","mime":"image/jpeg","path":null,"width":750,"height":437,"size":6.92,"sizeInBytes":6923,"url":"/uploads/medium_what_s_inside_a_black_hole_b220076544.jpeg"},"small":{"name":"small_what-s-inside-a-black-hole","hash":"small_what_s_inside_a_black_hole_b220076544","ext":".jpeg","mime":"image/jpeg","path":null,"width":500,"height":291,"size":3.87,"sizeInBytes":3867,"url":"/uploads/small_what_s_inside_a_black_hole_b220076544.jpeg"}}','what_s_inside_a_black_hole_b220076544','.jpeg','image/jpeg',7.5,'/uploads/what_s_inside_a_black_hole_b220076544.jpeg',NULL,'local',NULL,'/',1745576146783,1745576146783,1745576146784,NULL,NULL,NULL);
INSERT INTO files VALUES(10,'sfm240j9cl0prvsnkkkcfevw','favicon','An image uploaded to Strapi called favicon','favicon',512,512,'{"thumbnail":{"name":"thumbnail_favicon","hash":"thumbnail_favicon_c420c289fa","ext":".png","mime":"image/png","path":null,"width":156,"height":156,"size":4.61,"sizeInBytes":4605,"url":"/uploads/thumbnail_favicon_c420c289fa.png"},"small":{"name":"small_favicon","hash":"small_favicon_c420c289fa","ext":".png","mime":"image/png","path":null,"width":500,"height":500,"size":17.8,"sizeInBytes":17800,"url":"/uploads/small_favicon_c420c289fa.png"}}','favicon_c420c289fa','.png','image/png',2.7400000000000002131,'/uploads/favicon_c420c289fa.png',NULL,'local',NULL,'/',1745576146894,1745576146894,1745576146894,NULL,NULL,NULL);
INSERT INTO files VALUES(11,'o5voy796dvbtu0iv2knrj5uw','default-image','An image uploaded to Strapi called default-image','default-image',1208,715,'{"thumbnail":{"name":"thumbnail_default-image","hash":"thumbnail_default_image_df14c7e67a","ext":".png","mime":"image/png","path":null,"width":245,"height":145,"size":21.18,"sizeInBytes":21177,"url":"/uploads/thumbnail_default_image_df14c7e67a.png"},"small":{"name":"small_default-image","hash":"small_default_image_df14c7e67a","ext":".png","mime":"image/png","path":null,"width":500,"height":296,"size":75.58,"sizeInBytes":75579,"url":"/uploads/small_default_image_df14c7e67a.png"},"medium":{"name":"medium_default-image","hash":"medium_default_image_df14c7e67a","ext":".png","mime":"image/png","path":null,"width":750,"height":444,"size":174.82,"sizeInBytes":174821,"url":"/uploads/medium_default_image_df14c7e67a.png"},"large":{"name":"large_default-image","hash":"large_default_image_df14c7e67a","ext":".png","mime":"image/png","path":null,"width":1000,"height":592,"size":327.52,"sizeInBytes":327520,"url":"/uploads/large_default_image_df14c7e67a.png"}}','default_image_df14c7e67a','.png','image/png',81.599999999999994317,'/uploads/default_image_df14c7e67a.png',NULL,'local',NULL,'/',1745576147170,1745576147170,1745576147170,NULL,NULL,NULL);
INSERT INTO files VALUES(12,'nkfihtkk6w4li0uzq9a9qfbv','card1.png',NULL,NULL,473,247,'{"thumbnail":{"name":"thumbnail_card1.png","hash":"thumbnail_card1_c2ab7d2036","ext":".png","mime":"image/png","path":null,"width":245,"height":128,"size":78.62,"sizeInBytes":78620,"url":"/uploads/thumbnail_card1_c2ab7d2036.png"}}','card1_c2ab7d2036','.png','image/png',62.140000000000000569,'/uploads/card1_c2ab7d2036.png',NULL,'local',NULL,'/',1745832569761,1745832569761,1745832569761,1,1,NULL);
INSERT INTO files VALUES(13,'wdyrg7itbu4d8j15xs9ew7h0','card2.png',NULL,NULL,473,247,'{"thumbnail":{"name":"thumbnail_card2.png","hash":"thumbnail_card2_b0793f59ad","ext":".png","mime":"image/png","path":null,"width":245,"height":128,"size":69.29,"sizeInBytes":69288,"url":"/uploads/thumbnail_card2_b0793f59ad.png"}}','card2_b0793f59ad','.png','image/png',64.700000000000002843,'/uploads/card2_b0793f59ad.png',NULL,'local',NULL,'/',1745832569777,1745832569777,1745832569778,1,1,NULL);
INSERT INTO files VALUES(14,'pdfp8o5hn60ny3o4lux5wrtc','card3.png',NULL,NULL,473,247,'{"thumbnail":{"name":"thumbnail_card3.png","hash":"thumbnail_card3_eac88fae7d","ext":".png","mime":"image/png","path":null,"width":245,"height":128,"size":77.98,"sizeInBytes":77976,"url":"/uploads/thumbnail_card3_eac88fae7d.png"}}','card3_eac88fae7d','.png','image/png',62.539999999999999146,'/uploads/card3_eac88fae7d.png',NULL,'local',NULL,'/',1745832569826,1745832569826,1745832569827,1,1,NULL);
INSERT INTO files VALUES(15,'pvdgntkho0dz753nf4oyn6ny','card5.png',NULL,NULL,473,247,'{"thumbnail":{"name":"thumbnail_card5.png","hash":"thumbnail_card5_24bd32dada","ext":".png","mime":"image/png","path":null,"width":245,"height":128,"size":77.98,"sizeInBytes":77976,"url":"/uploads/thumbnail_card5_24bd32dada.png"}}','card5_24bd32dada','.png','image/png',62.539999999999999146,'/uploads/card5_24bd32dada.png',NULL,'local',NULL,'/',1745832569914,1745832648022,1745832569915,1,1,NULL);
INSERT INTO files VALUES(16,'lwf2jupj5s2m47ulauf68a7j','card4.png',NULL,NULL,473,247,'{"thumbnail":{"name":"thumbnail_card4.png","hash":"thumbnail_card4_eafdc447e4","ext":".png","mime":"image/png","path":null,"width":245,"height":128,"size":79.25,"sizeInBytes":79248,"url":"/uploads/thumbnail_card4_eafdc447e4.png"}}','card4_eafdc447e4','.png','image/png',75.390000000000000567,'/uploads/card4_eafdc447e4.png',NULL,'local',NULL,'/',1745832570718,1745832670715,1745832570719,1,1,NULL);
INSERT INTO files VALUES(17,'zh4n73n8f5tp4raoy0l7n2pv','card1.png',NULL,NULL,825,510,'{"thumbnail":{"name":"thumbnail_card1.png","hash":"thumbnail_card1_f15c68b03d","ext":".png","mime":"image/png","path":null,"width":245,"height":151,"size":63.93,"sizeInBytes":63927,"url":"/uploads/thumbnail_card1_f15c68b03d.png"},"small":{"name":"small_card1.png","hash":"small_card1_f15c68b03d","ext":".png","mime":"image/png","path":null,"width":500,"height":309,"size":253.04,"sizeInBytes":253037,"url":"/uploads/small_card1_f15c68b03d.png"},"medium":{"name":"medium_card1.png","hash":"medium_card1_f15c68b03d","ext":".png","mime":"image/png","path":null,"width":750,"height":464,"size":543.18,"sizeInBytes":543183,"url":"/uploads/medium_card1_f15c68b03d.png"}}','card1_f15c68b03d','.png','image/png',178.18999999999999773,'/uploads/card1_f15c68b03d.png',NULL,'local',NULL,'/',1745914103333,1745914103333,1745914103333,1,1,NULL);
INSERT INTO files VALUES(18,'vahh4jsoyv2811iix5yfk2s1','card2.png',NULL,NULL,825,510,'{"thumbnail":{"name":"thumbnail_card2.png","hash":"thumbnail_card2_2c9238c4c8","ext":".png","mime":"image/png","path":null,"width":245,"height":151,"size":51.07,"sizeInBytes":51071,"url":"/uploads/thumbnail_card2_2c9238c4c8.png"},"small":{"name":"small_card2.png","hash":"small_card2_2c9238c4c8","ext":".png","mime":"image/png","path":null,"width":500,"height":309,"size":187.8,"sizeInBytes":187796,"url":"/uploads/small_card2_2c9238c4c8.png"},"medium":{"name":"medium_card2.png","hash":"medium_card2_2c9238c4c8","ext":".png","mime":"image/png","path":null,"width":750,"height":464,"size":394.85,"sizeInBytes":394850,"url":"/uploads/medium_card2_2c9238c4c8.png"}}','card2_2c9238c4c8','.png','image/png',115.40999999999999658,'/uploads/card2_2c9238c4c8.png',NULL,'local',NULL,'/',1745917392683,1745917392683,1745917392683,1,1,NULL);
INSERT INTO files VALUES(19,'vu1h08uqjwf6rtr15h253aoa','card3.png',NULL,NULL,825,510,'{"thumbnail":{"name":"thumbnail_card3.png","hash":"thumbnail_card3_8426603913","ext":".png","mime":"image/png","path":null,"width":245,"height":151,"size":90.94,"sizeInBytes":90942,"url":"/uploads/thumbnail_card3_8426603913.png"},"small":{"name":"small_card3.png","hash":"small_card3_8426603913","ext":".png","mime":"image/png","path":null,"width":500,"height":309,"size":323.33,"sizeInBytes":323335,"url":"/uploads/small_card3_8426603913.png"},"medium":{"name":"medium_card3.png","hash":"medium_card3_8426603913","ext":".png","mime":"image/png","path":null,"width":750,"height":464,"size":659.97,"sizeInBytes":659971,"url":"/uploads/medium_card3_8426603913.png"}}','card3_8426603913','.png','image/png',167.16999999999998749,'/uploads/card3_8426603913.png',NULL,'local',NULL,'/',1745917491396,1745917491396,1745917491397,1,1,NULL);
INSERT INTO files VALUES(20,'qux6047j8rg7h7ag85xscwjw','card4.png',NULL,NULL,825,510,'{"thumbnail":{"name":"thumbnail_card4.png","hash":"thumbnail_card4_87e45ffdfd","ext":".png","mime":"image/png","path":null,"width":245,"height":151,"size":72.09,"sizeInBytes":72088,"url":"/uploads/thumbnail_card4_87e45ffdfd.png"},"small":{"name":"small_card4.png","hash":"small_card4_87e45ffdfd","ext":".png","mime":"image/png","path":null,"width":500,"height":309,"size":281.93,"sizeInBytes":281926,"url":"/uploads/small_card4_87e45ffdfd.png"},"medium":{"name":"medium_card4.png","hash":"medium_card4_87e45ffdfd","ext":".png","mime":"image/png","path":null,"width":750,"height":464,"size":625.34,"sizeInBytes":625335,"url":"/uploads/medium_card4_87e45ffdfd.png"}}','card4_87e45ffdfd','.png','image/png',206.06999999999999317,'/uploads/card4_87e45ffdfd.png',NULL,'local',NULL,'/',1745917541091,1745917541091,1745917541091,1,1,NULL);
INSERT INTO files VALUES(21,'o36u6h4vj99umps7qmamthb8','card5.png',NULL,NULL,825,510,'{"thumbnail":{"name":"thumbnail_card5.png","hash":"thumbnail_card5_517fc874d1","ext":".png","mime":"image/png","path":null,"width":245,"height":151,"size":36.23,"sizeInBytes":36225,"url":"/uploads/thumbnail_card5_517fc874d1.png"},"small":{"name":"small_card5.png","hash":"small_card5_517fc874d1","ext":".png","mime":"image/png","path":null,"width":500,"height":309,"size":141.92,"sizeInBytes":141915,"url":"/uploads/small_card5_517fc874d1.png"},"medium":{"name":"medium_card5.png","hash":"medium_card5_517fc874d1","ext":".png","mime":"image/png","path":null,"width":750,"height":464,"size":308.69,"sizeInBytes":308685,"url":"/uploads/medium_card5_517fc874d1.png"}}','card5_517fc874d1','.png','image/png',102.25,'/uploads/card5_517fc874d1.png',NULL,'local',NULL,'/',1745917593424,1745917593424,1745917593425,1,1,NULL);
INSERT INTO files VALUES(22,'poq0r55g4yt2u0fe6p8y22hu','card6.png',NULL,NULL,825,510,'{"thumbnail":{"name":"thumbnail_card6.png","hash":"thumbnail_card6_ed7c15359c","ext":".png","mime":"image/png","path":null,"width":245,"height":151,"size":44.73,"sizeInBytes":44725,"url":"/uploads/thumbnail_card6_ed7c15359c.png"},"small":{"name":"small_card6.png","hash":"small_card6_ed7c15359c","ext":".png","mime":"image/png","path":null,"width":500,"height":309,"size":174.16,"sizeInBytes":174162,"url":"/uploads/small_card6_ed7c15359c.png"},"medium":{"name":"medium_card6.png","hash":"medium_card6_ed7c15359c","ext":".png","mime":"image/png","path":null,"width":750,"height":464,"size":377.59,"sizeInBytes":377589,"url":"/uploads/medium_card6_ed7c15359c.png"}}','card6_ed7c15359c','.png','image/png',124.76999999999999602,'/uploads/card6_ed7c15359c.png',NULL,'local',NULL,'/',1745917641095,1745917641095,1745917641095,1,1,NULL);
INSERT INTO files VALUES(23,'otsehj0vjxizg9pjy8880l1f','card7.png',NULL,NULL,825,510,'{"thumbnail":{"name":"thumbnail_card7.png","hash":"thumbnail_card7_c963153c57","ext":".png","mime":"image/png","path":null,"width":245,"height":151,"size":69.36,"sizeInBytes":69361,"url":"/uploads/thumbnail_card7_c963153c57.png"},"small":{"name":"small_card7.png","hash":"small_card7_c963153c57","ext":".png","mime":"image/png","path":null,"width":500,"height":309,"size":244.2,"sizeInBytes":244197,"url":"/uploads/small_card7_c963153c57.png"},"medium":{"name":"medium_card7.png","hash":"medium_card7_c963153c57","ext":".png","mime":"image/png","path":null,"width":750,"height":464,"size":499.36,"sizeInBytes":499363,"url":"/uploads/medium_card7_c963153c57.png"}}','card7_c963153c57','.png','image/png',137.8300000000000125,'/uploads/card7_c963153c57.png',NULL,'local',NULL,'/',1745917667841,1746004298379,1745917667841,1,1,NULL);
INSERT INTO files VALUES(24,'drup934bnbnf5v0bt1ar5ctc','card8.png',NULL,NULL,825,510,'{"thumbnail":{"name":"thumbnail_card8.png","hash":"thumbnail_card8_1d039bc4a5","ext":".png","mime":"image/png","path":null,"width":245,"height":151,"size":70.02,"sizeInBytes":70017,"url":"/uploads/thumbnail_card8_1d039bc4a5.png"},"small":{"name":"small_card8.png","hash":"small_card8_1d039bc4a5","ext":".png","mime":"image/png","path":null,"width":500,"height":309,"size":270.27,"sizeInBytes":270270,"url":"/uploads/small_card8_1d039bc4a5.png"},"medium":{"name":"medium_card8.png","hash":"medium_card8_1d039bc4a5","ext":".png","mime":"image/png","path":null,"width":750,"height":464,"size":583.35,"sizeInBytes":583352,"url":"/uploads/medium_card8_1d039bc4a5.png"}}','card8_1d039bc4a5','.png','image/png',173.53999999999999204,'/uploads/card8_1d039bc4a5.png',NULL,'local',NULL,'/',1745917737139,1745917737139,1745917737139,1,1,NULL);
INSERT INTO files VALUES(25,'qguvgywi03o85sdcz97dahhq','card9.png',NULL,NULL,825,510,'{"thumbnail":{"name":"thumbnail_card9.png","hash":"thumbnail_card9_c4997abc11","ext":".png","mime":"image/png","path":null,"width":245,"height":151,"size":83.92,"sizeInBytes":83915,"url":"/uploads/thumbnail_card9_c4997abc11.png"},"small":{"name":"small_card9.png","hash":"small_card9_c4997abc11","ext":".png","mime":"image/png","path":null,"width":500,"height":309,"size":304.69,"sizeInBytes":304686,"url":"/uploads/small_card9_c4997abc11.png"},"medium":{"name":"medium_card9.png","hash":"medium_card9_c4997abc11","ext":".png","mime":"image/png","path":null,"width":750,"height":464,"size":631.33,"sizeInBytes":631327,"url":"/uploads/medium_card9_c4997abc11.png"}}','card9_c4997abc11','.png','image/png',148.43999999999999772,'/uploads/card9_c4997abc11.png',NULL,'local',NULL,'/',1745917777089,1745917777089,1745917777089,1,1,NULL);
INSERT INTO files VALUES(26,'p5qcv1ijhqpncxaj2t39g71c','card10.png',NULL,NULL,825,510,'{"thumbnail":{"name":"thumbnail_card10.png","hash":"thumbnail_card10_9e9e51f429","ext":".png","mime":"image/png","path":null,"width":245,"height":151,"size":56.07,"sizeInBytes":56067,"url":"/uploads/thumbnail_card10_9e9e51f429.png"},"small":{"name":"small_card10.png","hash":"small_card10_9e9e51f429","ext":".png","mime":"image/png","path":null,"width":500,"height":309,"size":216.16,"sizeInBytes":216164,"url":"/uploads/small_card10_9e9e51f429.png"},"medium":{"name":"medium_card10.png","hash":"medium_card10_9e9e51f429","ext":".png","mime":"image/png","path":null,"width":750,"height":464,"size":480.12,"sizeInBytes":480119,"url":"/uploads/medium_card10_9e9e51f429.png"}}','card10_9e9e51f429','.png','image/png',190.63999999999998636,'/uploads/card10_9e9e51f429.png',NULL,'local',NULL,'/',1745917816507,1745917816507,1745917816507,1,1,NULL);
INSERT INTO files VALUES(27,'m90gk1dpadbhrxq146145zb0','card11.png',NULL,NULL,825,510,'{"thumbnail":{"name":"thumbnail_card11.png","hash":"thumbnail_card11_41672f1e56","ext":".png","mime":"image/png","path":null,"width":245,"height":151,"size":71.94,"sizeInBytes":71945,"url":"/uploads/thumbnail_card11_41672f1e56.png"},"small":{"name":"small_card11.png","hash":"small_card11_41672f1e56","ext":".png","mime":"image/png","path":null,"width":500,"height":309,"size":252.72,"sizeInBytes":252721,"url":"/uploads/small_card11_41672f1e56.png"},"medium":{"name":"medium_card11.png","hash":"medium_card11_41672f1e56","ext":".png","mime":"image/png","path":null,"width":750,"height":464,"size":518,"sizeInBytes":518003,"url":"/uploads/medium_card11_41672f1e56.png"}}','card11_41672f1e56','.png','image/png',163.18999999999999772,'/uploads/card11_41672f1e56.png',NULL,'local',NULL,'/',1745917849291,1745917849291,1745917849291,1,1,NULL);
INSERT INTO files VALUES(28,'o53g7dm91m0pgwnr8vx3vswa','card1-CMrjdnC1.png',NULL,NULL,825,510,'{"thumbnail":{"name":"thumbnail_card1-CMrjdnC1.png","hash":"thumbnail_card1_C_Mrjdn_C1_8d71d43d5d","ext":".png","mime":"image/png","path":null,"width":245,"height":151,"size":63.93,"sizeInBytes":63927,"url":"/uploads/thumbnail_card1_C_Mrjdn_C1_8d71d43d5d.png"},"small":{"name":"small_card1-CMrjdnC1.png","hash":"small_card1_C_Mrjdn_C1_8d71d43d5d","ext":".png","mime":"image/png","path":null,"width":500,"height":309,"size":253.04,"sizeInBytes":253037,"url":"/uploads/small_card1_C_Mrjdn_C1_8d71d43d5d.png"},"medium":{"name":"medium_card1-CMrjdnC1.png","hash":"medium_card1_C_Mrjdn_C1_8d71d43d5d","ext":".png","mime":"image/png","path":null,"width":750,"height":464,"size":543.18,"sizeInBytes":543183,"url":"/uploads/medium_card1_C_Mrjdn_C1_8d71d43d5d.png"}}','card1_C_Mrjdn_C1_8d71d43d5d','.png','image/png',178.18999999999999773,'/uploads/card1_C_Mrjdn_C1_8d71d43d5d.png',NULL,'local',NULL,'/',1746004407605,1746004407605,1746004407605,1,1,NULL);
INSERT INTO files VALUES(29,'bjqjzo3fls4pozh6h1r7ha5c','card3-C4EHOr-E.png',NULL,NULL,825,510,'{"thumbnail":{"name":"thumbnail_card3-C4EHOr-E.png","hash":"thumbnail_card3_C4_EH_Or_E_cbbdc850c8","ext":".png","mime":"image/png","path":null,"width":245,"height":151,"size":90.94,"sizeInBytes":90942,"url":"/uploads/thumbnail_card3_C4_EH_Or_E_cbbdc850c8.png"},"small":{"name":"small_card3-C4EHOr-E.png","hash":"small_card3_C4_EH_Or_E_cbbdc850c8","ext":".png","mime":"image/png","path":null,"width":500,"height":309,"size":323.33,"sizeInBytes":323335,"url":"/uploads/small_card3_C4_EH_Or_E_cbbdc850c8.png"},"medium":{"name":"medium_card3-C4EHOr-E.png","hash":"medium_card3_C4_EH_Or_E_cbbdc850c8","ext":".png","mime":"image/png","path":null,"width":750,"height":464,"size":659.97,"sizeInBytes":659971,"url":"/uploads/medium_card3_C4_EH_Or_E_cbbdc850c8.png"}}','card3_C4_EH_Or_E_cbbdc850c8','.png','image/png',167.16999999999998749,'/uploads/card3_C4_EH_Or_E_cbbdc850c8.png',NULL,'local',NULL,'/',1746010125391,1746010125391,1746010125391,1,1,NULL);
INSERT INTO files VALUES(30,'wsaad0gh1kfmw1jlwc7ns7n4','card1-Bniq56qu.png',NULL,NULL,473,247,'{"thumbnail":{"name":"thumbnail_card1-Bniq56qu.png","hash":"thumbnail_card1_Bniq56qu_5814334cd7","ext":".png","mime":"image/png","path":null,"width":245,"height":128,"size":78.62,"sizeInBytes":78620,"url":"/uploads/thumbnail_card1_Bniq56qu_5814334cd7.png"}}','card1_Bniq56qu_5814334cd7','.png','image/png',62.140000000000000569,'/uploads/card1_Bniq56qu_5814334cd7.png',NULL,'local',NULL,'/',1746010895119,1746010895119,1746010895121,1,1,NULL);
INSERT INTO files VALUES(31,'a92zjouj4tefdcymqatunsku','card2-B9jMZ4Pa.png',NULL,NULL,473,247,'{"thumbnail":{"name":"thumbnail_card2-B9jMZ4Pa.png","hash":"thumbnail_card2_B9j_MZ_4_Pa_1ba7520657","ext":".png","mime":"image/png","path":null,"width":245,"height":128,"size":69.29,"sizeInBytes":69288,"url":"/uploads/thumbnail_card2_B9j_MZ_4_Pa_1ba7520657.png"}}','card2_B9j_MZ_4_Pa_1ba7520657','.png','image/png',64.700000000000002843,'/uploads/card2_B9j_MZ_4_Pa_1ba7520657.png',NULL,'local',NULL,'/',1746010944993,1746010944993,1746010944994,1,1,NULL);
INSERT INTO files VALUES(32,'v3m8862p73zc8qwtxrn1en9m','card3-DEx80H84.png',NULL,NULL,473,247,'{"thumbnail":{"name":"thumbnail_card3-DEx80H84.png","hash":"thumbnail_card3_D_Ex80_H84_c6150a5263","ext":".png","mime":"image/png","path":null,"width":245,"height":128,"size":77.98,"sizeInBytes":77976,"url":"/uploads/thumbnail_card3_D_Ex80_H84_c6150a5263.png"}}','card3_D_Ex80_H84_c6150a5263','.png','image/png',62.539999999999999146,'/uploads/card3_D_Ex80_H84_c6150a5263.png',NULL,'local',NULL,'/',1746010955193,1746010955193,1746010955194,1,1,NULL);
INSERT INTO files VALUES(33,'hs2lr9g35i2qawyzwp2nr5k4','card4-CzjLLhW-.png',NULL,NULL,473,247,'{"thumbnail":{"name":"thumbnail_card4-CzjLLhW-.png","hash":"thumbnail_card4_Czj_L_Lh_W_c13587a4cf","ext":".png","mime":"image/png","path":null,"width":245,"height":128,"size":79.25,"sizeInBytes":79248,"url":"/uploads/thumbnail_card4_Czj_L_Lh_W_c13587a4cf.png"}}','card4_Czj_L_Lh_W_c13587a4cf','.png','image/png',75.390000000000000567,'/uploads/card4_Czj_L_Lh_W_c13587a4cf.png',NULL,'local',NULL,'/',1746010990990,1746010990990,1746010990990,1,1,NULL);
INSERT INTO files VALUES(34,'zbcea7am8ne8xx37m20vaxqe','card3-DEx80H84.png',NULL,NULL,473,247,'{"thumbnail":{"name":"thumbnail_card3-DEx80H84.png","hash":"thumbnail_card3_D_Ex80_H84_93fe4f6d5d","ext":".png","mime":"image/png","path":null,"width":245,"height":128,"size":77.98,"sizeInBytes":77976,"url":"/uploads/thumbnail_card3_D_Ex80_H84_93fe4f6d5d.png"}}','card3_D_Ex80_H84_93fe4f6d5d','.png','image/png',62.539999999999999146,'/uploads/card3_D_Ex80_H84_93fe4f6d5d.png',NULL,'local',NULL,'/',1746011011694,1746011011694,1746011011695,1,1,NULL);
INSERT INTO files VALUES(35,'ymbmvmkkxyfihe6t1vdqwkd3','card1_Bniq56qu_5814334cd7.png',NULL,NULL,473,247,'{"thumbnail":{"name":"thumbnail_card1_Bniq56qu_5814334cd7.png","hash":"thumbnail_card1_Bniq56qu_5814334cd7_b2f2b43470","ext":".png","mime":"image/png","path":null,"width":245,"height":128,"size":78.5,"sizeInBytes":78501,"url":"/uploads/thumbnail_card1_Bniq56qu_5814334cd7_b2f2b43470.png"}}','card1_Bniq56qu_5814334cd7_b2f2b43470','.png','image/png',56.079999999999998296,'/uploads/card1_Bniq56qu_5814334cd7_b2f2b43470.png',NULL,'local',NULL,'/',1746014573617,1746014573617,1746014573618,1,1,NULL);
INSERT INTO files VALUES(36,'icwbgdbbh6fr17cbzxg9tr0i','card5-BgWLDIlE.png',NULL,NULL,825,510,'{"thumbnail":{"name":"thumbnail_card5-BgWLDIlE.png","hash":"thumbnail_card5_Bg_WLD_Il_E_ea56991cfa","ext":".png","mime":"image/png","path":null,"width":245,"height":151,"size":36.23,"sizeInBytes":36225,"url":"/uploads/thumbnail_card5_Bg_WLD_Il_E_ea56991cfa.png"},"small":{"name":"small_card5-BgWLDIlE.png","hash":"small_card5_Bg_WLD_Il_E_ea56991cfa","ext":".png","mime":"image/png","path":null,"width":500,"height":309,"size":141.92,"sizeInBytes":141915,"url":"/uploads/small_card5_Bg_WLD_Il_E_ea56991cfa.png"},"medium":{"name":"medium_card5-BgWLDIlE.png","hash":"medium_card5_Bg_WLD_Il_E_ea56991cfa","ext":".png","mime":"image/png","path":null,"width":750,"height":464,"size":308.69,"sizeInBytes":308685,"url":"/uploads/medium_card5_Bg_WLD_Il_E_ea56991cfa.png"}}','card5_Bg_WLD_Il_E_ea56991cfa','.png','image/png',102.25,'/uploads/card5_Bg_WLD_Il_E_ea56991cfa.png',NULL,'local',NULL,'/',1746424661670,1746424661670,1746424661671,1,1,NULL);
INSERT INTO files VALUES(37,'wmrymhy97de9a98vsmnynylq','card1_C_Mrjdn_C1_8d71d43d5d.png',NULL,NULL,825,510,'{"thumbnail":{"name":"thumbnail_card1_C_Mrjdn_C1_8d71d43d5d.png","hash":"thumbnail_card1_C_Mrjdn_C1_8d71d43d5d_4cb84d305d","ext":".png","mime":"image/png","path":null,"width":245,"height":151,"size":62.39,"sizeInBytes":62389,"url":"/uploads/thumbnail_card1_C_Mrjdn_C1_8d71d43d5d_4cb84d305d.png"},"small":{"name":"small_card1_C_Mrjdn_C1_8d71d43d5d.png","hash":"small_card1_C_Mrjdn_C1_8d71d43d5d_4cb84d305d","ext":".png","mime":"image/png","path":null,"width":500,"height":309,"size":245.9,"sizeInBytes":245897,"url":"/uploads/small_card1_C_Mrjdn_C1_8d71d43d5d_4cb84d305d.png"},"medium":{"name":"medium_card1_C_Mrjdn_C1_8d71d43d5d.png","hash":"medium_card1_C_Mrjdn_C1_8d71d43d5d_4cb84d305d","ext":".png","mime":"image/png","path":null,"width":750,"height":464,"size":527.15,"sizeInBytes":527147,"url":"/uploads/medium_card1_C_Mrjdn_C1_8d71d43d5d_4cb84d305d.png"}}','card1_C_Mrjdn_C1_8d71d43d5d_4cb84d305d','.png','image/png',149.66999999999998749,'/uploads/card1_C_Mrjdn_C1_8d71d43d5d_4cb84d305d.png',NULL,'local',NULL,'/',1746442010006,1746442010006,1746442010007,1,1,NULL);
INSERT INTO files VALUES(38,'oowlqn9o507gcok4f2p91u1y','card6-Du7iGUJ6.png',NULL,NULL,473,247,'{"thumbnail":{"name":"thumbnail_card6-Du7iGUJ6.png","hash":"thumbnail_card6_Du7i_GUJ_6_237b0dc415","ext":".png","mime":"image/png","path":null,"width":245,"height":128,"size":73.82,"sizeInBytes":73819,"url":"/uploads/thumbnail_card6_Du7i_GUJ_6_237b0dc415.png"}}','card6_Du7i_GUJ_6_237b0dc415','.png','image/png',64.340000000000003412,'/uploads/card6_Du7i_GUJ_6_237b0dc415.png',NULL,'local',NULL,'/',1746516027460,1746516027460,1746516027460,1,1,NULL);
INSERT INTO files VALUES(39,'alifg3k380ljqe8k0aqzc8mb','card6-Du7iGUJ6.png',NULL,NULL,473,247,'{"thumbnail":{"name":"thumbnail_card6-Du7iGUJ6.png","hash":"thumbnail_card6_Du7i_GUJ_6_4d138d785e","ext":".png","mime":"image/png","path":null,"width":245,"height":128,"size":73.82,"sizeInBytes":73819,"url":"/uploads/thumbnail_card6_Du7i_GUJ_6_4d138d785e.png"}}','card6_Du7i_GUJ_6_4d138d785e','.png','image/png',64.340000000000003412,'/uploads/card6_Du7i_GUJ_6_4d138d785e.png',NULL,'local',NULL,'/',1746516127624,1746516127624,1746516127625,1,1,NULL);
INSERT INTO files VALUES(40,'qsl25s5gr7b169afvy3b97u2','card7-ybYfqYBW.png',NULL,NULL,473,247,'{"thumbnail":{"name":"thumbnail_card7-ybYfqYBW.png","hash":"thumbnail_card7_yb_Yfq_YBW_0b6a0e36fb","ext":".png","mime":"image/png","path":null,"width":245,"height":128,"size":82.95,"sizeInBytes":82947,"url":"/uploads/thumbnail_card7_yb_Yfq_YBW_0b6a0e36fb.png"}}','card7_yb_Yfq_YBW_0b6a0e36fb','.png','image/png',57.979999999999996874,'/uploads/card7_yb_Yfq_YBW_0b6a0e36fb.png',NULL,'local',NULL,'/',1746517828745,1746517828745,1746517828745,1,1,NULL);
INSERT INTO files VALUES(41,'k8nbb4n2h17gxl2d7j0otsc5','card4-CzjLLhW-.png',NULL,NULL,473,247,'{"thumbnail":{"name":"thumbnail_card4-CzjLLhW-.png","hash":"thumbnail_card4_Czj_L_Lh_W_e984d80eb6","ext":".png","mime":"image/png","path":null,"width":245,"height":128,"size":79.25,"sizeInBytes":79248,"url":"/uploads/thumbnail_card4_Czj_L_Lh_W_e984d80eb6.png"}}','card4_Czj_L_Lh_W_e984d80eb6','.png','image/png',75.390000000000000567,'/uploads/card4_Czj_L_Lh_W_e984d80eb6.png',NULL,'local',NULL,'/',1746517848942,1746517848942,1746517848942,1,1,NULL);
INSERT INTO files VALUES(42,'gz4g7fvf1eoaljyhplmjr5gi','card3-DEx80H84.png',NULL,NULL,473,247,'{"thumbnail":{"name":"thumbnail_card3-DEx80H84.png","hash":"thumbnail_card3_D_Ex80_H84_57c8b8286c","ext":".png","mime":"image/png","path":null,"width":245,"height":128,"size":77.98,"sizeInBytes":77976,"url":"/uploads/thumbnail_card3_D_Ex80_H84_57c8b8286c.png"}}','card3_D_Ex80_H84_57c8b8286c','.png','image/png',62.539999999999999146,'/uploads/card3_D_Ex80_H84_57c8b8286c.png',NULL,'local',NULL,'/',1746517884711,1746517884711,1746517884711,1,1,NULL);
INSERT INTO files VALUES(43,'gh5w45smhgyre3urtgwzycio','card10-hgcIWTs6.png',NULL,NULL,473,247,'{"thumbnail":{"name":"thumbnail_card10-hgcIWTs6.png","hash":"thumbnail_card10_hgc_IW_Ts6_a8dc34b114","ext":".png","mime":"image/png","path":null,"width":245,"height":128,"size":68.86,"sizeInBytes":68861,"url":"/uploads/thumbnail_card10_hgc_IW_Ts6_a8dc34b114.png"}}','card10_hgc_IW_Ts6_a8dc34b114','.png','image/png',45.759999999999998012,'/uploads/card10_hgc_IW_Ts6_a8dc34b114.png',NULL,'local',NULL,'/',1746517919913,1746517919913,1746517919914,1,1,NULL);
INSERT INTO files VALUES(44,'k5iznfb9fjt0d3k6gu2yzisj','card11-CazCX0Rx.png',NULL,NULL,473,247,'{"thumbnail":{"name":"thumbnail_card11-CazCX0Rx.png","hash":"thumbnail_card11_Caz_CX_0_Rx_d160bd0984","ext":".png","mime":"image/png","path":null,"width":245,"height":128,"size":77.39,"sizeInBytes":77394,"url":"/uploads/thumbnail_card11_Caz_CX_0_Rx_d160bd0984.png"}}','card11_Caz_CX_0_Rx_d160bd0984','.png','image/png',65.989999999999994885,'/uploads/card11_Caz_CX_0_Rx_d160bd0984.png',NULL,'local',NULL,'/',1746518366858,1746518366858,1746518366858,1,1,NULL);
INSERT INTO files VALUES(45,'nrcqeevpsula3ppfoel4rc8g','card12-CCqy4HFJ.png',NULL,NULL,473,247,'{"thumbnail":{"name":"thumbnail_card12-CCqy4HFJ.png","hash":"thumbnail_card12_C_Cqy4_HFJ_e15962b149","ext":".png","mime":"image/png","path":null,"width":245,"height":128,"size":73.95,"sizeInBytes":73954,"url":"/uploads/thumbnail_card12_C_Cqy4_HFJ_e15962b149.png"}}','card12_C_Cqy4_HFJ_e15962b149','.png','image/png',59.390000000000000568,'/uploads/card12_C_Cqy4_HFJ_e15962b149.png',NULL,'local',NULL,'/',1746525400317,1746525400317,1746525400317,1,1,NULL);
INSERT INTO files VALUES(46,'a7sfg14wwjtytunfrw4xuxxm','card13-DbtP04a3.png',NULL,NULL,473,247,'{"thumbnail":{"name":"thumbnail_card13-DbtP04a3.png","hash":"thumbnail_card13_Dbt_P04a3_ad6b71259b","ext":".png","mime":"image/png","path":null,"width":245,"height":128,"size":72.15,"sizeInBytes":72148,"url":"/uploads/thumbnail_card13_Dbt_P04a3_ad6b71259b.png"}}','card13_Dbt_P04a3_ad6b71259b','.png','image/png',58.570000000000000282,'/uploads/card13_Dbt_P04a3_ad6b71259b.png',NULL,'local',NULL,'/',1746525432531,1746525432531,1746525432532,1,1,NULL);
INSERT INTO files VALUES(47,'cdihh2xnudbzlet0u86hpwe0','card14-BgzxRAVp.png',NULL,NULL,473,247,'{"thumbnail":{"name":"thumbnail_card14-BgzxRAVp.png","hash":"thumbnail_card14_Bgzx_RA_Vp_2d187f2025","ext":".png","mime":"image/png","path":null,"width":245,"height":128,"size":79.2,"sizeInBytes":79203,"url":"/uploads/thumbnail_card14_Bgzx_RA_Vp_2d187f2025.png"}}','card14_Bgzx_RA_Vp_2d187f2025','.png','image/png',75.799999999999997158,'/uploads/card14_Bgzx_RA_Vp_2d187f2025.png',NULL,'local',NULL,'/',1746525475560,1746525475560,1746525475560,1,1,NULL);
INSERT INTO files VALUES(48,'fnay83q035tnw9qomjdcyyfc','card12-CCqy4HFJ.png',NULL,NULL,473,247,'{"thumbnail":{"name":"thumbnail_card12-CCqy4HFJ.png","hash":"thumbnail_card12_C_Cqy4_HFJ_3b402262a1","ext":".png","mime":"image/png","path":null,"width":245,"height":128,"size":73.95,"sizeInBytes":73954,"url":"/uploads/thumbnail_card12_C_Cqy4_HFJ_3b402262a1.png"}}','card12_C_Cqy4_HFJ_3b402262a1','.png','image/png',59.390000000000000568,'/uploads/card12_C_Cqy4_HFJ_3b402262a1.png',NULL,'local',NULL,'/',1746528041660,1746528041660,1746528041661,1,1,NULL);
INSERT INTO files VALUES(49,'gebtnzwvnpwuxwh0pfjgqkn0','card13-DbtP04a3.png',NULL,NULL,473,247,'{"thumbnail":{"name":"thumbnail_card13-DbtP04a3.png","hash":"thumbnail_card13_Dbt_P04a3_7246da8289","ext":".png","mime":"image/png","path":null,"width":245,"height":128,"size":72.15,"sizeInBytes":72148,"url":"/uploads/thumbnail_card13_Dbt_P04a3_7246da8289.png"}}','card13_Dbt_P04a3_7246da8289','.png','image/png',58.570000000000000282,'/uploads/card13_Dbt_P04a3_7246da8289.png',NULL,'local',NULL,'/',1746528092346,1746528092346,1746528092347,1,1,NULL);
INSERT INTO files VALUES(50,'vf4xrffz64z6flykyqwpupha','card12-CCqy4HFJ.png',NULL,NULL,473,247,'{"thumbnail":{"name":"thumbnail_card12-CCqy4HFJ.png","hash":"thumbnail_card12_C_Cqy4_HFJ_871317929c","ext":".png","mime":"image/png","path":null,"width":245,"height":128,"size":73.95,"sizeInBytes":73954,"url":"/uploads/thumbnail_card12_C_Cqy4_HFJ_871317929c.png"}}','card12_C_Cqy4_HFJ_871317929c','.png','image/png',59.390000000000000568,'/uploads/card12_C_Cqy4_HFJ_871317929c.png',NULL,'local',NULL,'/',1746528131688,1746528131688,1746528131688,1,1,NULL);
INSERT INTO files VALUES(51,'iimigp30kihq0nbpbq1k4smb','card14-BgzxRAVp.png',NULL,NULL,473,247,'{"thumbnail":{"name":"thumbnail_card14-BgzxRAVp.png","hash":"thumbnail_card14_Bgzx_RA_Vp_1f18eae7f6","ext":".png","mime":"image/png","path":null,"width":245,"height":128,"size":79.2,"sizeInBytes":79203,"url":"/uploads/thumbnail_card14_Bgzx_RA_Vp_1f18eae7f6.png"}}','card14_Bgzx_RA_Vp_1f18eae7f6','.png','image/png',75.799999999999997158,'/uploads/card14_Bgzx_RA_Vp_1f18eae7f6.png',NULL,'local',NULL,'/',1746528173641,1746528173641,1746528173641,1,1,NULL);
CREATE TABLE IF NOT EXISTS "upload_folders" (`id` integer PRIMARY KEY SERIAL NOT NULL, `document_id` varchar(255) NULL, `name` varchar(255) NULL, `path_id` integer NULL, `path` varchar(255) NULL, `created_at` datetime NULL, `updated_at` datetime NULL, `published_at` datetime NULL, `created_by_id` integer NULL, `updated_by_id` integer NULL, `locale` varchar(255) NULL, CONSTRAINT `upload_folders_created_by_id_fk` FOREIGN KEY (`created_by_id`) REFERENCES `admin_users` (`id`) ON DELETE SET NULL, CONSTRAINT `upload_folders_updated_by_id_fk` FOREIGN KEY (`updated_by_id`) REFERENCES `admin_users` (`id`) ON DELETE SET NULL, CONSTRAINT `upload_folders_created_by_id_fk` FOREIGN KEY (`created_by_id`) REFERENCES `admin_users` (`id`) ON DELETE SET NULL, CONSTRAINT `upload_folders_updated_by_id_fk` FOREIGN KEY (`updated_by_id`) REFERENCES `admin_users` (`id`) ON DELETE SET NULL);
CREATE TABLE IF NOT EXISTS "i18n_locale" (`id` integer PRIMARY KEY SERIAL NOT NULL, `document_id` varchar(255) NULL, `name` varchar(255) NULL, `code` varchar(255) NULL, `created_at` datetime NULL, `updated_at` datetime NULL, `published_at` datetime NULL, `created_by_id` integer NULL, `updated_by_id` integer NULL, `locale` varchar(255) NULL, CONSTRAINT `i18n_locale_created_by_id_fk` FOREIGN KEY (`created_by_id`) REFERENCES `admin_users` (`id`) ON DELETE SET NULL, CONSTRAINT `i18n_locale_updated_by_id_fk` FOREIGN KEY (`updated_by_id`) REFERENCES `admin_users` (`id`) ON DELETE SET NULL, CONSTRAINT `i18n_locale_created_by_id_fk` FOREIGN KEY (`created_by_id`) REFERENCES `admin_users` (`id`) ON DELETE SET NULL, CONSTRAINT `i18n_locale_updated_by_id_fk` FOREIGN KEY (`updated_by_id`) REFERENCES `admin_users` (`id`) ON DELETE SET NULL);
INSERT INTO i18n_locale VALUES(1,'b0npnfaedbfy0xjbmyv2c0eb','English (en)','en',1745576139681,1745576139681,1745576139682,NULL,NULL,NULL);
CREATE TABLE IF NOT EXISTS "strapi_releases" (`id` integer PRIMARY KEY SERIAL NOT NULL, `document_id` varchar(255) NULL, `name` varchar(255) NULL, `released_at` datetime NULL, `scheduled_at` datetime NULL, `timezone` varchar(255) NULL, `status` varchar(255) NULL, `created_at` datetime NULL, `updated_at` datetime NULL, `published_at` datetime NULL, `created_by_id` integer NULL, `updated_by_id` integer NULL, `locale` varchar(255) NULL, CONSTRAINT `strapi_releases_created_by_id_fk` FOREIGN KEY (`created_by_id`) REFERENCES `admin_users` (`id`) ON DELETE SET NULL, CONSTRAINT `strapi_releases_updated_by_id_fk` FOREIGN KEY (`updated_by_id`) REFERENCES `admin_users` (`id`) ON DELETE SET NULL, CONSTRAINT `strapi_releases_created_by_id_fk` FOREIGN KEY (`created_by_id`) REFERENCES `admin_users` (`id`) ON DELETE SET NULL, CONSTRAINT `strapi_releases_updated_by_id_fk` FOREIGN KEY (`updated_by_id`) REFERENCES `admin_users` (`id`) ON DELETE SET NULL);
CREATE TABLE IF NOT EXISTS "strapi_release_actions" (`id` integer PRIMARY KEY SERIAL NOT NULL, `document_id` varchar(255) NULL, `type` varchar(255) NULL, `content_type` varchar(255) NULL, `entry_document_id` varchar(255) NULL, `locale` varchar(255) NULL, `is_entry_valid` boolean NULL, `created_at` datetime NULL, `updated_at` datetime NULL, `published_at` datetime NULL, `created_by_id` integer NULL, `updated_by_id` integer NULL, CONSTRAINT `strapi_release_actions_created_by_id_fk` FOREIGN KEY (`created_by_id`) REFERENCES `admin_users` (`id`) ON DELETE SET NULL, CONSTRAINT `strapi_release_actions_updated_by_id_fk` FOREIGN KEY (`updated_by_id`) REFERENCES `admin_users` (`id`) ON DELETE SET NULL, CONSTRAINT `strapi_release_actions_created_by_id_fk` FOREIGN KEY (`created_by_id`) REFERENCES `admin_users` (`id`) ON DELETE SET NULL, CONSTRAINT `strapi_release_actions_updated_by_id_fk` FOREIGN KEY (`updated_by_id`) REFERENCES `admin_users` (`id`) ON DELETE SET NULL);
CREATE TABLE IF NOT EXISTS "strapi_workflows" (`id` integer PRIMARY KEY SERIAL NOT NULL, `document_id` varchar(255) NULL, `name` varchar(255) NULL, `content_types` json NULL, `created_at` datetime NULL, `updated_at` datetime NULL, `published_at` datetime NULL, `created_by_id` integer NULL, `updated_by_id` integer NULL, `locale` varchar(255) NULL, CONSTRAINT `strapi_workflows_created_by_id_fk` FOREIGN KEY (`created_by_id`) REFERENCES `admin_users` (`id`) ON DELETE SET NULL, CONSTRAINT `strapi_workflows_updated_by_id_fk` FOREIGN KEY (`updated_by_id`) REFERENCES `admin_users` (`id`) ON DELETE SET NULL, CONSTRAINT `strapi_workflows_created_by_id_fk` FOREIGN KEY (`created_by_id`) REFERENCES `admin_users` (`id`) ON DELETE SET NULL, CONSTRAINT `strapi_workflows_updated_by_id_fk` FOREIGN KEY (`updated_by_id`) REFERENCES `admin_users` (`id`) ON DELETE SET NULL);
CREATE TABLE IF NOT EXISTS "strapi_workflows_stages" (`id` integer PRIMARY KEY SERIAL NOT NULL, `document_id` varchar(255) NULL, `name` varchar(255) NULL, `color` varchar(255) NULL, `created_at` datetime NULL, `updated_at` datetime NULL, `published_at` datetime NULL, `created_by_id` integer NULL, `updated_by_id` integer NULL, `locale` varchar(255) NULL, CONSTRAINT `strapi_workflows_stages_created_by_id_fk` FOREIGN KEY (`created_by_id`) REFERENCES `admin_users` (`id`) ON DELETE SET NULL, CONSTRAINT `strapi_workflows_stages_updated_by_id_fk` FOREIGN KEY (`updated_by_id`) REFERENCES `admin_users` (`id`) ON DELETE SET NULL, CONSTRAINT `strapi_workflows_stages_created_by_id_fk` FOREIGN KEY (`created_by_id`) REFERENCES `admin_users` (`id`) ON DELETE SET NULL, CONSTRAINT `strapi_workflows_stages_updated_by_id_fk` FOREIGN KEY (`updated_by_id`) REFERENCES `admin_users` (`id`) ON DELETE SET NULL);
CREATE TABLE IF NOT EXISTS "up_permissions" (`id` integer PRIMARY KEY SERIAL NOT NULL, `document_id` varchar(255) NULL, `action` varchar(255) NULL, `created_at` datetime NULL, `updated_at` datetime NULL, `published_at` datetime NULL, `created_by_id` integer NULL, `updated_by_id` integer NULL, `locale` varchar(255) NULL, CONSTRAINT `up_permissions_created_by_id_fk` FOREIGN KEY (`created_by_id`) REFERENCES `admin_users` (`id`) ON DELETE SET NULL, CONSTRAINT `up_permissions_updated_by_id_fk` FOREIGN KEY (`updated_by_id`) REFERENCES `admin_users` (`id`) ON DELETE SET NULL, CONSTRAINT `up_permissions_created_by_id_fk` FOREIGN KEY (`created_by_id`) REFERENCES `admin_users` (`id`) ON DELETE SET NULL, CONSTRAINT `up_permissions_updated_by_id_fk` FOREIGN KEY (`updated_by_id`) REFERENCES `admin_users` (`id`) ON DELETE SET NULL);
INSERT INTO up_permissions VALUES(1,'rwu3wruowckowtfc3seq8s20','plugin::users-permissions.user.me',1745576139736,1745576139736,1745576139737,NULL,NULL,NULL);
INSERT INTO up_permissions VALUES(2,'f27xtzeqbhv9nh5jiob93e9v','plugin::users-permissions.auth.changePassword',1745576139736,1745576139736,1745576139737,NULL,NULL,NULL);
INSERT INTO up_permissions VALUES(3,'rnx5ywb255kr67weo4t4j974','plugin::users-permissions.auth.callback',1745576139761,1745576139761,1745576139762,NULL,NULL,NULL);
INSERT INTO up_permissions VALUES(4,'n0km1sgd6mvr00ss8lsu19g0','plugin::users-permissions.auth.connect',1745576139761,1745576139761,1745576139762,NULL,NULL,NULL);
INSERT INTO up_permissions VALUES(5,'ycrmpklhcommh03h232b3x73','plugin::users-permissions.auth.forgotPassword',1745576139761,1745576139761,1745576139762,NULL,NULL,NULL);
INSERT INTO up_permissions VALUES(6,'bf1i8erja492enth2cg7iq9g','plugin::users-permissions.auth.resetPassword',1745576139761,1745576139761,1745576139762,NULL,NULL,NULL);
INSERT INTO up_permissions VALUES(7,'k9agyeait2vrv649m855ruy4','plugin::users-permissions.auth.register',1745576139762,1745576139762,1745576139762,NULL,NULL,NULL);
INSERT INTO up_permissions VALUES(8,'lyot9hqqbek4r49ycfgh65in','plugin::users-permissions.auth.emailConfirmation',1745576139762,1745576139762,1745576139762,NULL,NULL,NULL);
INSERT INTO up_permissions VALUES(9,'xvcl16jdkirt5rbqnrlv17ef','plugin::users-permissions.auth.sendEmailConfirmation',1745576139762,1745576139762,1745576139763,NULL,NULL,NULL);
INSERT INTO up_permissions VALUES(10,'j5x9bgb5lpf2t7j8usa53917','api::article.article.find',1745576141886,1745576141886,1745576141886,NULL,NULL,NULL);
INSERT INTO up_permissions VALUES(11,'sbgu605snj0y0rzcdfp0t2kx','api::article.article.findOne',1745576141886,1745576141886,1745576141886,NULL,NULL,NULL);
INSERT INTO up_permissions VALUES(12,'lk2z6uyqf91fydhk3nl23ekl','api::category.category.find',1745576141886,1745576141886,1745576141886,NULL,NULL,NULL);
INSERT INTO up_permissions VALUES(13,'egdw7j90zf0ojcv2f88bbyzf','api::category.category.findOne',1745576141886,1745576141886,1745576141886,NULL,NULL,NULL);
INSERT INTO up_permissions VALUES(14,'p0rs73ryatlmr3qteim0pohx','api::author.author.find',1745576141886,1745576141886,1745576141886,NULL,NULL,NULL);
INSERT INTO up_permissions VALUES(15,'zwesm24zsfwe1f2mkc2b53l9','api::author.author.findOne',1745576141886,1745576141886,1745576141886,NULL,NULL,NULL);
INSERT INTO up_permissions VALUES(16,'lbg79cvp56ilijzla6608obe','api::global.global.find',1745576141886,1745576141886,1745576141887,NULL,NULL,NULL);
INSERT INTO up_permissions VALUES(18,'umdjxwqhpkte5d82imoe4jrb','api::about.about.find',1745576141886,1745576141886,1745576141887,NULL,NULL,NULL);
INSERT INTO up_permissions VALUES(20,'tq1wqdwpynnzp44gnhpdonva','api::dtp-service.dtp-service.find',1745577964486,1745577964486,1745577964486,NULL,NULL,NULL);
INSERT INTO up_permissions VALUES(21,'o1h6oy6nmgadi8ofd16eah9k','api::dtp-service.dtp-service.findOne',1745577964486,1745577964486,1745577964487,NULL,NULL,NULL);
INSERT INTO up_permissions VALUES(22,'xxzp6n4evcb2dmk99vxz92df','api::translation-type.translation-type.find',1745832765929,1745832765929,1745832765929,NULL,NULL,NULL);
INSERT INTO up_permissions VALUES(23,'ao37j5fozselzaavytpgutmy','api::translation-type.translation-type.findOne',1745832765929,1745832765929,1745832765929,NULL,NULL,NULL);
INSERT INTO up_permissions VALUES(24,'g6vjc4pdh2h14yh00xwotoxm','api::banner.banner.find',1745917870164,1745917870164,1745917870164,NULL,NULL,NULL);
INSERT INTO up_permissions VALUES(25,'prwdwbzn0vtr27p60klxewon','api::banner.banner.findOne',1745917870164,1745917870164,1745917870164,NULL,NULL,NULL);
INSERT INTO up_permissions VALUES(26,'c1miyr6yeijcchrq9gk099bf','api::english-translation-service.english-translation-service.find',1746428571216,1746428571216,1746428571218,NULL,NULL,NULL);
INSERT INTO up_permissions VALUES(27,'sjjkl5vq6os9vrn6e2d2earm','api::english-translation-service.english-translation-service.findOne',1746428571216,1746428571216,1746428571218,NULL,NULL,NULL);
INSERT INTO up_permissions VALUES(28,'d8i5xvlckzi6eeitahbklfqc','api::english-translation-service.english-translation-service.find',1746428649075,1746428649075,1746428649075,NULL,NULL,NULL);
INSERT INTO up_permissions VALUES(29,'invmk3qkin5b0raklzeif5cp','api::english-translation-service.english-translation-service.findOne',1746428649075,1746428649075,1746428649076,NULL,NULL,NULL);
INSERT INTO up_permissions VALUES(34,'l298h7kyui50zqn16md13g80','api::content-writing-service.content-writing-service.find',1746516228527,1746516228527,1746516228527,NULL,NULL,NULL);
INSERT INTO up_permissions VALUES(35,'prursrgoealnmsdgb14fv5uh','api::content-writing-service.content-writing-service.findOne',1746516228527,1746516228527,1746516228527,NULL,NULL,NULL);
INSERT INTO up_permissions VALUES(36,'wjc2w5yiusfmwcmwdmgpac70','api::localization-service.localization-service.find',1746524163072,1746524163072,1746524163073,NULL,NULL,NULL);
INSERT INTO up_permissions VALUES(37,'ks03y918plv4y6b8y43jn4kz','api::localization-service.localization-service.findOne',1746524163072,1746524163072,1746524163073,NULL,NULL,NULL);
INSERT INTO up_permissions VALUES(38,'k9cg96rleuqh7oh4ce7vd1e6','api::project-service.project-service.find',1746524884671,1746524884671,1746524884671,NULL,NULL,NULL);
INSERT INTO up_permissions VALUES(39,'c3cdc2zyvncur3a4807ny2zz','api::project-service.project-service.findOne',1746524884671,1746524884671,1746524884672,NULL,NULL,NULL);
INSERT INTO up_permissions VALUES(40,'rw5cduzsvk3xssmz9hiisfpv','api::proof-reading-service.proof-reading-service.find',1746525027526,1746525027526,1746525027526,NULL,NULL,NULL);
INSERT INTO up_permissions VALUES(41,'ibr663hf44ghl4mbavuflbmk','api::proof-reading-service.proof-reading-service.findOne',1746525027526,1746525027526,1746525027526,NULL,NULL,NULL);
INSERT INTO up_permissions VALUES(42,'e1cqhc734p53jlm8g9vjj6kt','api::interpretation-service.interpretation-service.find',1746525353072,1746525353072,1746525353072,NULL,NULL,NULL);
INSERT INTO up_permissions VALUES(43,'irehkpd8loi2f996ct1i7ppl','api::interpretation-service.interpretation-service.findOne',1746525353072,1746525353072,1746525353072,NULL,NULL,NULL);
INSERT INTO up_permissions VALUES(44,'yp453pctp4p7wtns93t3iibv','api::audio-visual-service.audio-visual-service.find',1746527991348,1746527991348,1746527991349,NULL,NULL,NULL);
INSERT INTO up_permissions VALUES(45,'oelxmgc12hjc6s46o35685ms','api::audio-visual-service.audio-visual-service.findOne',1746527991348,1746527991348,1746527991349,NULL,NULL,NULL);
INSERT INTO up_permissions VALUES(46,'dvh4ztu3uidn4a0z8chmoaak','api::translation-service.translation-service.find',1746528941322,1746528941322,1746528941322,NULL,NULL,NULL);
INSERT INTO up_permissions VALUES(47,'np755ak28z56ljpbomc016j0','api::translation-service.translation-service.findOne',1746528941322,1746528941322,1746528941322,NULL,NULL,NULL);
CREATE TABLE IF NOT EXISTS "up_roles" (`id` integer PRIMARY KEY SERIAL NOT NULL, `document_id` varchar(255) NULL, `name` varchar(255) NULL, `description` varchar(255) NULL, `type` varchar(255) NULL, `created_at` datetime NULL, `updated_at` datetime NULL, `published_at` datetime NULL, `created_by_id` integer NULL, `updated_by_id` integer NULL, `locale` varchar(255) NULL, CONSTRAINT `up_roles_created_by_id_fk` FOREIGN KEY (`created_by_id`) REFERENCES `admin_users` (`id`) ON DELETE SET NULL, CONSTRAINT `up_roles_updated_by_id_fk` FOREIGN KEY (`updated_by_id`) REFERENCES `admin_users` (`id`) ON DELETE SET NULL, CONSTRAINT `up_roles_created_by_id_fk` FOREIGN KEY (`created_by_id`) REFERENCES `admin_users` (`id`) ON DELETE SET NULL, CONSTRAINT `up_roles_updated_by_id_fk` FOREIGN KEY (`updated_by_id`) REFERENCES `admin_users` (`id`) ON DELETE SET NULL);
INSERT INTO up_roles VALUES(1,'c5tjfgkux32sv0338kq617s2','Authenticated','Default role given to authenticated user.','authenticated',1745576139723,1746428649064,1745576139723,NULL,NULL,NULL);
INSERT INTO up_roles VALUES(2,'p4sxo73bdi7n9g7ps9hwdz31','Public','Default role given to unauthenticated user.','public',1745576139728,1746528941304,1745576139728,NULL,NULL,NULL);
CREATE TABLE IF NOT EXISTS "up_users" (`id` integer PRIMARY KEY SERIAL NOT NULL, `document_id` varchar(255) NULL, `username` varchar(255) NULL, `email` varchar(255) NULL, `provider` varchar(255) NULL, `password` varchar(255) NULL, `reset_password_token` varchar(255) NULL, `confirmation_token` varchar(255) NULL, `confirmed` boolean NULL, `blocked` boolean NULL, `created_at` datetime NULL, `updated_at` datetime NULL, `published_at` datetime NULL, `created_by_id` integer NULL, `updated_by_id` integer NULL, `locale` varchar(255) NULL, CONSTRAINT `up_users_created_by_id_fk` FOREIGN KEY (`created_by_id`) REFERENCES `admin_users` (`id`) ON DELETE SET NULL, CONSTRAINT `up_users_updated_by_id_fk` FOREIGN KEY (`updated_by_id`) REFERENCES `admin_users` (`id`) ON DELETE SET NULL, CONSTRAINT `up_users_created_by_id_fk` FOREIGN KEY (`created_by_id`) REFERENCES `admin_users` (`id`) ON DELETE SET NULL, CONSTRAINT `up_users_updated_by_id_fk` FOREIGN KEY (`updated_by_id`) REFERENCES `admin_users` (`id`) ON DELETE SET NULL);
CREATE TABLE IF NOT EXISTS "abouts_cmps" (`id` integer PRIMARY KEY SERIAL NOT NULL, `entity_id` integer NULL, `cmp_id` integer NULL, `component_type` varchar(255) NULL, `field` varchar(255) NULL, `order` float NULL, CONSTRAINT `abouts_entity_fk` FOREIGN KEY (`entity_id`) REFERENCES `abouts` (`id`) ON DELETE CASCADE, CONSTRAINT `abouts_entity_fk` FOREIGN KEY (`entity_id`) REFERENCES `abouts` (`id`) ON DELETE CASCADE);
INSERT INTO abouts_cmps VALUES(1,1,6,'shared.quote','blocks',1.0);
INSERT INTO abouts_cmps VALUES(2,1,11,'shared.rich-text','blocks',2.0);
INSERT INTO abouts_cmps VALUES(3,1,6,'shared.media','blocks',3.0);
CREATE TABLE IF NOT EXISTS "abouts" (`id` integer PRIMARY KEY SERIAL NOT NULL, `document_id` varchar(255) NULL, `title` varchar(255) NULL, `created_at` datetime NULL, `updated_at` datetime NULL, `published_at` datetime NULL, `created_by_id` integer NULL, `updated_by_id` integer NULL, `locale` varchar(255) NULL, CONSTRAINT `abouts_created_by_id_fk` FOREIGN KEY (`created_by_id`) REFERENCES `admin_users` (`id`) ON DELETE SET NULL, CONSTRAINT `abouts_updated_by_id_fk` FOREIGN KEY (`updated_by_id`) REFERENCES `admin_users` (`id`) ON DELETE SET NULL, CONSTRAINT `abouts_created_by_id_fk` FOREIGN KEY (`created_by_id`) REFERENCES `admin_users` (`id`) ON DELETE SET NULL, CONSTRAINT `abouts_updated_by_id_fk` FOREIGN KEY (`updated_by_id`) REFERENCES `admin_users` (`id`) ON DELETE SET NULL);
INSERT INTO abouts VALUES(1,'ymt082npea3hv12tf03oqnzo','About the strapi blog',1745576147194,1745576147194,1745576147189,NULL,NULL,NULL);
CREATE TABLE IF NOT EXISTS "articles_cmps" (`id` integer PRIMARY KEY SERIAL NOT NULL, `entity_id` integer NULL, `cmp_id` integer NULL, `component_type` varchar(255) NULL, `field` varchar(255) NULL, `order` float NULL, CONSTRAINT `articles_entity_fk` FOREIGN KEY (`entity_id`) REFERENCES `articles` (`id`) ON DELETE CASCADE, CONSTRAINT `articles_entity_fk` FOREIGN KEY (`entity_id`) REFERENCES `articles` (`id`) ON DELETE CASCADE);
INSERT INTO articles_cmps VALUES(1,1,1,'shared.rich-text','blocks',1.0);
INSERT INTO articles_cmps VALUES(2,1,1,'shared.quote','blocks',2.0);
INSERT INTO articles_cmps VALUES(3,1,1,'shared.media','blocks',3.0);
INSERT INTO articles_cmps VALUES(4,1,2,'shared.rich-text','blocks',4.0);
INSERT INTO articles_cmps VALUES(5,1,1,'shared.slider','blocks',5.0);
INSERT INTO articles_cmps VALUES(6,2,3,'shared.rich-text','blocks',1.0);
INSERT INTO articles_cmps VALUES(7,2,2,'shared.quote','blocks',2.0);
INSERT INTO articles_cmps VALUES(8,2,2,'shared.media','blocks',3.0);
INSERT INTO articles_cmps VALUES(9,2,4,'shared.rich-text','blocks',4.0);
INSERT INTO articles_cmps VALUES(10,2,2,'shared.slider','blocks',5.0);
INSERT INTO articles_cmps VALUES(11,3,5,'shared.rich-text','blocks',1.0);
INSERT INTO articles_cmps VALUES(12,3,3,'shared.quote','blocks',2.0);
INSERT INTO articles_cmps VALUES(13,3,3,'shared.media','blocks',3.0);
INSERT INTO articles_cmps VALUES(14,3,6,'shared.rich-text','blocks',4.0);
INSERT INTO articles_cmps VALUES(15,3,3,'shared.slider','blocks',5.0);
INSERT INTO articles_cmps VALUES(16,4,7,'shared.rich-text','blocks',1.0);
INSERT INTO articles_cmps VALUES(17,4,4,'shared.quote','blocks',2.0);
INSERT INTO articles_cmps VALUES(18,4,4,'shared.media','blocks',3.0);
INSERT INTO articles_cmps VALUES(19,4,8,'shared.rich-text','blocks',4.0);
INSERT INTO articles_cmps VALUES(20,4,4,'shared.slider','blocks',5.0);
INSERT INTO articles_cmps VALUES(21,5,9,'shared.rich-text','blocks',1.0);
INSERT INTO articles_cmps VALUES(22,5,5,'shared.quote','blocks',2.0);
INSERT INTO articles_cmps VALUES(23,5,5,'shared.media','blocks',3.0);
INSERT INTO articles_cmps VALUES(24,5,10,'shared.rich-text','blocks',4.0);
INSERT INTO articles_cmps VALUES(25,5,5,'shared.slider','blocks',5.0);
CREATE TABLE IF NOT EXISTS "articles" (`id` integer PRIMARY KEY SERIAL NOT NULL, `document_id` varchar(255) NULL, `title` varchar(255) NULL, `description` text NULL, `slug` varchar(255) NULL, `created_at` datetime NULL, `updated_at` datetime NULL, `published_at` datetime NULL, `created_by_id` integer NULL, `updated_by_id` integer NULL, `locale` varchar(255) NULL, CONSTRAINT `articles_created_by_id_fk` FOREIGN KEY (`created_by_id`) REFERENCES `admin_users` (`id`) ON DELETE SET NULL, CONSTRAINT `articles_updated_by_id_fk` FOREIGN KEY (`updated_by_id`) REFERENCES `admin_users` (`id`) ON DELETE SET NULL, CONSTRAINT `articles_created_by_id_fk` FOREIGN KEY (`created_by_id`) REFERENCES `admin_users` (`id`) ON DELETE SET NULL, CONSTRAINT `articles_updated_by_id_fk` FOREIGN KEY (`updated_by_id`) REFERENCES `admin_users` (`id`) ON DELETE SET NULL);
INSERT INTO articles VALUES(1,'fgp8wm8vvph3abt4fc4xjtcj','The internet''s Own boy','Follow the story of Aaron Swartz, the boy who could change the world','the-internet-s-own-boy',1745576145573,1745576145573,NULL,NULL,NULL,NULL);
INSERT INTO articles VALUES(2,'pdpykrdrg75ek1uyj71kufpi','This shrimp is awesome','Mantis shrimps, or stomatopods, are marine crustaceans of the order Stomatopoda.','this-shrimp-is-awesome',1745576145684,1745576145684,NULL,NULL,NULL,NULL);
INSERT INTO articles VALUES(3,'jtyg5yljdd7wn1nlbxszv8iq','A bug is becoming a meme on the internet','How a bug on MySQL is becoming a meme on the internet','a-bug-is-becoming-a-meme-on-the-internet',1745576146142,1745576146142,NULL,NULL,NULL,NULL);
INSERT INTO articles VALUES(4,'uz4n6suvi25fja6iatdw3yly','Beautiful picture','Description of a beautiful picture','beautiful-picture',1745576146713,1745576146713,NULL,NULL,NULL,NULL);
INSERT INTO articles VALUES(5,'o6asr3cpgs4zuqzumnmt9m42','What''s inside a Black Hole','Maybe the answer is in this article, or not...','what-s-inside-a-black-hole',1745576146800,1745576146800,NULL,NULL,NULL,NULL);
CREATE TABLE IF NOT EXISTS "authors" (`id` integer PRIMARY KEY SERIAL NOT NULL, `document_id` varchar(255) NULL, `name` varchar(255) NULL, `email` varchar(255) NULL, `created_at` datetime NULL, `updated_at` datetime NULL, `published_at` datetime NULL, `created_by_id` integer NULL, `updated_by_id` integer NULL, `locale` varchar(255) NULL, CONSTRAINT `authors_created_by_id_fk` FOREIGN KEY (`created_by_id`) REFERENCES `admin_users` (`id`) ON DELETE SET NULL, CONSTRAINT `authors_updated_by_id_fk` FOREIGN KEY (`updated_by_id`) REFERENCES `admin_users` (`id`) ON DELETE SET NULL, CONSTRAINT `authors_created_by_id_fk` FOREIGN KEY (`created_by_id`) REFERENCES `admin_users` (`id`) ON DELETE SET NULL, CONSTRAINT `authors_updated_by_id_fk` FOREIGN KEY (`updated_by_id`) REFERENCES `admin_users` (`id`) ON DELETE SET NULL);
INSERT INTO authors VALUES(1,'ria802tu0wl2djle2g2qli1f','David Doe','daviddoe@strapi.io',1745576142457,1745576142457,1745576142455,NULL,NULL,NULL);
INSERT INTO authors VALUES(2,'mdpv8isxketjvvhdhy3imths','Sarah Baker','sarahbaker@strapi.io',1745576143011,1745576143011,1745576143010,NULL,NULL,NULL);
CREATE TABLE IF NOT EXISTS "categories" (`id` integer PRIMARY KEY SERIAL NOT NULL, `document_id` varchar(255) NULL, `name` varchar(255) NULL, `slug` varchar(255) NULL, `description` text NULL, `created_at` datetime NULL, `updated_at` datetime NULL, `published_at` datetime NULL, `created_by_id` integer NULL, `updated_by_id` integer NULL, `locale` varchar(255) NULL, CONSTRAINT `categories_created_by_id_fk` FOREIGN KEY (`created_by_id`) REFERENCES `admin_users` (`id`) ON DELETE SET NULL, CONSTRAINT `categories_updated_by_id_fk` FOREIGN KEY (`updated_by_id`) REFERENCES `admin_users` (`id`) ON DELETE SET NULL, CONSTRAINT `categories_created_by_id_fk` FOREIGN KEY (`created_by_id`) REFERENCES `admin_users` (`id`) ON DELETE SET NULL, CONSTRAINT `categories_updated_by_id_fk` FOREIGN KEY (`updated_by_id`) REFERENCES `admin_users` (`id`) ON DELETE SET NULL);
INSERT INTO categories VALUES(1,'gr4ymhzeru2rjc0gkjrbnpk0','news','news',NULL,1745576141993,1745576141993,1745576141989,NULL,NULL,NULL);
INSERT INTO categories VALUES(2,'stewo17sksegs5uttsf2z9e7','tech','tech',NULL,1745576142000,1745576142000,1745576141999,NULL,NULL,NULL);
INSERT INTO categories VALUES(3,'fm39cz5rlzbhndgqplskk2gn','food','food',NULL,1745576142010,1745576142010,1745576142009,NULL,NULL,NULL);
INSERT INTO categories VALUES(4,'d1odynlkzs7dxa87rn78twlt','nature','nature',NULL,1745576142020,1745576142020,1745576142018,NULL,NULL,NULL);
INSERT INTO categories VALUES(5,'xjrxs6nrok13td9w6vdhloec','story','story',NULL,1745576142028,1745576142028,1745576142027,NULL,NULL,NULL);
CREATE TABLE IF NOT EXISTS "globals_cmps" (`id` integer PRIMARY KEY SERIAL NOT NULL, `entity_id` integer NULL, `cmp_id` integer NULL, `component_type` varchar(255) NULL, `field` varchar(255) NULL, `order` float NULL, CONSTRAINT `globals_entity_fk` FOREIGN KEY (`entity_id`) REFERENCES `globals` (`id`) ON DELETE CASCADE, CONSTRAINT `globals_entity_fk` FOREIGN KEY (`entity_id`) REFERENCES `globals` (`id`) ON DELETE CASCADE);
INSERT INTO globals_cmps VALUES(1,1,1,'shared.seo','defaultSeo',NULL);
CREATE TABLE IF NOT EXISTS "globals" (`id` integer PRIMARY KEY SERIAL NOT NULL, `document_id` varchar(255) NULL, `site_name` varchar(255) NULL, `site_description` text NULL, `created_at` datetime NULL, `updated_at` datetime NULL, `published_at` datetime NULL, `created_by_id` integer NULL, `updated_by_id` integer NULL, `locale` varchar(255) NULL, CONSTRAINT `globals_created_by_id_fk` FOREIGN KEY (`created_by_id`) REFERENCES `admin_users` (`id`) ON DELETE SET NULL, CONSTRAINT `globals_updated_by_id_fk` FOREIGN KEY (`updated_by_id`) REFERENCES `admin_users` (`id`) ON DELETE SET NULL, CONSTRAINT `globals_created_by_id_fk` FOREIGN KEY (`created_by_id`) REFERENCES `admin_users` (`id`) ON DELETE SET NULL, CONSTRAINT `globals_updated_by_id_fk` FOREIGN KEY (`updated_by_id`) REFERENCES `admin_users` (`id`) ON DELETE SET NULL);
INSERT INTO globals VALUES(1,'psd69nzbzxnebiuudnwx9gia','Strapi Blog','A Blog made with Strapi',1745576147182,1745576147182,1745576147178,NULL,NULL,NULL);
CREATE TABLE IF NOT EXISTS "admin_permissions" (`id` integer PRIMARY KEY SERIAL NOT NULL, `document_id` varchar(255) NULL, `action` varchar(255) NULL, `action_parameters` json NULL, `subject` varchar(255) NULL, `properties` json NULL, `conditions` json NULL, `created_at` datetime NULL, `updated_at` datetime NULL, `published_at` datetime NULL, `created_by_id` integer NULL, `updated_by_id` integer NULL, `locale` varchar(255) NULL, CONSTRAINT `admin_permissions_created_by_id_fk` FOREIGN KEY (`created_by_id`) REFERENCES `admin_users` (`id`) ON DELETE SET NULL, CONSTRAINT `admin_permissions_updated_by_id_fk` FOREIGN KEY (`updated_by_id`) REFERENCES `admin_users` (`id`) ON DELETE SET NULL, CONSTRAINT `admin_permissions_created_by_id_fk` FOREIGN KEY (`created_by_id`) REFERENCES `admin_users` (`id`) ON DELETE SET NULL, CONSTRAINT `admin_permissions_updated_by_id_fk` FOREIGN KEY (`updated_by_id`) REFERENCES `admin_users` (`id`) ON DELETE SET NULL);
INSERT INTO admin_permissions VALUES(1,'nneia0vw2yjvrryjsu3w8l5d','plugin::content-manager.explorer.create','{}','api::about.about','{"fields":["title","blocks"]}','[]',1745576139876,1745576139876,1745576139876,NULL,NULL,NULL);
INSERT INTO admin_permissions VALUES(2,'yf9200vs6gx403g3u1d09rpo','plugin::content-manager.explorer.create','{}','api::article.article','{"fields":["title","description","slug","cover","author","category","blocks"]}','[]',1745576139888,1745576139888,1745576139888,NULL,NULL,NULL);
INSERT INTO admin_permissions VALUES(3,'cind0zen90v4e6tbw7oqcfs6','plugin::content-manager.explorer.create','{}','api::author.author','{"fields":["name","avatar","email","articles"]}','[]',1745576139898,1745576139898,1745576139898,NULL,NULL,NULL);
INSERT INTO admin_permissions VALUES(4,'ks2qh8h5cj41s1arfqya0p0e','plugin::content-manager.explorer.create','{}','api::category.category','{"fields":["name","slug","articles","description"]}','[]',1745576139908,1745576139908,1745576139908,NULL,NULL,NULL);
INSERT INTO admin_permissions VALUES(5,'cqaq98978e6nrgefz5nt3a2s','plugin::content-manager.explorer.create','{}','api::global.global','{"fields":["siteName","favicon","siteDescription","defaultSeo.metaTitle","defaultSeo.metaDescription","defaultSeo.shareImage"]}','[]',1745576139918,1745576139918,1745576139918,NULL,NULL,NULL);
INSERT INTO admin_permissions VALUES(6,'fs333ee9t0o0h8r6s17g9ya8','plugin::content-manager.explorer.read','{}','api::about.about','{"fields":["title","blocks"]}','[]',1745576139928,1745576139928,1745576139928,NULL,NULL,NULL);
INSERT INTO admin_permissions VALUES(7,'x6l27ih1rfd8khmckfrlqrmg','plugin::content-manager.explorer.read','{}','api::article.article','{"fields":["title","description","slug","cover","author","category","blocks"]}','[]',1745576139940,1745576139940,1745576139941,NULL,NULL,NULL);
INSERT INTO admin_permissions VALUES(8,'r1m74nx0vtsdjcfbq784v4dm','plugin::content-manager.explorer.read','{}','api::author.author','{"fields":["name","avatar","email","articles"]}','[]',1745576139950,1745576139950,1745576139950,NULL,NULL,NULL);
INSERT INTO admin_permissions VALUES(9,'yinasp00oksrg63nfrs24xm4','plugin::content-manager.explorer.read','{}','api::category.category','{"fields":["name","slug","articles","description"]}','[]',1745576139960,1745576139960,1745576139960,NULL,NULL,NULL);
INSERT INTO admin_permissions VALUES(10,'j2pwjq72mqx363h5gxxwtlqm','plugin::content-manager.explorer.read','{}','api::global.global','{"fields":["siteName","favicon","siteDescription","defaultSeo.metaTitle","defaultSeo.metaDescription","defaultSeo.shareImage"]}','[]',1745576139969,1745576139969,1745576139969,NULL,NULL,NULL);
INSERT INTO admin_permissions VALUES(11,'ujmhf9woo3adm2jlzzxue60d','plugin::content-manager.explorer.update','{}','api::about.about','{"fields":["title","blocks"]}','[]',1745576139978,1745576139978,1745576139978,NULL,NULL,NULL);
INSERT INTO admin_permissions VALUES(12,'xcxvialbjozkydjr510z3xna','plugin::content-manager.explorer.update','{}','api::article.article','{"fields":["title","description","slug","cover","author","category","blocks"]}','[]',1745576139988,1745576139988,1745576139988,NULL,NULL,NULL);
INSERT INTO admin_permissions VALUES(13,'um3i407vo0f6wuogegour2i2','plugin::content-manager.explorer.update','{}','api::author.author','{"fields":["name","avatar","email","articles"]}','[]',1745576139997,1745576139997,1745576139997,NULL,NULL,NULL);
INSERT INTO admin_permissions VALUES(14,'fulbm6999si1nq4aulhlir1m','plugin::content-manager.explorer.update','{}','api::category.category','{"fields":["name","slug","articles","description"]}','[]',1745576140007,1745576140007,1745576140007,NULL,NULL,NULL);
INSERT INTO admin_permissions VALUES(15,'k0gsfzlho47r1wtte77rj3hy','plugin::content-manager.explorer.update','{}','api::global.global','{"fields":["siteName","favicon","siteDescription","defaultSeo.metaTitle","defaultSeo.metaDescription","defaultSeo.shareImage"]}','[]',1745576140016,1745576140016,1745576140016,NULL,NULL,NULL);
INSERT INTO admin_permissions VALUES(16,'k92g0otx66cjsg8tkp29zziz','plugin::content-manager.explorer.delete','{}','api::about.about','{}','[]',1745576140025,1745576140025,1745576140025,NULL,NULL,NULL);
INSERT INTO admin_permissions VALUES(17,'zujmkkm8y874t9kbstll0wmc','plugin::content-manager.explorer.delete','{}','api::article.article','{}','[]',1745576140040,1745576140040,1745576140040,NULL,NULL,NULL);
INSERT INTO admin_permissions VALUES(18,'v0r01j31xqajb7f35akuaalr','plugin::content-manager.explorer.delete','{}','api::author.author','{}','[]',1745576140072,1745576140072,1745576140073,NULL,NULL,NULL);
INSERT INTO admin_permissions VALUES(19,'m4owxldar87ti5cv5ngnyvv8','plugin::content-manager.explorer.delete','{}','api::category.category','{}','[]',1745576140090,1745576140090,1745576140090,NULL,NULL,NULL);
INSERT INTO admin_permissions VALUES(20,'e49sy3pz2d5wn8el7c6eyceg','plugin::content-manager.explorer.delete','{}','api::global.global','{}','[]',1745576140112,1745576140112,1745576140113,NULL,NULL,NULL);
INSERT INTO admin_permissions VALUES(21,'culfknxnkd09h9j381v0x0x9','plugin::content-manager.explorer.publish','{}','api::about.about','{}','[]',1745576140126,1745576140126,1745576140126,NULL,NULL,NULL);
INSERT INTO admin_permissions VALUES(22,'ps2tws8q28h90pp1mxpjjrwj','plugin::content-manager.explorer.publish','{}','api::article.article','{}','[]',1745576140142,1745576140142,1745576140142,NULL,NULL,NULL);
INSERT INTO admin_permissions VALUES(23,'iacxr9vxk2qzigevyixt4d0a','plugin::content-manager.explorer.publish','{}','api::author.author','{}','[]',1745576140152,1745576140152,1745576140153,NULL,NULL,NULL);
INSERT INTO admin_permissions VALUES(24,'tmslp8z2dtnmnqlsc9ou4sho','plugin::content-manager.explorer.publish','{}','api::category.category','{}','[]',1745576140163,1745576140163,1745576140163,NULL,NULL,NULL);
INSERT INTO admin_permissions VALUES(25,'ca1b20k80kk9830xsu1du066','plugin::content-manager.explorer.publish','{}','api::global.global','{}','[]',1745576140174,1745576140174,1745576140174,NULL,NULL,NULL);
INSERT INTO admin_permissions VALUES(26,'ykwlq9yzby9h6hqyehn2wi10','plugin::upload.read','{}',NULL,'{}','[]',1745576140185,1745576140185,1745576140185,NULL,NULL,NULL);
INSERT INTO admin_permissions VALUES(27,'mw41ru4s6j56gd6rdmva6pil','plugin::upload.configure-view','{}',NULL,'{}','[]',1745576140197,1745576140197,1745576140197,NULL,NULL,NULL);
INSERT INTO admin_permissions VALUES(28,'wo77cragaujcym9p8zt7jd14','plugin::upload.assets.create','{}',NULL,'{}','[]',1745576140208,1745576140208,1745576140208,NULL,NULL,NULL);
INSERT INTO admin_permissions VALUES(29,'c24t3ye4ykuz38k3a87mho9j','plugin::upload.assets.update','{}',NULL,'{}','[]',1745576140221,1745576140221,1745576140222,NULL,NULL,NULL);
INSERT INTO admin_permissions VALUES(30,'cf8rp75ap64ke76s3svko2ts','plugin::upload.assets.download','{}',NULL,'{}','[]',1745576140234,1745576140234,1745576140234,NULL,NULL,NULL);
INSERT INTO admin_permissions VALUES(31,'b4phxse9d36ceqwcf7vd0g2e','plugin::upload.assets.copy-link','{}',NULL,'{}','[]',1745576140246,1745576140246,1745576140246,NULL,NULL,NULL);
INSERT INTO admin_permissions VALUES(32,'tvkbjksfd7l4m0hye3ky2opd','plugin::content-manager.explorer.create','{}','api::about.about','{"fields":["title","blocks"]}','["admin::is-creator"]',1745576140264,1745576140264,1745576140264,NULL,NULL,NULL);
INSERT INTO admin_permissions VALUES(33,'wmsriiunpcyqt9wnm8i2x8ka','plugin::content-manager.explorer.create','{}','api::article.article','{"fields":["title","description","slug","cover","author","category","blocks"]}','["admin::is-creator"]',1745576140280,1745576140280,1745576140280,NULL,NULL,NULL);
INSERT INTO admin_permissions VALUES(34,'i7x67dy0exhij6ylzbdgogtc','plugin::content-manager.explorer.create','{}','api::author.author','{"fields":["name","avatar","email","articles"]}','["admin::is-creator"]',1745576140291,1745576140291,1745576140291,NULL,NULL,NULL);
INSERT INTO admin_permissions VALUES(35,'u329hxyau1oavxp3yoy4h59i','plugin::content-manager.explorer.create','{}','api::category.category','{"fields":["name","slug","articles","description"]}','["admin::is-creator"]',1745576140303,1745576140303,1745576140303,NULL,NULL,NULL);
INSERT INTO admin_permissions VALUES(36,'hnmg4m0ql4fbm33vfekure0b','plugin::content-manager.explorer.create','{}','api::global.global','{"fields":["siteName","favicon","siteDescription","defaultSeo.metaTitle","defaultSeo.metaDescription","defaultSeo.shareImage"]}','["admin::is-creator"]',1745576140313,1745576140313,1745576140313,NULL,NULL,NULL);
INSERT INTO admin_permissions VALUES(37,'r5uxwf7af3coo4ltacsqyvk7','plugin::content-manager.explorer.read','{}','api::about.about','{"fields":["title","blocks"]}','["admin::is-creator"]',1745576140324,1745576140324,1745576140324,NULL,NULL,NULL);
INSERT INTO admin_permissions VALUES(38,'ilayyyor7ypsjtt1ynu0zsxz','plugin::content-manager.explorer.read','{}','api::article.article','{"fields":["title","description","slug","cover","author","category","blocks"]}','["admin::is-creator"]',1745576140343,1745576140343,1745576140343,NULL,NULL,NULL);
INSERT INTO admin_permissions VALUES(39,'ot4jso0xk17jni559h8gppg5','plugin::content-manager.explorer.read','{}','api::author.author','{"fields":["name","avatar","email","articles"]}','["admin::is-creator"]',1745576140355,1745576140355,1745576140356,NULL,NULL,NULL);
INSERT INTO admin_permissions VALUES(40,'e1edz3jq7jwgs135zz1ti2ya','plugin::content-manager.explorer.read','{}','api::category.category','{"fields":["name","slug","articles","description"]}','["admin::is-creator"]',1745576140367,1745576140367,1745576140367,NULL,NULL,NULL);
INSERT INTO admin_permissions VALUES(41,'agtwzdgifmm7oalqfxbexw1x','plugin::content-manager.explorer.read','{}','api::global.global','{"fields":["siteName","favicon","siteDescription","defaultSeo.metaTitle","defaultSeo.metaDescription","defaultSeo.shareImage"]}','["admin::is-creator"]',1745576140381,1745576140381,1745576140381,NULL,NULL,NULL);
INSERT INTO admin_permissions VALUES(42,'n5dd4y2ku2xnb8j9rnqmpz27','plugin::content-manager.explorer.update','{}','api::about.about','{"fields":["title","blocks"]}','["admin::is-creator"]',1745576140392,1745576140392,1745576140392,NULL,NULL,NULL);
INSERT INTO admin_permissions VALUES(43,'cgr8ho8445c8abvxt1p9q5ot','plugin::content-manager.explorer.update','{}','api::article.article','{"fields":["title","description","slug","cover","author","category","blocks"]}','["admin::is-creator"]',1745576140406,1745576140406,1745576140406,NULL,NULL,NULL);
INSERT INTO admin_permissions VALUES(44,'ittslxdiawhaa6syn3o01ha1','plugin::content-manager.explorer.update','{}','api::author.author','{"fields":["name","avatar","email","articles"]}','["admin::is-creator"]',1745576140425,1745576140425,1745576140425,NULL,NULL,NULL);
INSERT INTO admin_permissions VALUES(45,'h0kzhevetynh4zdkqy301ltj','plugin::content-manager.explorer.update','{}','api::category.category','{"fields":["name","slug","articles","description"]}','["admin::is-creator"]',1745576140436,1745576140436,1745576140436,NULL,NULL,NULL);
INSERT INTO admin_permissions VALUES(46,'i1upw4kji7vplev7b1lqkqyv','plugin::content-manager.explorer.update','{}','api::global.global','{"fields":["siteName","favicon","siteDescription","defaultSeo.metaTitle","defaultSeo.metaDescription","defaultSeo.shareImage"]}','["admin::is-creator"]',1745576140445,1745576140445,1745576140446,NULL,NULL,NULL);
INSERT INTO admin_permissions VALUES(47,'c3p8qwzviqe14pvhx26znl3g','plugin::content-manager.explorer.delete','{}','api::about.about','{}','["admin::is-creator"]',1745576140457,1745576140457,1745576140457,NULL,NULL,NULL);
INSERT INTO admin_permissions VALUES(48,'vtxujuofbtl5tzmsmnfsm19h','plugin::content-manager.explorer.delete','{}','api::article.article','{}','["admin::is-creator"]',1745576140469,1745576140469,1745576140469,NULL,NULL,NULL);
INSERT INTO admin_permissions VALUES(49,'yekun8hjjk8hjubqyk7n2rvq','plugin::content-manager.explorer.delete','{}','api::author.author','{}','["admin::is-creator"]',1745576140489,1745576140489,1745576140489,NULL,NULL,NULL);
INSERT INTO admin_permissions VALUES(50,'o3y5c1p5lukpmexz7et85hgy','plugin::content-manager.explorer.delete','{}','api::category.category','{}','["admin::is-creator"]',1745576140498,1745576140498,1745576140499,NULL,NULL,NULL);
INSERT INTO admin_permissions VALUES(51,'y52hxlwr6095d03upllw1y2v','plugin::content-manager.explorer.delete','{}','api::global.global','{}','["admin::is-creator"]',1745576140511,1745576140511,1745576140511,NULL,NULL,NULL);
INSERT INTO admin_permissions VALUES(52,'gygah38rxplow6wbzjvmtqr0','plugin::upload.read','{}',NULL,'{}','["admin::is-creator"]',1745576140522,1745576140522,1745576140522,NULL,NULL,NULL);
INSERT INTO admin_permissions VALUES(53,'pop6ewq9o9qicox6g9axqnzv','plugin::upload.configure-view','{}',NULL,'{}','[]',1745576140538,1745576140538,1745576140539,NULL,NULL,NULL);
INSERT INTO admin_permissions VALUES(54,'gj19gfkx5m8486znnr6r916z','plugin::upload.assets.create','{}',NULL,'{}','[]',1745576140549,1745576140549,1745576140549,NULL,NULL,NULL);
INSERT INTO admin_permissions VALUES(55,'t60w7vt3qlqo3jwia6ay2anp','plugin::upload.assets.update','{}',NULL,'{}','["admin::is-creator"]',1745576140561,1745576140561,1745576140561,NULL,NULL,NULL);
INSERT INTO admin_permissions VALUES(56,'mfvq2pzt8a1t13hliir6lr3l','plugin::upload.assets.download','{}',NULL,'{}','[]',1745576140573,1745576140573,1745576140574,NULL,NULL,NULL);
INSERT INTO admin_permissions VALUES(57,'k5lq1v1o3u6d00t6g7j1dfbt','plugin::upload.assets.copy-link','{}',NULL,'{}','[]',1745576140587,1745576140587,1745576140587,NULL,NULL,NULL);
INSERT INTO admin_permissions VALUES(58,'aqq3wmp1ro6ovqy8bj98xmr4','plugin::content-manager.explorer.create','{}','plugin::users-permissions.user','{"fields":["username","email","provider","password","resetPasswordToken","confirmationToken","confirmed","blocked","role"]}','[]',1745576140623,1745576140623,1745576140623,NULL,NULL,NULL);
INSERT INTO admin_permissions VALUES(59,'x0140rc0f1an06fd71gd8nb6','plugin::content-manager.explorer.create','{}','api::about.about','{"fields":["title","blocks"]}','[]',1745576140641,1745576140641,1745576140641,NULL,NULL,NULL);
INSERT INTO admin_permissions VALUES(60,'lbe4teb4yucf0rrg9p35sze6','plugin::content-manager.explorer.create','{}','api::article.article','{"fields":["title","description","slug","cover","author","category","blocks"]}','[]',1745576140653,1745576140653,1745576140653,NULL,NULL,NULL);
INSERT INTO admin_permissions VALUES(61,'gbndrlpj72da5gpbbbgfinhn','plugin::content-manager.explorer.create','{}','api::author.author','{"fields":["name","avatar","email","articles"]}','[]',1745576140665,1745576140665,1745576140665,NULL,NULL,NULL);
INSERT INTO admin_permissions VALUES(62,'z8p5wkb1ubdcmyzfah4p48uc','plugin::content-manager.explorer.create','{}','api::category.category','{"fields":["name","slug","articles","description"]}','[]',1745576140687,1745576140687,1745576140687,NULL,NULL,NULL);
INSERT INTO admin_permissions VALUES(63,'kn3gnxrkebnzub9osbdphpxy','plugin::content-manager.explorer.create','{}','api::global.global','{"fields":["siteName","favicon","siteDescription","defaultSeo.metaTitle","defaultSeo.metaDescription","defaultSeo.shareImage"]}','[]',1745576140702,1745576140702,1745576140702,NULL,NULL,NULL);
INSERT INTO admin_permissions VALUES(64,'c87i6lcqq7xkcqrftn9cplvq','plugin::content-manager.explorer.read','{}','plugin::users-permissions.user','{"fields":["username","email","provider","password","resetPasswordToken","confirmationToken","confirmed","blocked","role"]}','[]',1745576140710,1745576140710,1745576140711,NULL,NULL,NULL);
INSERT INTO admin_permissions VALUES(65,'prtswbudflesc0f8928cuwm0','plugin::content-manager.explorer.read','{}','api::about.about','{"fields":["title","blocks"]}','[]',1745576140721,1745576140721,1745576140721,NULL,NULL,NULL);
INSERT INTO admin_permissions VALUES(66,'wsr5vxtsug9mcsb4zc1u20i0','plugin::content-manager.explorer.read','{}','api::article.article','{"fields":["title","description","slug","cover","author","category","blocks"]}','[]',1745576140735,1745576140735,1745576140736,NULL,NULL,NULL);
INSERT INTO admin_permissions VALUES(67,'boe4q24q7cqgwcf84lvwny2k','plugin::content-manager.explorer.read','{}','api::author.author','{"fields":["name","avatar","email","articles"]}','[]',1745576140751,1745576140751,1745576140751,NULL,NULL,NULL);
INSERT INTO admin_permissions VALUES(68,'zokajufbbl4708tufwbwvm8y','plugin::content-manager.explorer.read','{}','api::category.category','{"fields":["name","slug","articles","description"]}','[]',1745576140762,1745576140762,1745576140762,NULL,NULL,NULL);
INSERT INTO admin_permissions VALUES(69,'ajdlot59r33gs17f9d8dwapx','plugin::content-manager.explorer.read','{}','api::global.global','{"fields":["siteName","favicon","siteDescription","defaultSeo.metaTitle","defaultSeo.metaDescription","defaultSeo.shareImage"]}','[]',1745576140771,1745576140771,1745576140771,NULL,NULL,NULL);
INSERT INTO admin_permissions VALUES(70,'y54c30icbtao99v1y7esskbq','plugin::content-manager.explorer.update','{}','plugin::users-permissions.user','{"fields":["username","email","provider","password","resetPasswordToken","confirmationToken","confirmed","blocked","role"]}','[]',1745576140780,1745576140780,1745576140781,NULL,NULL,NULL);
INSERT INTO admin_permissions VALUES(71,'etm81hbkioqx6suxusjev1mj','plugin::content-manager.explorer.update','{}','api::about.about','{"fields":["title","blocks"]}','[]',1745576140791,1745576140791,1745576140791,NULL,NULL,NULL);
INSERT INTO admin_permissions VALUES(72,'whb9q2wk0pier63l0onj17rl','plugin::content-manager.explorer.update','{}','api::article.article','{"fields":["title","description","slug","cover","author","category","blocks"]}','[]',1745576140801,1745576140801,1745576140801,NULL,NULL,NULL);
INSERT INTO admin_permissions VALUES(73,'lhshz4jxit87mv9cnzw65g6w','plugin::content-manager.explorer.update','{}','api::author.author','{"fields":["name","avatar","email","articles"]}','[]',1745576140824,1745576140824,1745576140824,NULL,NULL,NULL);
INSERT INTO admin_permissions VALUES(74,'xa7jaoqlo5idko783a3ty9w3','plugin::content-manager.explorer.update','{}','api::category.category','{"fields":["name","slug","articles","description"]}','[]',1745576140837,1745576140837,1745576140837,NULL,NULL,NULL);
INSERT INTO admin_permissions VALUES(75,'z1lkbormih1ne1bozheu86wy','plugin::content-manager.explorer.update','{}','api::global.global','{"fields":["siteName","favicon","siteDescription","defaultSeo.metaTitle","defaultSeo.metaDescription","defaultSeo.shareImage"]}','[]',1745576140847,1745576140847,1745576140847,NULL,NULL,NULL);
INSERT INTO admin_permissions VALUES(76,'wfqaxwo8shuxin4g5td3ldb9','plugin::content-manager.explorer.delete','{}','plugin::users-permissions.user','{}','[]',1745576140858,1745576140858,1745576140859,NULL,NULL,NULL);
INSERT INTO admin_permissions VALUES(77,'avd1dbtpp5vc7q5cek3uvtg6','plugin::content-manager.explorer.delete','{}','api::about.about','{}','[]',1745576140871,1745576140871,1745576140872,NULL,NULL,NULL);
INSERT INTO admin_permissions VALUES(78,'cfjnh1h7nyxmn56xa6dmk6xl','plugin::content-manager.explorer.delete','{}','api::article.article','{}','[]',1745576140885,1745576140885,1745576140885,NULL,NULL,NULL);
INSERT INTO admin_permissions VALUES(79,'chtu2zr8fazjm6void26nb6m','plugin::content-manager.explorer.delete','{}','api::author.author','{}','[]',1745576140912,1745576140912,1745576140912,NULL,NULL,NULL);
INSERT INTO admin_permissions VALUES(80,'fv9xbnhdpuf1il92kao89p61','plugin::content-manager.explorer.delete','{}','api::category.category','{}','[]',1745576140938,1745576140938,1745576140938,NULL,NULL,NULL);
INSERT INTO admin_permissions VALUES(81,'u1l5dw45nn5m4k6n0qsygsr0','plugin::content-manager.explorer.delete','{}','api::global.global','{}','[]',1745576140947,1745576140947,1745576140948,NULL,NULL,NULL);
INSERT INTO admin_permissions VALUES(82,'p5ckq8yxiagzzakrcb8mt5dt','plugin::content-manager.explorer.publish','{}','plugin::users-permissions.user','{}','[]',1745576140957,1745576140957,1745576140957,NULL,NULL,NULL);
INSERT INTO admin_permissions VALUES(83,'ctug2p899lu526bdpn8u3ast','plugin::content-manager.explorer.publish','{}','api::about.about','{}','[]',1745576140968,1745576140968,1745576140968,NULL,NULL,NULL);
INSERT INTO admin_permissions VALUES(84,'oyttwatgqqvckitaopg15inx','plugin::content-manager.explorer.publish','{}','api::article.article','{}','[]',1745576140978,1745576140978,1745576140978,NULL,NULL,NULL);
INSERT INTO admin_permissions VALUES(85,'z9movxgh3mb5kab787np198k','plugin::content-manager.explorer.publish','{}','api::author.author','{}','[]',1745576140988,1745576140988,1745576140988,NULL,NULL,NULL);
INSERT INTO admin_permissions VALUES(86,'lb1scepzk4avzdozohg1j85l','plugin::content-manager.explorer.publish','{}','api::category.category','{}','[]',1745576140998,1745576140998,1745576140998,NULL,NULL,NULL);
INSERT INTO admin_permissions VALUES(87,'m2wo0b3zteoarfczr5uu8md5','plugin::content-manager.explorer.publish','{}','api::global.global','{}','[]',1745576141009,1745576141009,1745576141009,NULL,NULL,NULL);
INSERT INTO admin_permissions VALUES(88,'silobajyvlt3rrgmun2t2ufa','plugin::content-manager.single-types.configure-view','{}',NULL,'{}','[]',1745576141027,1745576141027,1745576141027,NULL,NULL,NULL);
INSERT INTO admin_permissions VALUES(89,'mkrbb69smj55c187te8n26va','plugin::content-manager.collection-types.configure-view','{}',NULL,'{}','[]',1745576141038,1745576141038,1745576141038,NULL,NULL,NULL);
INSERT INTO admin_permissions VALUES(90,'jcgg3vyw7ok0rgmqzhg4tfho','plugin::content-manager.components.configure-layout','{}',NULL,'{}','[]',1745576141050,1745576141050,1745576141050,NULL,NULL,NULL);
INSERT INTO admin_permissions VALUES(91,'stgiujnrzhwcv18na6grv1ti','plugin::content-type-builder.read','{}',NULL,'{}','[]',1745576141062,1745576141062,1745576141063,NULL,NULL,NULL);
INSERT INTO admin_permissions VALUES(92,'n3nc57kr6aspc8neddblsfia','plugin::email.settings.read','{}',NULL,'{}','[]',1745576141073,1745576141073,1745576141073,NULL,NULL,NULL);
INSERT INTO admin_permissions VALUES(93,'lubyo8yokhxizj7hy3m0h8he','plugin::upload.read','{}',NULL,'{}','[]',1745576141084,1745576141084,1745576141084,NULL,NULL,NULL);
INSERT INTO admin_permissions VALUES(94,'e0mg42b87ul9yhlpj45xvb04','plugin::upload.assets.create','{}',NULL,'{}','[]',1745576141096,1745576141096,1745576141096,NULL,NULL,NULL);
INSERT INTO admin_permissions VALUES(95,'vd4b8t542fra0kpxfogjic9y','plugin::upload.assets.update','{}',NULL,'{}','[]',1745576141107,1745576141107,1745576141108,NULL,NULL,NULL);
INSERT INTO admin_permissions VALUES(96,'t3c1pe541h0n5n9pp7lxie5h','plugin::upload.assets.download','{}',NULL,'{}','[]',1745576141119,1745576141119,1745576141119,NULL,NULL,NULL);
INSERT INTO admin_permissions VALUES(97,'l4w73xfhq3smvkia1lnpuj45','plugin::upload.assets.copy-link','{}',NULL,'{}','[]',1745576141134,1745576141134,1745576141134,NULL,NULL,NULL);
INSERT INTO admin_permissions VALUES(98,'caew24qu8hl3gy14xqaydn11','plugin::upload.configure-view','{}',NULL,'{}','[]',1745576141147,1745576141147,1745576141147,NULL,NULL,NULL);
INSERT INTO admin_permissions VALUES(99,'zc59rdaokvy12dhu1541857n','plugin::upload.settings.read','{}',NULL,'{}','[]',1745576141182,1745576141182,1745576141182,NULL,NULL,NULL);
INSERT INTO admin_permissions VALUES(100,'jn0pogl0kc1yrxy0pgocrjx4','plugin::i18n.locale.create','{}',NULL,'{}','[]',1745576141208,1745576141208,1745576141209,NULL,NULL,NULL);
INSERT INTO admin_permissions VALUES(101,'uency72x67l7x0l9lsj13o9c','plugin::i18n.locale.read','{}',NULL,'{}','[]',1745576141234,1745576141234,1745576141234,NULL,NULL,NULL);
INSERT INTO admin_permissions VALUES(102,'s9x3vwrnnf43755qtqocl439','plugin::i18n.locale.update','{}',NULL,'{}','[]',1745576141289,1745576141289,1745576141289,NULL,NULL,NULL);
INSERT INTO admin_permissions VALUES(103,'cbni505xcalc85py3f4pusxh','plugin::i18n.locale.delete','{}',NULL,'{}','[]',1745576141300,1745576141300,1745576141300,NULL,NULL,NULL);
INSERT INTO admin_permissions VALUES(104,'pa9ksexwzsen14k52dtede3q','plugin::users-permissions.roles.create','{}',NULL,'{}','[]',1745576141313,1745576141313,1745576141313,NULL,NULL,NULL);
INSERT INTO admin_permissions VALUES(105,'w4u8g5vi5iwvchp0a88zbjf4','plugin::users-permissions.roles.read','{}',NULL,'{}','[]',1745576141326,1745576141326,1745576141326,NULL,NULL,NULL);
INSERT INTO admin_permissions VALUES(106,'m3v3g5knhpg7folcdk5ybwt6','plugin::users-permissions.roles.update','{}',NULL,'{}','[]',1745576141338,1745576141338,1745576141338,NULL,NULL,NULL);
INSERT INTO admin_permissions VALUES(107,'xl1edyaoa0t4inka67ra904y','plugin::users-permissions.roles.delete','{}',NULL,'{}','[]',1745576141352,1745576141352,1745576141352,NULL,NULL,NULL);
INSERT INTO admin_permissions VALUES(108,'lbpaa7p668j78vbzv4sjrqqp','plugin::users-permissions.providers.read','{}',NULL,'{}','[]',1745576141365,1745576141365,1745576141365,NULL,NULL,NULL);
INSERT INTO admin_permissions VALUES(109,'fu828p8jkco4pc5ao6npcos3','plugin::users-permissions.providers.update','{}',NULL,'{}','[]',1745576141376,1745576141376,1745576141376,NULL,NULL,NULL);
INSERT INTO admin_permissions VALUES(110,'w4qwompirkf52hizzjh71n01','plugin::users-permissions.email-templates.read','{}',NULL,'{}','[]',1745576141389,1745576141389,1745576141389,NULL,NULL,NULL);
INSERT INTO admin_permissions VALUES(111,'l5rlxi8w2qxxbj38jldnfu7f','plugin::users-permissions.email-templates.update','{}',NULL,'{}','[]',1745576141402,1745576141402,1745576141402,NULL,NULL,NULL);
INSERT INTO admin_permissions VALUES(112,'meggktial84sq31arxfuqbum','plugin::users-permissions.advanced-settings.read','{}',NULL,'{}','[]',1745576141424,1745576141424,1745576141424,NULL,NULL,NULL);
INSERT INTO admin_permissions VALUES(113,'wxgonvprg5jr46zl28b38arh','plugin::users-permissions.advanced-settings.update','{}',NULL,'{}','[]',1745576141447,1745576141447,1745576141447,NULL,NULL,NULL);
INSERT INTO admin_permissions VALUES(114,'qcz7ju1q7t9r1buxj9ww32ai','admin::marketplace.read','{}',NULL,'{}','[]',1745576141459,1745576141459,1745576141459,NULL,NULL,NULL);
INSERT INTO admin_permissions VALUES(115,'w389iib5a6bvndi97ko5946a','admin::webhooks.create','{}',NULL,'{}','[]',1745576141473,1745576141473,1745576141473,NULL,NULL,NULL);
INSERT INTO admin_permissions VALUES(116,'cegbpk2yffjrm60wwzf2v781','admin::webhooks.read','{}',NULL,'{}','[]',1745576141483,1745576141483,1745576141483,NULL,NULL,NULL);
INSERT INTO admin_permissions VALUES(117,'b9crbk807balwofgs61g0rb0','admin::webhooks.update','{}',NULL,'{}','[]',1745576141493,1745576141493,1745576141493,NULL,NULL,NULL);
INSERT INTO admin_permissions VALUES(118,'dx97upwovk9gamhnsvsp2k8t','admin::webhooks.delete','{}',NULL,'{}','[]',1745576141502,1745576141502,1745576141503,NULL,NULL,NULL);
INSERT INTO admin_permissions VALUES(119,'noygar2wvwb76arleggm6wmb','admin::users.create','{}',NULL,'{}','[]',1745576141512,1745576141512,1745576141512,NULL,NULL,NULL);
INSERT INTO admin_permissions VALUES(120,'behl49vf8sqbrnm3ia6715vb','admin::users.read','{}',NULL,'{}','[]',1745576141537,1745576141537,1745576141537,NULL,NULL,NULL);
INSERT INTO admin_permissions VALUES(121,'jr7r28byhy3y9wbepkw9tt2u','admin::users.update','{}',NULL,'{}','[]',1745576141546,1745576141546,1745576141546,NULL,NULL,NULL);
INSERT INTO admin_permissions VALUES(122,'a3aw1s7ay6ajmzn8fhbjw5tw','admin::users.delete','{}',NULL,'{}','[]',1745576141560,1745576141560,1745576141560,NULL,NULL,NULL);
INSERT INTO admin_permissions VALUES(123,'wmchgknijr30qwu6hwkjlmqu','admin::roles.create','{}',NULL,'{}','[]',1745576141571,1745576141571,1745576141571,NULL,NULL,NULL);
INSERT INTO admin_permissions VALUES(124,'nu3r3g9ictg620bdm5h03wl0','admin::roles.read','{}',NULL,'{}','[]',1745576141584,1745576141584,1745576141585,NULL,NULL,NULL);
INSERT INTO admin_permissions VALUES(125,'axoyksqr20yoo6ht8sggma4r','admin::roles.update','{}',NULL,'{}','[]',1745576141598,1745576141598,1745576141598,NULL,NULL,NULL);
INSERT INTO admin_permissions VALUES(126,'ztln7yzbwm5dxnw0gt3y4t7u','admin::roles.delete','{}',NULL,'{}','[]',1745576141612,1745576141612,1745576141612,NULL,NULL,NULL);
INSERT INTO admin_permissions VALUES(127,'xtwv2hhamoiv3bl1qhv5p9l6','admin::api-tokens.access','{}',NULL,'{}','[]',1745576141626,1745576141626,1745576141626,NULL,NULL,NULL);
INSERT INTO admin_permissions VALUES(128,'ndfj76igv2cbxhk8zkppzsvc','admin::api-tokens.create','{}',NULL,'{}','[]',1745576141644,1745576141644,1745576141644,NULL,NULL,NULL);
INSERT INTO admin_permissions VALUES(129,'a66b3dof9cuqw3tvyljboxeu','admin::api-tokens.read','{}',NULL,'{}','[]',1745576141659,1745576141659,1745576141659,NULL,NULL,NULL);
INSERT INTO admin_permissions VALUES(130,'pc8w1sg40xmj1zkf3r9hubwz','admin::api-tokens.update','{}',NULL,'{}','[]',1745576141672,1745576141672,1745576141672,NULL,NULL,NULL);
INSERT INTO admin_permissions VALUES(131,'bonv9pm53bqe4r71zlx3dfnu','admin::api-tokens.regenerate','{}',NULL,'{}','[]',1745576141687,1745576141687,1745576141687,NULL,NULL,NULL);
INSERT INTO admin_permissions VALUES(132,'ancdabsoqalp0u5xa3gi3vt0','admin::api-tokens.delete','{}',NULL,'{}','[]',1745576141702,1745576141702,1745576141702,NULL,NULL,NULL);
INSERT INTO admin_permissions VALUES(133,'uyri2lywzk0td8cjg57hw9tl','admin::project-settings.update','{}',NULL,'{}','[]',1745576141714,1745576141714,1745576141714,NULL,NULL,NULL);
INSERT INTO admin_permissions VALUES(134,'zke8umbkmvkx3llt00b47h9t','admin::project-settings.read','{}',NULL,'{}','[]',1745576141726,1745576141726,1745576141726,NULL,NULL,NULL);
INSERT INTO admin_permissions VALUES(135,'vn31ld1f4p4xw344jnghm85p','admin::transfer.tokens.access','{}',NULL,'{}','[]',1745576141752,1745576141752,1745576141752,NULL,NULL,NULL);
INSERT INTO admin_permissions VALUES(136,'lmmkqt6c5oku4r6wsh9bloq8','admin::transfer.tokens.create','{}',NULL,'{}','[]',1745576141764,1745576141764,1745576141764,NULL,NULL,NULL);
INSERT INTO admin_permissions VALUES(137,'zt9kmuk4jr1tm02vrxc0tqbz','admin::transfer.tokens.read','{}',NULL,'{}','[]',1745576141775,1745576141775,1745576141775,NULL,NULL,NULL);
INSERT INTO admin_permissions VALUES(138,'bky6oimynd3s32m7cg4vvuc3','admin::transfer.tokens.update','{}',NULL,'{}','[]',1745576141784,1745576141784,1745576141784,NULL,NULL,NULL);
INSERT INTO admin_permissions VALUES(139,'vcw7ijv1mublv3wivk6i7hm1','admin::transfer.tokens.regenerate','{}',NULL,'{}','[]',1745576141793,1745576141793,1745576141794,NULL,NULL,NULL);
INSERT INTO admin_permissions VALUES(140,'rbik8wpm1cdioqx6s9tr1kab','admin::transfer.tokens.delete','{}',NULL,'{}','[]',1745576141803,1745576141803,1745576141803,NULL,NULL,NULL);
INSERT INTO admin_permissions VALUES(141,'mpy8n99wald1t1ywyphc7aoy','plugin::content-manager.explorer.create','{}','api::dtp-service.dtp-service','{"fields":["Title","Blocks"]}','[]',1745576985066,1745576985066,1745576985068,NULL,NULL,NULL);
INSERT INTO admin_permissions VALUES(142,'pt3xsfafj7r6rb78w1infwul','plugin::content-manager.explorer.read','{}','api::dtp-service.dtp-service','{"fields":["Title","Blocks"]}','[]',1745576985091,1745576985091,1745576985091,NULL,NULL,NULL);
INSERT INTO admin_permissions VALUES(143,'yaqldai5oa56980w74r953ki','plugin::content-manager.explorer.update','{}','api::dtp-service.dtp-service','{"fields":["Title","Blocks"]}','[]',1745576985112,1745576985112,1745576985112,NULL,NULL,NULL);
INSERT INTO admin_permissions VALUES(144,'yoctdimg71darvafzoill4gv','plugin::content-manager.explorer.delete','{}','api::dtp-service.dtp-service','{}','[]',1745576985133,1745576985133,1745576985133,NULL,NULL,NULL);
INSERT INTO admin_permissions VALUES(145,'d3xwemzpahupp1sx1d71aizj','plugin::content-manager.explorer.publish','{}','api::dtp-service.dtp-service','{}','[]',1745576985167,1745576985167,1745576985168,NULL,NULL,NULL);
INSERT INTO admin_permissions VALUES(149,'qxtrxvlgmug75tev5wqvtp2j','plugin::content-manager.explorer.delete','{}','api::translation-type.translation-type','{}','[]',1745832490769,1745832490769,1745832490769,NULL,NULL,NULL);
INSERT INTO admin_permissions VALUES(150,'g0cp8k17y83sljf6fjq7hmpu','plugin::content-manager.explorer.publish','{}','api::translation-type.translation-type','{}','[]',1745832490780,1745832490780,1745832490781,NULL,NULL,NULL);
INSERT INTO admin_permissions VALUES(154,'pz9x5tqb8y77rptfjdxkumeb','plugin::content-manager.explorer.delete','{}','api::banner.banner','{}','[]',1745914063978,1745914063978,1745914063979,NULL,NULL,NULL);
INSERT INTO admin_permissions VALUES(155,'y2gbgxmvpavxpox8941b2avu','plugin::content-manager.explorer.publish','{}','api::banner.banner','{}','[]',1745914063989,1745914063989,1745914063989,NULL,NULL,NULL);
INSERT INTO admin_permissions VALUES(174,'naj6auvfacx2vol63ybdn7wm','plugin::content-manager.explorer.create','{}','api::translation-type.translation-type','{"fields":["title","Media.media","Media.description"]}','[]',1746010866067,1746010866067,1746010866068,NULL,NULL,NULL);
INSERT INTO admin_permissions VALUES(175,'qjdpdyq1x2nwvek8q8ug1lsy','plugin::content-manager.explorer.read','{}','api::translation-type.translation-type','{"fields":["title","Media.media","Media.description"]}','[]',1746010866092,1746010866092,1746010866092,NULL,NULL,NULL);
INSERT INTO admin_permissions VALUES(176,'loalgzx46h57ah84b7jtwpwg','plugin::content-manager.explorer.update','{}','api::translation-type.translation-type','{"fields":["title","Media.media","Media.description"]}','[]',1746010866103,1746010866103,1746010866103,NULL,NULL,NULL);
INSERT INTO admin_permissions VALUES(191,'zi7wgjdyu2gmfftm26bmavks','plugin::content-manager.explorer.create','{}','api::banner.banner','{"fields":["Media.media","Media.title","Media.description"]}','[]',1746425535338,1746425535338,1746425535339,NULL,NULL,NULL);
INSERT INTO admin_permissions VALUES(192,'wpq8l8dc7vhsezm74km2i0nt','plugin::content-manager.explorer.read','{}','api::banner.banner','{"fields":["Media.media","Media.title","Media.description"]}','[]',1746425535366,1746425535366,1746425535366,NULL,NULL,NULL);
INSERT INTO admin_permissions VALUES(193,'y97ge63azrq9sytq28trl17x','plugin::content-manager.explorer.update','{}','api::banner.banner','{"fields":["Media.media","Media.title","Media.description"]}','[]',1746425535389,1746425535389,1746425535389,NULL,NULL,NULL);
INSERT INTO admin_permissions VALUES(197,'ijekoc3ctqv50rgub28hd7v5','plugin::content-manager.explorer.delete','{}','api::english-translation-service.english-translation-service','{}','[]',1746425614977,1746425614977,1746425614977,NULL,NULL,NULL);
INSERT INTO admin_permissions VALUES(198,'xd75m9orf6jopp38o8aman27','plugin::content-manager.explorer.publish','{}','api::english-translation-service.english-translation-service','{}','[]',1746425614987,1746425614987,1746425614987,NULL,NULL,NULL);
INSERT INTO admin_permissions VALUES(199,'wdnf4m4fw780yv1n6lamcqz0','plugin::content-manager.explorer.create','{}','api::english-translation-service.english-translation-service','{"fields":["Blocks","title"]}','[]',1746425630816,1746425630816,1746425630817,NULL,NULL,NULL);
INSERT INTO admin_permissions VALUES(200,'uj88sfx634jk5xi6xuuy0bm1','plugin::content-manager.explorer.read','{}','api::english-translation-service.english-translation-service','{"fields":["Blocks","title"]}','[]',1746425630849,1746425630849,1746425630849,NULL,NULL,NULL);
INSERT INTO admin_permissions VALUES(201,'xtxcyzmn02hac4fbc12rjgu2','plugin::content-manager.explorer.update','{}','api::english-translation-service.english-translation-service','{"fields":["Blocks","title"]}','[]',1746425630909,1746425630909,1746425630909,NULL,NULL,NULL);
INSERT INTO admin_permissions VALUES(212,'xs9d2idzc1zkxy8uxctxrq5x','plugin::content-manager.explorer.create','{}','api::content-writing-service.content-writing-service','{"fields":["title","Blocks"]}','[]',1746515925765,1746515925765,1746515925766,NULL,NULL,NULL);
INSERT INTO admin_permissions VALUES(213,'wo9eskldjadr0uog2efyxxk4','plugin::content-manager.explorer.read','{}','api::content-writing-service.content-writing-service','{"fields":["title","Blocks"]}','[]',1746515925794,1746515925794,1746515925794,NULL,NULL,NULL);
INSERT INTO admin_permissions VALUES(214,'szcbi17dq2nvmi6ewtifizk8','plugin::content-manager.explorer.update','{}','api::content-writing-service.content-writing-service','{"fields":["title","Blocks"]}','[]',1746515925817,1746515925817,1746515925817,NULL,NULL,NULL);
INSERT INTO admin_permissions VALUES(215,'fn7j8ptp0ok49jdc9phjt0h5','plugin::content-manager.explorer.delete','{}','api::content-writing-service.content-writing-service','{}','[]',1746515925843,1746515925843,1746515925844,NULL,NULL,NULL);
INSERT INTO admin_permissions VALUES(216,'x87u2gu11q9j9xinruhgysuv','plugin::content-manager.explorer.publish','{}','api::content-writing-service.content-writing-service','{}','[]',1746515925870,1746515925870,1746515925871,NULL,NULL,NULL);
INSERT INTO admin_permissions VALUES(217,'pyboe5e95mkpw52xzrbfqpeq','plugin::content-manager.explorer.create','{}','api::localization-service.localization-service','{"fields":["title","Blocks"]}','[]',1746524146931,1746524146931,1746524146933,NULL,NULL,NULL);
INSERT INTO admin_permissions VALUES(218,'ge4g34snut4ddb1pl509jg6p','plugin::content-manager.explorer.read','{}','api::localization-service.localization-service','{"fields":["title","Blocks"]}','[]',1746524146947,1746524146947,1746524146947,NULL,NULL,NULL);
INSERT INTO admin_permissions VALUES(219,'jk1tdbziuwqfgxdwm1f0t7d9','plugin::content-manager.explorer.update','{}','api::localization-service.localization-service','{"fields":["title","Blocks"]}','[]',1746524146959,1746524146959,1746524146959,NULL,NULL,NULL);
INSERT INTO admin_permissions VALUES(220,'q7qfaay8xw16gtxj0mitbxtc','plugin::content-manager.explorer.delete','{}','api::localization-service.localization-service','{}','[]',1746524146970,1746524146970,1746524146970,NULL,NULL,NULL);
INSERT INTO admin_permissions VALUES(221,'teg2debn5odnw9uhprrblx0x','plugin::content-manager.explorer.publish','{}','api::localization-service.localization-service','{}','[]',1746524146980,1746524146980,1746524146980,NULL,NULL,NULL);
INSERT INTO admin_permissions VALUES(222,'nddkrmnb6a7r5fj6b2fe06a9','plugin::content-manager.explorer.create','{}','api::project-service.project-service','{"fields":["title","Blocks"]}','[]',1746524797586,1746524797586,1746524797587,NULL,NULL,NULL);
INSERT INTO admin_permissions VALUES(223,'k3bmqj74t422wr6g0e5icyzr','plugin::content-manager.explorer.read','{}','api::project-service.project-service','{"fields":["title","Blocks"]}','[]',1746524797615,1746524797615,1746524797615,NULL,NULL,NULL);
INSERT INTO admin_permissions VALUES(224,'bwv2oz9luxem9ihfm5mielrb','plugin::content-manager.explorer.update','{}','api::project-service.project-service','{"fields":["title","Blocks"]}','[]',1746524797638,1746524797638,1746524797638,NULL,NULL,NULL);
INSERT INTO admin_permissions VALUES(225,'fzin5jkdko971p45gok3nsb7','plugin::content-manager.explorer.delete','{}','api::project-service.project-service','{}','[]',1746524797658,1746524797658,1746524797658,NULL,NULL,NULL);
INSERT INTO admin_permissions VALUES(226,'ki544dmb4lgwvl1efugho0ii','plugin::content-manager.explorer.publish','{}','api::project-service.project-service','{}','[]',1746524797679,1746524797679,1746524797679,NULL,NULL,NULL);
INSERT INTO admin_permissions VALUES(227,'deve863j18zx7w11nx4kpfdq','plugin::content-manager.explorer.create','{}','api::proof-reading-service.proof-reading-service','{"fields":["title","Blocks"]}','[]',1746525010231,1746525010231,1746525010233,NULL,NULL,NULL);
INSERT INTO admin_permissions VALUES(228,'liap1mpjrjb6akmcbdxe3ad8','plugin::content-manager.explorer.read','{}','api::proof-reading-service.proof-reading-service','{"fields":["title","Blocks"]}','[]',1746525010262,1746525010262,1746525010262,NULL,NULL,NULL);
INSERT INTO admin_permissions VALUES(229,'ujlkeq7dgyr4ykh9otvgnw7t','plugin::content-manager.explorer.update','{}','api::proof-reading-service.proof-reading-service','{"fields":["title","Blocks"]}','[]',1746525010282,1746525010282,1746525010282,NULL,NULL,NULL);
INSERT INTO admin_permissions VALUES(230,'qw0wfry9p98wpftdc8gnisdi','plugin::content-manager.explorer.delete','{}','api::proof-reading-service.proof-reading-service','{}','[]',1746525010303,1746525010303,1746525010303,NULL,NULL,NULL);
INSERT INTO admin_permissions VALUES(231,'fszfp50dhk3qwpjdxy0qwhdv','plugin::content-manager.explorer.publish','{}','api::proof-reading-service.proof-reading-service','{}','[]',1746525010327,1746525010327,1746525010328,NULL,NULL,NULL);
INSERT INTO admin_permissions VALUES(232,'z89k9kvnbtopt7ob732lzpif','plugin::content-manager.explorer.create','{}','api::interpretation-service.interpretation-service','{"fields":["title","Blocks"]}','[]',1746525322660,1746525322660,1746525322661,NULL,NULL,NULL);
INSERT INTO admin_permissions VALUES(233,'hx5kq1t6sseams035jj4kk7i','plugin::content-manager.explorer.read','{}','api::interpretation-service.interpretation-service','{"fields":["title","Blocks"]}','[]',1746525322693,1746525322693,1746525322693,NULL,NULL,NULL);
INSERT INTO admin_permissions VALUES(234,'fzghtjotixhbuj3ez0ndd0v0','plugin::content-manager.explorer.update','{}','api::interpretation-service.interpretation-service','{"fields":["title","Blocks"]}','[]',1746525322715,1746525322715,1746525322715,NULL,NULL,NULL);
INSERT INTO admin_permissions VALUES(235,'gal96fdta9zmy1xgkfozmsx9','plugin::content-manager.explorer.delete','{}','api::interpretation-service.interpretation-service','{}','[]',1746525322741,1746525322741,1746525322741,NULL,NULL,NULL);
INSERT INTO admin_permissions VALUES(236,'qdob45ernjlj4id7a83k0pf2','plugin::content-manager.explorer.publish','{}','api::interpretation-service.interpretation-service','{}','[]',1746525322784,1746525322784,1746525322785,NULL,NULL,NULL);
INSERT INTO admin_permissions VALUES(237,'z6xwv4qod9vihuwvtnzg9dob','plugin::content-manager.explorer.create','{}','api::audio-visual-service.audio-visual-service','{"fields":["title","Blocks"]}','[]',1746527974362,1746527974362,1746527974363,NULL,NULL,NULL);
INSERT INTO admin_permissions VALUES(238,'y74en8h9afj6s9beibuthisg','plugin::content-manager.explorer.read','{}','api::audio-visual-service.audio-visual-service','{"fields":["title","Blocks"]}','[]',1746527974391,1746527974391,1746527974392,NULL,NULL,NULL);
INSERT INTO admin_permissions VALUES(239,'uyo20v80v09zrd43va3wctvh','plugin::content-manager.explorer.update','{}','api::audio-visual-service.audio-visual-service','{"fields":["title","Blocks"]}','[]',1746527974414,1746527974414,1746527974414,NULL,NULL,NULL);
INSERT INTO admin_permissions VALUES(240,'gn1vrsxeub3bdkm4yp7t4rjj','plugin::content-manager.explorer.delete','{}','api::audio-visual-service.audio-visual-service','{}','[]',1746527974434,1746527974434,1746527974435,NULL,NULL,NULL);
INSERT INTO admin_permissions VALUES(241,'uyuqh5c2uflry3be8ymepbsn','plugin::content-manager.explorer.publish','{}','api::audio-visual-service.audio-visual-service','{}','[]',1746527974455,1746527974455,1746527974455,NULL,NULL,NULL);
INSERT INTO admin_permissions VALUES(242,'hma1uiwpxkph33hfww4pnos0','plugin::content-manager.explorer.create','{}','api::translation-service.translation-service','{"fields":["title","Blocks"]}','[]',1746528886736,1746528886736,1746528886737,NULL,NULL,NULL);
INSERT INTO admin_permissions VALUES(243,'ewrrpu03ytn0wdzrocf6arj9','plugin::content-manager.explorer.read','{}','api::translation-service.translation-service','{"fields":["title","Blocks"]}','[]',1746528886765,1746528886765,1746528886766,NULL,NULL,NULL);
INSERT INTO admin_permissions VALUES(244,'y18y6hzifzhlvg7z4vyl2n49','plugin::content-manager.explorer.update','{}','api::translation-service.translation-service','{"fields":["title","Blocks"]}','[]',1746528886788,1746528886788,1746528886789,NULL,NULL,NULL);
INSERT INTO admin_permissions VALUES(245,'bn4ygqgfo8q1zjdd0y43r3tv','plugin::content-manager.explorer.delete','{}','api::translation-service.translation-service','{}','[]',1746528886811,1746528886811,1746528886811,NULL,NULL,NULL);
INSERT INTO admin_permissions VALUES(246,'k39a0o4xmsucqmgpxfsb36fl','plugin::content-manager.explorer.publish','{}','api::translation-service.translation-service','{}','[]',1746528886831,1746528886831,1746528886831,NULL,NULL,NULL);
CREATE TABLE IF NOT EXISTS "admin_users" (`id` integer PRIMARY KEY SERIAL NOT NULL, `document_id` varchar(255) NULL, `firstname` varchar(255) NULL, `lastname` varchar(255) NULL, `username` varchar(255) NULL, `email` varchar(255) NULL, `password` varchar(255) NULL, `reset_password_token` varchar(255) NULL, `registration_token` varchar(255) NULL, `is_active` boolean NULL, `blocked` boolean NULL, `prefered_language` varchar(255) NULL, `created_at` datetime NULL, `updated_at` datetime NULL, `published_at` datetime NULL, `created_by_id` integer NULL, `updated_by_id` integer NULL, `locale` varchar(255) NULL, CONSTRAINT `admin_users_created_by_id_fk` FOREIGN KEY (`created_by_id`) REFERENCES `admin_users` (`id`) ON DELETE SET NULL, CONSTRAINT `admin_users_updated_by_id_fk` FOREIGN KEY (`updated_by_id`) REFERENCES `admin_users` (`id`) ON DELETE SET NULL, CONSTRAINT `admin_users_created_by_id_fk` FOREIGN KEY (`created_by_id`) REFERENCES `admin_users` (`id`) ON DELETE SET NULL, CONSTRAINT `admin_users_updated_by_id_fk` FOREIGN KEY (`updated_by_id`) REFERENCES `admin_users` (`id`) ON DELETE SET NULL);
INSERT INTO admin_users VALUES(1,'ngq1riqga8utw22bbqi3vko3','Ashwini',NULL,NULL,'ashwiniu@tech-radix.com','$2a$10$IPcGanBbPsaYtAe.IRQNmeRxgEnM1qOHhz9p/1tXcCYIw8W1gUkn.',NULL,NULL,1,0,NULL,1745576200281,1745576200281,1745576200281,NULL,NULL,NULL);
CREATE TABLE IF NOT EXISTS "admin_roles" (`id` integer PRIMARY KEY SERIAL NOT NULL, `document_id` varchar(255) NULL, `name` varchar(255) NULL, `code` varchar(255) NULL, `description` varchar(255) NULL, `created_at` datetime NULL, `updated_at` datetime NULL, `published_at` datetime NULL, `created_by_id` integer NULL, `updated_by_id` integer NULL, `locale` varchar(255) NULL, CONSTRAINT `admin_roles_created_by_id_fk` FOREIGN KEY (`created_by_id`) REFERENCES `admin_users` (`id`) ON DELETE SET NULL, CONSTRAINT `admin_roles_updated_by_id_fk` FOREIGN KEY (`updated_by_id`) REFERENCES `admin_users` (`id`) ON DELETE SET NULL, CONSTRAINT `admin_roles_created_by_id_fk` FOREIGN KEY (`created_by_id`) REFERENCES `admin_users` (`id`) ON DELETE SET NULL, CONSTRAINT `admin_roles_updated_by_id_fk` FOREIGN KEY (`updated_by_id`) REFERENCES `admin_users` (`id`) ON DELETE SET NULL);
INSERT INTO admin_roles VALUES(1,'n3jl61mrj0p5fi0sdt83t27f','Super Admin','strapi-super-admin','Super Admins can access and manage all features and settings.',1745576139850,1745576139850,1745576139850,NULL,NULL,NULL);
INSERT INTO admin_roles VALUES(2,'ga1xwxi6qpi15yvgvl4c0yqz','Editor','strapi-editor','Editors can manage and publish contents including those of other users.',1745576139857,1745576139857,1745576139857,NULL,NULL,NULL);
INSERT INTO admin_roles VALUES(3,'e3r1rk0mtjmul5a7w4hpt9pl','Author','strapi-author','Authors can manage the content they have created.',1745576139863,1745576139863,1745576139863,NULL,NULL,NULL);
CREATE TABLE IF NOT EXISTS "strapi_api_tokens" (`id` integer PRIMARY KEY SERIAL NOT NULL, `document_id` varchar(255) NULL, `name` varchar(255) NULL, `description` varchar(255) NULL, `type` varchar(255) NULL, `access_key` varchar(255) NULL, `last_used_at` datetime NULL, `expires_at` datetime NULL, `lifespan` bigint NULL, `created_at` datetime NULL, `updated_at` datetime NULL, `published_at` datetime NULL, `created_by_id` integer NULL, `updated_by_id` integer NULL, `locale` varchar(255) NULL, CONSTRAINT `strapi_api_tokens_created_by_id_fk` FOREIGN KEY (`created_by_id`) REFERENCES `admin_users` (`id`) ON DELETE SET NULL, CONSTRAINT `strapi_api_tokens_updated_by_id_fk` FOREIGN KEY (`updated_by_id`) REFERENCES `admin_users` (`id`) ON DELETE SET NULL, CONSTRAINT `strapi_api_tokens_created_by_id_fk` FOREIGN KEY (`created_by_id`) REFERENCES `admin_users` (`id`) ON DELETE SET NULL, CONSTRAINT `strapi_api_tokens_updated_by_id_fk` FOREIGN KEY (`updated_by_id`) REFERENCES `admin_users` (`id`) ON DELETE SET NULL);
INSERT INTO strapi_api_tokens VALUES(1,'nrlhoy9v0menq6w75kbh7x3i','Read Only','A default API token with read-only permissions, only used for accessing resources','read-only','030b96a2c358e3a270cdbed7ad7e0057ecfdbf1cf632bb2af8987494baf0a590558318ab9568e61afed6bfb8558f671ec75b0c9a18a5663445fb873ab8653ecd',NULL,NULL,NULL,1745576141864,1745576141864,1745576141864,NULL,NULL,NULL);
INSERT INTO strapi_api_tokens VALUES(2,'z8q8s8hjpx4xdpww4gerv6zn','Full Access','A default API token with full access permissions, used for accessing or modifying resources','full-access','6c64b50c87a1a3693a8217773cbd3312377b62268f9048b1d618f841b44c3ab61414606852bda8c4ab808a85af3e02e5ecff55d4b66fb4c4e402f07f0a505028',NULL,NULL,NULL,1745576141871,1745576141871,1745576141871,NULL,NULL,NULL);
CREATE TABLE IF NOT EXISTS "strapi_api_token_permissions" (`id` integer PRIMARY KEY SERIAL NOT NULL, `document_id` varchar(255) NULL, `action` varchar(255) NULL, `created_at` datetime NULL, `updated_at` datetime NULL, `published_at` datetime NULL, `created_by_id` integer NULL, `updated_by_id` integer NULL, `locale` varchar(255) NULL, CONSTRAINT `strapi_api_token_permissions_created_by_id_fk` FOREIGN KEY (`created_by_id`) REFERENCES `admin_users` (`id`) ON DELETE SET NULL, CONSTRAINT `strapi_api_token_permissions_updated_by_id_fk` FOREIGN KEY (`updated_by_id`) REFERENCES `admin_users` (`id`) ON DELETE SET NULL, CONSTRAINT `strapi_api_token_permissions_created_by_id_fk` FOREIGN KEY (`created_by_id`) REFERENCES `admin_users` (`id`) ON DELETE SET NULL, CONSTRAINT `strapi_api_token_permissions_updated_by_id_fk` FOREIGN KEY (`updated_by_id`) REFERENCES `admin_users` (`id`) ON DELETE SET NULL);
CREATE TABLE IF NOT EXISTS "strapi_transfer_tokens" (`id` integer PRIMARY KEY SERIAL NOT NULL, `document_id` varchar(255) NULL, `name` varchar(255) NULL, `description` varchar(255) NULL, `access_key` varchar(255) NULL, `last_used_at` datetime NULL, `expires_at` datetime NULL, `lifespan` bigint NULL, `created_at` datetime NULL, `updated_at` datetime NULL, `published_at` datetime NULL, `created_by_id` integer NULL, `updated_by_id` integer NULL, `locale` varchar(255) NULL, CONSTRAINT `strapi_transfer_tokens_created_by_id_fk` FOREIGN KEY (`created_by_id`) REFERENCES `admin_users` (`id`) ON DELETE SET NULL, CONSTRAINT `strapi_transfer_tokens_updated_by_id_fk` FOREIGN KEY (`updated_by_id`) REFERENCES `admin_users` (`id`) ON DELETE SET NULL, CONSTRAINT `strapi_transfer_tokens_created_by_id_fk` FOREIGN KEY (`created_by_id`) REFERENCES `admin_users` (`id`) ON DELETE SET NULL, CONSTRAINT `strapi_transfer_tokens_updated_by_id_fk` FOREIGN KEY (`updated_by_id`) REFERENCES `admin_users` (`id`) ON DELETE SET NULL);
CREATE TABLE IF NOT EXISTS "strapi_transfer_token_permissions" (`id` integer PRIMARY KEY SERIAL NOT NULL, `document_id` varchar(255) NULL, `action` varchar(255) NULL, `created_at` datetime NULL, `updated_at` datetime NULL, `published_at` datetime NULL, `created_by_id` integer NULL, `updated_by_id` integer NULL, `locale` varchar(255) NULL, CONSTRAINT `strapi_transfer_token_permissions_created_by_id_fk` FOREIGN KEY (`created_by_id`) REFERENCES `admin_users` (`id`) ON DELETE SET NULL, CONSTRAINT `strapi_transfer_token_permissions_updated_by_id_fk` FOREIGN KEY (`updated_by_id`) REFERENCES `admin_users` (`id`) ON DELETE SET NULL, CONSTRAINT `strapi_transfer_token_permissions_created_by_id_fk` FOREIGN KEY (`created_by_id`) REFERENCES `admin_users` (`id`) ON DELETE SET NULL, CONSTRAINT `strapi_transfer_token_permissions_updated_by_id_fk` FOREIGN KEY (`updated_by_id`) REFERENCES `admin_users` (`id`) ON DELETE SET NULL);
CREATE TABLE IF NOT EXISTS "strapi_history_versions" (`id` integer PRIMARY KEY SERIAL NOT NULL, `content_type` varchar(255) NOT NULL, `related_document_id` varchar(255) NULL, `locale` varchar(255) NULL, `status` varchar(255) NULL, `data` json NULL, `schema` json NULL, `created_at` datetime NULL, `created_by_id` integer NULL, CONSTRAINT `strapi_history_versions_created_by_id_fk` FOREIGN KEY (`created_by_id`) REFERENCES `admin_users` (`id`) ON DELETE SET NULL, CONSTRAINT `strapi_history_versions_created_by_id_fk` FOREIGN KEY (`created_by_id`) REFERENCES `admin_users` (`id`) ON DELETE SET NULL);
CREATE TABLE IF NOT EXISTS "files_related_mph" (`id` integer PRIMARY KEY SERIAL NOT NULL, `file_id` integer NULL, `related_id` integer NULL, `related_type` varchar(255) NULL, `field` varchar(255) NULL, `order` float NULL, CONSTRAINT `files_related_mph_fk` FOREIGN KEY (`file_id`) REFERENCES `files` (`id`) ON DELETE CASCADE, CONSTRAINT `files_related_mph_fk` FOREIGN KEY (`file_id`) REFERENCES `files` (`id`) ON DELETE CASCADE);
INSERT INTO files_related_mph VALUES(1,1,1,'api::author.author','avatar',1.0);
INSERT INTO files_related_mph VALUES(2,2,2,'api::author.author','avatar',1.0);
INSERT INTO files_related_mph VALUES(3,4,1,'shared.media','file',1.0);
INSERT INTO files_related_mph VALUES(4,4,1,'shared.slider','files',1.0);
INSERT INTO files_related_mph VALUES(5,5,1,'shared.slider','files',2.0);
INSERT INTO files_related_mph VALUES(6,3,1,'api::article.article','cover',1.0);
INSERT INTO files_related_mph VALUES(7,4,2,'shared.media','file',1.0);
INSERT INTO files_related_mph VALUES(8,4,2,'shared.slider','files',1.0);
INSERT INTO files_related_mph VALUES(9,5,2,'shared.slider','files',2.0);
INSERT INTO files_related_mph VALUES(10,6,2,'api::article.article','cover',1.0);
INSERT INTO files_related_mph VALUES(11,4,3,'shared.media','file',1.0);
INSERT INTO files_related_mph VALUES(12,4,3,'shared.slider','files',1.0);
INSERT INTO files_related_mph VALUES(13,5,3,'shared.slider','files',2.0);
INSERT INTO files_related_mph VALUES(14,7,3,'api::article.article','cover',1.0);
INSERT INTO files_related_mph VALUES(15,4,4,'shared.media','file',1.0);
INSERT INTO files_related_mph VALUES(16,4,4,'shared.slider','files',1.0);
INSERT INTO files_related_mph VALUES(17,5,4,'shared.slider','files',2.0);
INSERT INTO files_related_mph VALUES(18,8,4,'api::article.article','cover',1.0);
INSERT INTO files_related_mph VALUES(19,4,5,'shared.media','file',1.0);
INSERT INTO files_related_mph VALUES(20,4,5,'shared.slider','files',1.0);
INSERT INTO files_related_mph VALUES(21,5,5,'shared.slider','files',2.0);
INSERT INTO files_related_mph VALUES(22,9,5,'api::article.article','cover',1.0);
INSERT INTO files_related_mph VALUES(23,11,1,'shared.seo','shareImage',1.0);
INSERT INTO files_related_mph VALUES(24,10,1,'api::global.global','favicon',1.0);
INSERT INTO files_related_mph VALUES(25,4,6,'shared.media','file',1.0);
INSERT INTO files_related_mph VALUES(594,12,1,'shared.media-block','media',1.0);
INSERT INTO files_related_mph VALUES(595,13,2,'shared.media-block','media',1.0);
INSERT INTO files_related_mph VALUES(596,15,3,'shared.media-block','media',1.0);
INSERT INTO files_related_mph VALUES(597,16,4,'shared.media-block','media',1.0);
INSERT INTO files_related_mph VALUES(598,15,5,'shared.media-block','media',1.0);
INSERT INTO files_related_mph VALUES(599,12,203,'shared.media-block','media',1.0);
INSERT INTO files_related_mph VALUES(600,13,204,'shared.media-block','media',1.0);
INSERT INTO files_related_mph VALUES(601,15,205,'shared.media-block','media',1.0);
INSERT INTO files_related_mph VALUES(602,16,206,'shared.media-block','media',1.0);
INSERT INTO files_related_mph VALUES(603,15,207,'shared.media-block','media',1.0);
INSERT INTO files_related_mph VALUES(897,30,1,'shared.content-component','media',1.0);
INSERT INTO files_related_mph VALUES(898,31,2,'shared.content-component','media',1.0);
INSERT INTO files_related_mph VALUES(899,32,3,'shared.content-component','media',1.0);
INSERT INTO files_related_mph VALUES(900,33,4,'shared.content-component','media',1.0);
INSERT INTO files_related_mph VALUES(901,34,5,'shared.content-component','media',1.0);
INSERT INTO files_related_mph VALUES(902,30,6,'shared.content-component','media',1.0);
INSERT INTO files_related_mph VALUES(903,31,7,'shared.content-component','media',1.0);
INSERT INTO files_related_mph VALUES(904,32,8,'shared.content-component','media',1.0);
INSERT INTO files_related_mph VALUES(905,33,9,'shared.content-component','media',1.0);
INSERT INTO files_related_mph VALUES(906,34,10,'shared.content-component','media',1.0);
INSERT INTO files_related_mph VALUES(1562,28,11,'shared.media-block','media',1.0);
INSERT INTO files_related_mph VALUES(1563,18,12,'shared.media-block','media',1.0);
INSERT INTO files_related_mph VALUES(1564,19,13,'shared.media-block','media',1.0);
INSERT INTO files_related_mph VALUES(1565,20,14,'shared.media-block','media',1.0);
INSERT INTO files_related_mph VALUES(1566,36,448,'shared.media-block','media',1.0);
INSERT INTO files_related_mph VALUES(1567,22,16,'shared.media-block','media',1.0);
INSERT INTO files_related_mph VALUES(1568,23,17,'shared.media-block','media',1.0);
INSERT INTO files_related_mph VALUES(1569,24,18,'shared.media-block','media',1.0);
INSERT INTO files_related_mph VALUES(1570,25,19,'shared.media-block','media',1.0);
INSERT INTO files_related_mph VALUES(1571,26,20,'shared.media-block','media',1.0);
INSERT INTO files_related_mph VALUES(1572,27,21,'shared.media-block','media',1.0);
INSERT INTO files_related_mph VALUES(1573,28,529,'shared.media-block','media',1.0);
INSERT INTO files_related_mph VALUES(1574,18,530,'shared.media-block','media',1.0);
INSERT INTO files_related_mph VALUES(1575,19,531,'shared.media-block','media',1.0);
INSERT INTO files_related_mph VALUES(1576,20,532,'shared.media-block','media',1.0);
INSERT INTO files_related_mph VALUES(1577,36,533,'shared.media-block','media',1.0);
INSERT INTO files_related_mph VALUES(1578,22,534,'shared.media-block','media',1.0);
INSERT INTO files_related_mph VALUES(1579,23,535,'shared.media-block','media',1.0);
INSERT INTO files_related_mph VALUES(1580,24,536,'shared.media-block','media',1.0);
INSERT INTO files_related_mph VALUES(1581,25,537,'shared.media-block','media',1.0);
INSERT INTO files_related_mph VALUES(1582,26,538,'shared.media-block','media',1.0);
INSERT INTO files_related_mph VALUES(1583,27,539,'shared.media-block','media',1.0);
INSERT INTO files_related_mph VALUES(1638,39,12,'shared.content-component','media',1.0);
INSERT INTO files_related_mph VALUES(1639,40,14,'shared.content-component','media',1.0);
INSERT INTO files_related_mph VALUES(1640,41,15,'shared.content-component','media',1.0);
INSERT INTO files_related_mph VALUES(1641,42,16,'shared.content-component','media',1.0);
INSERT INTO files_related_mph VALUES(1642,43,17,'shared.content-component','media',1.0);
INSERT INTO files_related_mph VALUES(1643,44,28,'shared.content-component','media',1.0);
INSERT INTO files_related_mph VALUES(1644,39,35,'shared.content-component','media',1.0);
INSERT INTO files_related_mph VALUES(1645,40,36,'shared.content-component','media',1.0);
INSERT INTO files_related_mph VALUES(1646,41,37,'shared.content-component','media',1.0);
INSERT INTO files_related_mph VALUES(1647,42,38,'shared.content-component','media',1.0);
INSERT INTO files_related_mph VALUES(1648,43,39,'shared.content-component','media',1.0);
INSERT INTO files_related_mph VALUES(1649,44,40,'shared.content-component','media',1.0);
INSERT INTO files_related_mph VALUES(1689,45,41,'shared.content-component','media',1.0);
INSERT INTO files_related_mph VALUES(1690,46,42,'shared.content-component','media',1.0);
INSERT INTO files_related_mph VALUES(1691,47,43,'shared.content-component','media',1.0);
INSERT INTO files_related_mph VALUES(1692,45,56,'shared.content-component','media',1.0);
INSERT INTO files_related_mph VALUES(1693,46,57,'shared.content-component','media',1.0);
INSERT INTO files_related_mph VALUES(1694,47,58,'shared.content-component','media',1.0);
INSERT INTO files_related_mph VALUES(1705,51,63,'shared.content-component','media',1.0);
INSERT INTO files_related_mph VALUES(1706,48,59,'shared.content-component','media',1.0);
INSERT INTO files_related_mph VALUES(1707,49,60,'shared.content-component','media',1.0);
INSERT INTO files_related_mph VALUES(1708,50,61,'shared.content-component','media',1.0);
INSERT INTO files_related_mph VALUES(1709,48,64,'shared.content-component','media',1.0);
INSERT INTO files_related_mph VALUES(1710,49,65,'shared.content-component','media',1.0);
INSERT INTO files_related_mph VALUES(1711,50,66,'shared.content-component','media',1.0);
INSERT INTO files_related_mph VALUES(1712,51,67,'shared.content-component','media',1.0);
CREATE TABLE IF NOT EXISTS "files_folder_lnk" (`id` integer PRIMARY KEY SERIAL NOT NULL, `file_id` integer NULL, `folder_id` integer NULL, `file_ord` float NULL, CONSTRAINT `files_folder_lnk_fk` FOREIGN KEY (`file_id`) REFERENCES `files` (`id`) ON DELETE CASCADE, CONSTRAINT `files_folder_lnk_ifk` FOREIGN KEY (`folder_id`) REFERENCES `upload_folders` (`id`) ON DELETE CASCADE, CONSTRAINT `files_folder_lnk_fk` FOREIGN KEY (`file_id`) REFERENCES `files` (`id`) ON DELETE CASCADE, CONSTRAINT `files_folder_lnk_ifk` FOREIGN KEY (`folder_id`) REFERENCES `upload_folders` (`id`) ON DELETE CASCADE);
CREATE TABLE IF NOT EXISTS "upload_folders_parent_lnk" (`id` integer PRIMARY KEY SERIAL NOT NULL, `folder_id` integer NULL, `inv_folder_id` integer NULL, `folder_ord` float NULL, CONSTRAINT `upload_folders_parent_lnk_fk` FOREIGN KEY (`folder_id`) REFERENCES `upload_folders` (`id`) ON DELETE CASCADE, CONSTRAINT `upload_folders_parent_lnk_ifk` FOREIGN KEY (`inv_folder_id`) REFERENCES `upload_folders` (`id`) ON DELETE CASCADE, CONSTRAINT `upload_folders_parent_lnk_fk` FOREIGN KEY (`folder_id`) REFERENCES `upload_folders` (`id`) ON DELETE CASCADE, CONSTRAINT `upload_folders_parent_lnk_ifk` FOREIGN KEY (`inv_folder_id`) REFERENCES `upload_folders` (`id`) ON DELETE CASCADE);
CREATE TABLE IF NOT EXISTS "strapi_release_actions_release_lnk" (`id` integer PRIMARY KEY SERIAL NOT NULL, `release_action_id` integer NULL, `release_id` integer NULL, `release_action_ord` float NULL, CONSTRAINT `strapi_release_actions_release_lnk_fk` FOREIGN KEY (`release_action_id`) REFERENCES `strapi_release_actions` (`id`) ON DELETE CASCADE, CONSTRAINT `strapi_release_actions_release_lnk_ifk` FOREIGN KEY (`release_id`) REFERENCES `strapi_releases` (`id`) ON DELETE CASCADE, CONSTRAINT `strapi_release_actions_release_lnk_fk` FOREIGN KEY (`release_action_id`) REFERENCES `strapi_release_actions` (`id`) ON DELETE CASCADE, CONSTRAINT `strapi_release_actions_release_lnk_ifk` FOREIGN KEY (`release_id`) REFERENCES `strapi_releases` (`id`) ON DELETE CASCADE);
CREATE TABLE IF NOT EXISTS "strapi_workflows_stage_required_to_publish_lnk" (`id` integer PRIMARY KEY SERIAL NOT NULL, `workflow_id` integer NULL, `workflow_stage_id` integer NULL, CONSTRAINT `strapi_workflows_stage_required_to_publish_lnk_fk` FOREIGN KEY (`workflow_id`) REFERENCES `strapi_workflows` (`id`) ON DELETE CASCADE, CONSTRAINT `strapi_workflows_stage_required_to_publish_lnk_ifk` FOREIGN KEY (`workflow_stage_id`) REFERENCES `strapi_workflows_stages` (`id`) ON DELETE CASCADE, CONSTRAINT `strapi_workflows_stage_required_to_publish_lnk_fk` FOREIGN KEY (`workflow_id`) REFERENCES `strapi_workflows` (`id`) ON DELETE CASCADE, CONSTRAINT `strapi_workflows_stage_required_to_publish_lnk_ifk` FOREIGN KEY (`workflow_stage_id`) REFERENCES `strapi_workflows_stages` (`id`) ON DELETE CASCADE);
CREATE TABLE IF NOT EXISTS "strapi_workflows_stages_workflow_lnk" (`id` integer PRIMARY KEY SERIAL NOT NULL, `workflow_stage_id` integer NULL, `workflow_id` integer NULL, `workflow_stage_ord` float NULL, CONSTRAINT `strapi_workflows_stages_workflow_lnk_fk` FOREIGN KEY (`workflow_stage_id`) REFERENCES `strapi_workflows_stages` (`id`) ON DELETE CASCADE, CONSTRAINT `strapi_workflows_stages_workflow_lnk_ifk` FOREIGN KEY (`workflow_id`) REFERENCES `strapi_workflows` (`id`) ON DELETE CASCADE, CONSTRAINT `strapi_workflows_stages_workflow_lnk_fk` FOREIGN KEY (`workflow_stage_id`) REFERENCES `strapi_workflows_stages` (`id`) ON DELETE CASCADE, CONSTRAINT `strapi_workflows_stages_workflow_lnk_ifk` FOREIGN KEY (`workflow_id`) REFERENCES `strapi_workflows` (`id`) ON DELETE CASCADE);
CREATE TABLE IF NOT EXISTS "strapi_workflows_stages_permissions_lnk" (`id` integer PRIMARY KEY SERIAL NOT NULL, `workflow_stage_id` integer NULL, `permission_id` integer NULL, `permission_ord` float NULL, CONSTRAINT `strapi_workflows_stages_permissions_lnk_fk` FOREIGN KEY (`workflow_stage_id`) REFERENCES `strapi_workflows_stages` (`id`) ON DELETE CASCADE, CONSTRAINT `strapi_workflows_stages_permissions_lnk_ifk` FOREIGN KEY (`permission_id`) REFERENCES `admin_permissions` (`id`) ON DELETE CASCADE, CONSTRAINT `strapi_workflows_stages_permissions_lnk_fk` FOREIGN KEY (`workflow_stage_id`) REFERENCES `strapi_workflows_stages` (`id`) ON DELETE CASCADE, CONSTRAINT `strapi_workflows_stages_permissions_lnk_ifk` FOREIGN KEY (`permission_id`) REFERENCES `admin_permissions` (`id`) ON DELETE CASCADE);
CREATE TABLE IF NOT EXISTS "up_permissions_role_lnk" (`id` integer PRIMARY KEY SERIAL NOT NULL, `permission_id` integer NULL, `role_id` integer NULL, `permission_ord` float NULL, CONSTRAINT `up_permissions_role_lnk_fk` FOREIGN KEY (`permission_id`) REFERENCES `up_permissions` (`id`) ON DELETE CASCADE, CONSTRAINT `up_permissions_role_lnk_ifk` FOREIGN KEY (`role_id`) REFERENCES `up_roles` (`id`) ON DELETE CASCADE, CONSTRAINT `up_permissions_role_lnk_fk` FOREIGN KEY (`permission_id`) REFERENCES `up_permissions` (`id`) ON DELETE CASCADE, CONSTRAINT `up_permissions_role_lnk_ifk` FOREIGN KEY (`role_id`) REFERENCES `up_roles` (`id`) ON DELETE CASCADE);
INSERT INTO up_permissions_role_lnk VALUES(1,1,1,1.0);
INSERT INTO up_permissions_role_lnk VALUES(2,2,1,2.0);
INSERT INTO up_permissions_role_lnk VALUES(3,3,2,1.0);
INSERT INTO up_permissions_role_lnk VALUES(4,4,2,2.0);
INSERT INTO up_permissions_role_lnk VALUES(5,5,2,3.0);
INSERT INTO up_permissions_role_lnk VALUES(6,6,2,4.0);
INSERT INTO up_permissions_role_lnk VALUES(7,7,2,5.0);
INSERT INTO up_permissions_role_lnk VALUES(8,8,2,6.0);
INSERT INTO up_permissions_role_lnk VALUES(9,9,2,7.0);
INSERT INTO up_permissions_role_lnk VALUES(10,10,2,8.0);
INSERT INTO up_permissions_role_lnk VALUES(11,11,2,9.0);
INSERT INTO up_permissions_role_lnk VALUES(12,12,2,10.0);
INSERT INTO up_permissions_role_lnk VALUES(13,13,2,11.0);
INSERT INTO up_permissions_role_lnk VALUES(14,14,2,12.0);
INSERT INTO up_permissions_role_lnk VALUES(15,15,2,13.0);
INSERT INTO up_permissions_role_lnk VALUES(16,16,2,14.0);
INSERT INTO up_permissions_role_lnk VALUES(18,18,2,16.0);
INSERT INTO up_permissions_role_lnk VALUES(20,20,2,17.0);
INSERT INTO up_permissions_role_lnk VALUES(21,21,2,18.0);
INSERT INTO up_permissions_role_lnk VALUES(22,22,2,19.0);
INSERT INTO up_permissions_role_lnk VALUES(23,23,2,20.0);
INSERT INTO up_permissions_role_lnk VALUES(24,24,2,21.0);
INSERT INTO up_permissions_role_lnk VALUES(25,25,2,22.0);
INSERT INTO up_permissions_role_lnk VALUES(26,26,2,23.0);
INSERT INTO up_permissions_role_lnk VALUES(27,27,2,24.0);
INSERT INTO up_permissions_role_lnk VALUES(28,28,1,3.0);
INSERT INTO up_permissions_role_lnk VALUES(29,29,1,4.0);
INSERT INTO up_permissions_role_lnk VALUES(34,34,2,25.0);
INSERT INTO up_permissions_role_lnk VALUES(35,35,2,26.0);
INSERT INTO up_permissions_role_lnk VALUES(36,36,2,27.0);
INSERT INTO up_permissions_role_lnk VALUES(37,37,2,28.0);
INSERT INTO up_permissions_role_lnk VALUES(38,38,2,29.0);
INSERT INTO up_permissions_role_lnk VALUES(39,39,2,30.0);
INSERT INTO up_permissions_role_lnk VALUES(40,40,2,31.0);
INSERT INTO up_permissions_role_lnk VALUES(41,41,2,32.0);
INSERT INTO up_permissions_role_lnk VALUES(42,42,2,33.0);
INSERT INTO up_permissions_role_lnk VALUES(43,43,2,34.0);
INSERT INTO up_permissions_role_lnk VALUES(44,44,2,35.0);
INSERT INTO up_permissions_role_lnk VALUES(45,45,2,36.0);
INSERT INTO up_permissions_role_lnk VALUES(46,46,2,37.0);
INSERT INTO up_permissions_role_lnk VALUES(47,47,2,38.0);
CREATE TABLE IF NOT EXISTS "up_users_role_lnk" (`id` integer PRIMARY KEY SERIAL NOT NULL, `user_id` integer NULL, `role_id` integer NULL, `user_ord` float NULL, CONSTRAINT `up_users_role_lnk_fk` FOREIGN KEY (`user_id`) REFERENCES `up_users` (`id`) ON DELETE CASCADE, CONSTRAINT `up_users_role_lnk_ifk` FOREIGN KEY (`role_id`) REFERENCES `up_roles` (`id`) ON DELETE CASCADE, CONSTRAINT `up_users_role_lnk_fk` FOREIGN KEY (`user_id`) REFERENCES `up_users` (`id`) ON DELETE CASCADE, CONSTRAINT `up_users_role_lnk_ifk` FOREIGN KEY (`role_id`) REFERENCES `up_roles` (`id`) ON DELETE CASCADE);
CREATE TABLE IF NOT EXISTS "articles_author_lnk" (`id` integer PRIMARY KEY SERIAL NOT NULL, `article_id` integer NULL, `author_id` integer NULL, `article_ord` float NULL, CONSTRAINT `articles_author_lnk_fk` FOREIGN KEY (`article_id`) REFERENCES `articles` (`id`) ON DELETE CASCADE, CONSTRAINT `articles_author_lnk_ifk` FOREIGN KEY (`author_id`) REFERENCES `authors` (`id`) ON DELETE CASCADE, CONSTRAINT `articles_author_lnk_fk` FOREIGN KEY (`article_id`) REFERENCES `articles` (`id`) ON DELETE CASCADE, CONSTRAINT `articles_author_lnk_ifk` FOREIGN KEY (`author_id`) REFERENCES `authors` (`id`) ON DELETE CASCADE);
INSERT INTO articles_author_lnk VALUES(1,1,1,1.0);
INSERT INTO articles_author_lnk VALUES(2,2,1,2.0);
INSERT INTO articles_author_lnk VALUES(3,3,2,1.0);
INSERT INTO articles_author_lnk VALUES(4,4,2,2.0);
INSERT INTO articles_author_lnk VALUES(5,5,2,3.0);
CREATE TABLE IF NOT EXISTS "articles_category_lnk" (`id` integer PRIMARY KEY SERIAL NOT NULL, `article_id` integer NULL, `category_id` integer NULL, `article_ord` float NULL, CONSTRAINT `articles_category_lnk_fk` FOREIGN KEY (`article_id`) REFERENCES `articles` (`id`) ON DELETE CASCADE, CONSTRAINT `articles_category_lnk_ifk` FOREIGN KEY (`category_id`) REFERENCES `categories` (`id`) ON DELETE CASCADE, CONSTRAINT `articles_category_lnk_fk` FOREIGN KEY (`article_id`) REFERENCES `articles` (`id`) ON DELETE CASCADE, CONSTRAINT `articles_category_lnk_ifk` FOREIGN KEY (`category_id`) REFERENCES `categories` (`id`) ON DELETE CASCADE);
INSERT INTO articles_category_lnk VALUES(1,1,5,1.0);
INSERT INTO articles_category_lnk VALUES(2,2,4,1.0);
INSERT INTO articles_category_lnk VALUES(3,3,2,1.0);
INSERT INTO articles_category_lnk VALUES(4,4,4,2.0);
INSERT INTO articles_category_lnk VALUES(5,5,1,1.0);
CREATE TABLE IF NOT EXISTS "admin_permissions_role_lnk" (`id` integer PRIMARY KEY SERIAL NOT NULL, `permission_id` integer NULL, `role_id` integer NULL, `permission_ord` float NULL, CONSTRAINT `admin_permissions_role_lnk_fk` FOREIGN KEY (`permission_id`) REFERENCES `admin_permissions` (`id`) ON DELETE CASCADE, CONSTRAINT `admin_permissions_role_lnk_ifk` FOREIGN KEY (`role_id`) REFERENCES `admin_roles` (`id`) ON DELETE CASCADE, CONSTRAINT `admin_permissions_role_lnk_fk` FOREIGN KEY (`permission_id`) REFERENCES `admin_permissions` (`id`) ON DELETE CASCADE, CONSTRAINT `admin_permissions_role_lnk_ifk` FOREIGN KEY (`role_id`) REFERENCES `admin_roles` (`id`) ON DELETE CASCADE);
INSERT INTO admin_permissions_role_lnk VALUES(1,1,2,1.0);
INSERT INTO admin_permissions_role_lnk VALUES(2,2,2,2.0);
INSERT INTO admin_permissions_role_lnk VALUES(3,3,2,3.0);
INSERT INTO admin_permissions_role_lnk VALUES(4,4,2,4.0);
INSERT INTO admin_permissions_role_lnk VALUES(5,5,2,5.0);
INSERT INTO admin_permissions_role_lnk VALUES(6,6,2,6.0);
INSERT INTO admin_permissions_role_lnk VALUES(7,7,2,7.0);
INSERT INTO admin_permissions_role_lnk VALUES(8,8,2,8.0);
INSERT INTO admin_permissions_role_lnk VALUES(9,9,2,9.0);
INSERT INTO admin_permissions_role_lnk VALUES(10,10,2,10.0);
INSERT INTO admin_permissions_role_lnk VALUES(11,11,2,11.0);
INSERT INTO admin_permissions_role_lnk VALUES(12,12,2,12.0);
INSERT INTO admin_permissions_role_lnk VALUES(13,13,2,13.0);
INSERT INTO admin_permissions_role_lnk VALUES(14,14,2,14.0);
INSERT INTO admin_permissions_role_lnk VALUES(15,15,2,15.0);
INSERT INTO admin_permissions_role_lnk VALUES(16,16,2,16.0);
INSERT INTO admin_permissions_role_lnk VALUES(17,17,2,17.0);
INSERT INTO admin_permissions_role_lnk VALUES(18,18,2,18.0);
INSERT INTO admin_permissions_role_lnk VALUES(19,19,2,19.0);
INSERT INTO admin_permissions_role_lnk VALUES(20,20,2,20.0);
INSERT INTO admin_permissions_role_lnk VALUES(21,21,2,21.0);
INSERT INTO admin_permissions_role_lnk VALUES(22,22,2,22.0);
INSERT INTO admin_permissions_role_lnk VALUES(23,23,2,23.0);
INSERT INTO admin_permissions_role_lnk VALUES(24,24,2,24.0);
INSERT INTO admin_permissions_role_lnk VALUES(25,25,2,25.0);
INSERT INTO admin_permissions_role_lnk VALUES(26,26,2,26.0);
INSERT INTO admin_permissions_role_lnk VALUES(27,27,2,27.0);
INSERT INTO admin_permissions_role_lnk VALUES(28,28,2,28.0);
INSERT INTO admin_permissions_role_lnk VALUES(29,29,2,29.0);
INSERT INTO admin_permissions_role_lnk VALUES(30,30,2,30.0);
INSERT INTO admin_permissions_role_lnk VALUES(31,31,2,31.0);
INSERT INTO admin_permissions_role_lnk VALUES(32,32,3,1.0);
INSERT INTO admin_permissions_role_lnk VALUES(33,33,3,2.0);
INSERT INTO admin_permissions_role_lnk VALUES(34,34,3,3.0);
INSERT INTO admin_permissions_role_lnk VALUES(35,35,3,4.0);
INSERT INTO admin_permissions_role_lnk VALUES(36,36,3,5.0);
INSERT INTO admin_permissions_role_lnk VALUES(37,37,3,6.0);
INSERT INTO admin_permissions_role_lnk VALUES(38,38,3,7.0);
INSERT INTO admin_permissions_role_lnk VALUES(39,39,3,8.0);
INSERT INTO admin_permissions_role_lnk VALUES(40,40,3,9.0);
INSERT INTO admin_permissions_role_lnk VALUES(41,41,3,10.0);
INSERT INTO admin_permissions_role_lnk VALUES(42,42,3,11.0);
INSERT INTO admin_permissions_role_lnk VALUES(43,43,3,12.0);
INSERT INTO admin_permissions_role_lnk VALUES(44,44,3,13.0);
INSERT INTO admin_permissions_role_lnk VALUES(45,45,3,14.0);
INSERT INTO admin_permissions_role_lnk VALUES(46,46,3,15.0);
INSERT INTO admin_permissions_role_lnk VALUES(47,47,3,16.0);
INSERT INTO admin_permissions_role_lnk VALUES(48,48,3,17.0);
INSERT INTO admin_permissions_role_lnk VALUES(49,49,3,18.0);
INSERT INTO admin_permissions_role_lnk VALUES(50,50,3,19.0);
INSERT INTO admin_permissions_role_lnk VALUES(51,51,3,20.0);
INSERT INTO admin_permissions_role_lnk VALUES(52,52,3,21.0);
INSERT INTO admin_permissions_role_lnk VALUES(53,53,3,22.0);
INSERT INTO admin_permissions_role_lnk VALUES(54,54,3,23.0);
INSERT INTO admin_permissions_role_lnk VALUES(55,55,3,24.0);
INSERT INTO admin_permissions_role_lnk VALUES(56,56,3,25.0);
INSERT INTO admin_permissions_role_lnk VALUES(57,57,3,26.0);
INSERT INTO admin_permissions_role_lnk VALUES(58,58,1,1.0);
INSERT INTO admin_permissions_role_lnk VALUES(59,59,1,2.0);
INSERT INTO admin_permissions_role_lnk VALUES(60,60,1,3.0);
INSERT INTO admin_permissions_role_lnk VALUES(61,61,1,4.0);
INSERT INTO admin_permissions_role_lnk VALUES(62,62,1,5.0);
INSERT INTO admin_permissions_role_lnk VALUES(63,63,1,6.0);
INSERT INTO admin_permissions_role_lnk VALUES(64,64,1,7.0);
INSERT INTO admin_permissions_role_lnk VALUES(65,65,1,8.0);
INSERT INTO admin_permissions_role_lnk VALUES(66,66,1,9.0);
INSERT INTO admin_permissions_role_lnk VALUES(67,67,1,10.0);
INSERT INTO admin_permissions_role_lnk VALUES(68,68,1,11.0);
INSERT INTO admin_permissions_role_lnk VALUES(69,69,1,12.0);
INSERT INTO admin_permissions_role_lnk VALUES(70,70,1,13.0);
INSERT INTO admin_permissions_role_lnk VALUES(71,71,1,14.0);
INSERT INTO admin_permissions_role_lnk VALUES(72,72,1,15.0);
INSERT INTO admin_permissions_role_lnk VALUES(73,73,1,16.0);
INSERT INTO admin_permissions_role_lnk VALUES(74,74,1,17.0);
INSERT INTO admin_permissions_role_lnk VALUES(75,75,1,18.0);
INSERT INTO admin_permissions_role_lnk VALUES(76,76,1,19.0);
INSERT INTO admin_permissions_role_lnk VALUES(77,77,1,20.0);
INSERT INTO admin_permissions_role_lnk VALUES(78,78,1,21.0);
INSERT INTO admin_permissions_role_lnk VALUES(79,79,1,22.0);
INSERT INTO admin_permissions_role_lnk VALUES(80,80,1,23.0);
INSERT INTO admin_permissions_role_lnk VALUES(81,81,1,24.0);
INSERT INTO admin_permissions_role_lnk VALUES(82,82,1,25.0);
INSERT INTO admin_permissions_role_lnk VALUES(83,83,1,26.0);
INSERT INTO admin_permissions_role_lnk VALUES(84,84,1,27.0);
INSERT INTO admin_permissions_role_lnk VALUES(85,85,1,28.0);
INSERT INTO admin_permissions_role_lnk VALUES(86,86,1,29.0);
INSERT INTO admin_permissions_role_lnk VALUES(87,87,1,30.0);
INSERT INTO admin_permissions_role_lnk VALUES(88,88,1,31.0);
INSERT INTO admin_permissions_role_lnk VALUES(89,89,1,32.0);
INSERT INTO admin_permissions_role_lnk VALUES(90,90,1,33.0);
INSERT INTO admin_permissions_role_lnk VALUES(91,91,1,34.0);
INSERT INTO admin_permissions_role_lnk VALUES(92,92,1,35.0);
INSERT INTO admin_permissions_role_lnk VALUES(93,93,1,36.0);
INSERT INTO admin_permissions_role_lnk VALUES(94,94,1,37.0);
INSERT INTO admin_permissions_role_lnk VALUES(95,95,1,38.0);
INSERT INTO admin_permissions_role_lnk VALUES(96,96,1,39.0);
INSERT INTO admin_permissions_role_lnk VALUES(97,97,1,40.0);
INSERT INTO admin_permissions_role_lnk VALUES(98,98,1,41.0);
INSERT INTO admin_permissions_role_lnk VALUES(99,99,1,42.0);
INSERT INTO admin_permissions_role_lnk VALUES(100,100,1,43.0);
INSERT INTO admin_permissions_role_lnk VALUES(101,101,1,44.0);
INSERT INTO admin_permissions_role_lnk VALUES(102,102,1,45.0);
INSERT INTO admin_permissions_role_lnk VALUES(103,103,1,46.0);
INSERT INTO admin_permissions_role_lnk VALUES(104,104,1,47.0);
INSERT INTO admin_permissions_role_lnk VALUES(105,105,1,48.0);
INSERT INTO admin_permissions_role_lnk VALUES(106,106,1,49.0);
INSERT INTO admin_permissions_role_lnk VALUES(107,107,1,50.0);
INSERT INTO admin_permissions_role_lnk VALUES(108,108,1,51.0);
INSERT INTO admin_permissions_role_lnk VALUES(109,109,1,52.0);
INSERT INTO admin_permissions_role_lnk VALUES(110,110,1,53.0);
INSERT INTO admin_permissions_role_lnk VALUES(111,111,1,54.0);
INSERT INTO admin_permissions_role_lnk VALUES(112,112,1,55.0);
INSERT INTO admin_permissions_role_lnk VALUES(113,113,1,56.0);
INSERT INTO admin_permissions_role_lnk VALUES(114,114,1,57.0);
INSERT INTO admin_permissions_role_lnk VALUES(115,115,1,58.0);
INSERT INTO admin_permissions_role_lnk VALUES(116,116,1,59.0);
INSERT INTO admin_permissions_role_lnk VALUES(117,117,1,60.0);
INSERT INTO admin_permissions_role_lnk VALUES(118,118,1,61.0);
INSERT INTO admin_permissions_role_lnk VALUES(119,119,1,62.0);
INSERT INTO admin_permissions_role_lnk VALUES(120,120,1,63.0);
INSERT INTO admin_permissions_role_lnk VALUES(121,121,1,64.0);
INSERT INTO admin_permissions_role_lnk VALUES(122,122,1,65.0);
INSERT INTO admin_permissions_role_lnk VALUES(123,123,1,66.0);
INSERT INTO admin_permissions_role_lnk VALUES(124,124,1,67.0);
INSERT INTO admin_permissions_role_lnk VALUES(125,125,1,68.0);
INSERT INTO admin_permissions_role_lnk VALUES(126,126,1,69.0);
INSERT INTO admin_permissions_role_lnk VALUES(127,127,1,70.0);
INSERT INTO admin_permissions_role_lnk VALUES(128,128,1,71.0);
INSERT INTO admin_permissions_role_lnk VALUES(129,129,1,72.0);
INSERT INTO admin_permissions_role_lnk VALUES(130,130,1,73.0);
INSERT INTO admin_permissions_role_lnk VALUES(131,131,1,74.0);
INSERT INTO admin_permissions_role_lnk VALUES(132,132,1,75.0);
INSERT INTO admin_permissions_role_lnk VALUES(133,133,1,76.0);
INSERT INTO admin_permissions_role_lnk VALUES(134,134,1,77.0);
INSERT INTO admin_permissions_role_lnk VALUES(135,135,1,78.0);
INSERT INTO admin_permissions_role_lnk VALUES(136,136,1,79.0);
INSERT INTO admin_permissions_role_lnk VALUES(137,137,1,80.0);
INSERT INTO admin_permissions_role_lnk VALUES(138,138,1,81.0);
INSERT INTO admin_permissions_role_lnk VALUES(139,139,1,82.0);
INSERT INTO admin_permissions_role_lnk VALUES(140,140,1,83.0);
INSERT INTO admin_permissions_role_lnk VALUES(141,141,1,84.0);
INSERT INTO admin_permissions_role_lnk VALUES(142,142,1,85.0);
INSERT INTO admin_permissions_role_lnk VALUES(143,143,1,86.0);
INSERT INTO admin_permissions_role_lnk VALUES(144,144,1,87.0);
INSERT INTO admin_permissions_role_lnk VALUES(145,145,1,88.0);
INSERT INTO admin_permissions_role_lnk VALUES(149,149,1,92.0);
INSERT INTO admin_permissions_role_lnk VALUES(150,150,1,93.0);
INSERT INTO admin_permissions_role_lnk VALUES(154,154,1,97.0);
INSERT INTO admin_permissions_role_lnk VALUES(155,155,1,98.0);
INSERT INTO admin_permissions_role_lnk VALUES(174,174,1,104.0);
INSERT INTO admin_permissions_role_lnk VALUES(175,175,1,105.0);
INSERT INTO admin_permissions_role_lnk VALUES(176,176,1,106.0);
INSERT INTO admin_permissions_role_lnk VALUES(191,191,1,107.0);
INSERT INTO admin_permissions_role_lnk VALUES(192,192,1,108.0);
INSERT INTO admin_permissions_role_lnk VALUES(193,193,1,109.0);
INSERT INTO admin_permissions_role_lnk VALUES(197,197,1,113.0);
INSERT INTO admin_permissions_role_lnk VALUES(198,198,1,114.0);
INSERT INTO admin_permissions_role_lnk VALUES(199,199,1,115.0);
INSERT INTO admin_permissions_role_lnk VALUES(200,200,1,116.0);
INSERT INTO admin_permissions_role_lnk VALUES(201,201,1,117.0);
INSERT INTO admin_permissions_role_lnk VALUES(212,212,1,118.0);
INSERT INTO admin_permissions_role_lnk VALUES(213,213,1,119.0);
INSERT INTO admin_permissions_role_lnk VALUES(214,214,1,120.0);
INSERT INTO admin_permissions_role_lnk VALUES(215,215,1,121.0);
INSERT INTO admin_permissions_role_lnk VALUES(216,216,1,122.0);
INSERT INTO admin_permissions_role_lnk VALUES(217,217,1,123.0);
INSERT INTO admin_permissions_role_lnk VALUES(218,218,1,124.0);
INSERT INTO admin_permissions_role_lnk VALUES(219,219,1,125.0);
INSERT INTO admin_permissions_role_lnk VALUES(220,220,1,126.0);
INSERT INTO admin_permissions_role_lnk VALUES(221,221,1,127.0);
INSERT INTO admin_permissions_role_lnk VALUES(222,222,1,128.0);
INSERT INTO admin_permissions_role_lnk VALUES(223,223,1,129.0);
INSERT INTO admin_permissions_role_lnk VALUES(224,224,1,130.0);
INSERT INTO admin_permissions_role_lnk VALUES(225,225,1,131.0);
INSERT INTO admin_permissions_role_lnk VALUES(226,226,1,132.0);
INSERT INTO admin_permissions_role_lnk VALUES(227,227,1,133.0);
INSERT INTO admin_permissions_role_lnk VALUES(228,228,1,134.0);
INSERT INTO admin_permissions_role_lnk VALUES(229,229,1,135.0);
INSERT INTO admin_permissions_role_lnk VALUES(230,230,1,136.0);
INSERT INTO admin_permissions_role_lnk VALUES(231,231,1,137.0);
INSERT INTO admin_permissions_role_lnk VALUES(232,232,1,138.0);
INSERT INTO admin_permissions_role_lnk VALUES(233,233,1,139.0);
INSERT INTO admin_permissions_role_lnk VALUES(234,234,1,140.0);
INSERT INTO admin_permissions_role_lnk VALUES(235,235,1,141.0);
INSERT INTO admin_permissions_role_lnk VALUES(236,236,1,142.0);
INSERT INTO admin_permissions_role_lnk VALUES(237,237,1,143.0);
INSERT INTO admin_permissions_role_lnk VALUES(238,238,1,144.0);
INSERT INTO admin_permissions_role_lnk VALUES(239,239,1,145.0);
INSERT INTO admin_permissions_role_lnk VALUES(240,240,1,146.0);
INSERT INTO admin_permissions_role_lnk VALUES(241,241,1,147.0);
INSERT INTO admin_permissions_role_lnk VALUES(242,242,1,148.0);
INSERT INTO admin_permissions_role_lnk VALUES(243,243,1,149.0);
INSERT INTO admin_permissions_role_lnk VALUES(244,244,1,150.0);
INSERT INTO admin_permissions_role_lnk VALUES(245,245,1,151.0);
INSERT INTO admin_permissions_role_lnk VALUES(246,246,1,152.0);
CREATE TABLE IF NOT EXISTS "admin_users_roles_lnk" (`id` integer PRIMARY KEY SERIAL NOT NULL, `user_id` integer NULL, `role_id` integer NULL, `role_ord` float NULL, `user_ord` float NULL, CONSTRAINT `admin_users_roles_lnk_fk` FOREIGN KEY (`user_id`) REFERENCES `admin_users` (`id`) ON DELETE CASCADE, CONSTRAINT `admin_users_roles_lnk_ifk` FOREIGN KEY (`role_id`) REFERENCES `admin_roles` (`id`) ON DELETE CASCADE, CONSTRAINT `admin_users_roles_lnk_fk` FOREIGN KEY (`user_id`) REFERENCES `admin_users` (`id`) ON DELETE CASCADE, CONSTRAINT `admin_users_roles_lnk_ifk` FOREIGN KEY (`role_id`) REFERENCES `admin_roles` (`id`) ON DELETE CASCADE);
INSERT INTO admin_users_roles_lnk VALUES(1,1,1,1.0,1.0);
CREATE TABLE IF NOT EXISTS "strapi_api_token_permissions_token_lnk" (`id` integer PRIMARY KEY SERIAL NOT NULL, `api_token_permission_id` integer NULL, `api_token_id` integer NULL, `api_token_permission_ord` float NULL, CONSTRAINT `strapi_api_token_permissions_token_lnk_fk` FOREIGN KEY (`api_token_permission_id`) REFERENCES `strapi_api_token_permissions` (`id`) ON DELETE CASCADE, CONSTRAINT `strapi_api_token_permissions_token_lnk_ifk` FOREIGN KEY (`api_token_id`) REFERENCES `strapi_api_tokens` (`id`) ON DELETE CASCADE, CONSTRAINT `strapi_api_token_permissions_token_lnk_fk` FOREIGN KEY (`api_token_permission_id`) REFERENCES `strapi_api_token_permissions` (`id`) ON DELETE CASCADE, CONSTRAINT `strapi_api_token_permissions_token_lnk_ifk` FOREIGN KEY (`api_token_id`) REFERENCES `strapi_api_tokens` (`id`) ON DELETE CASCADE);
CREATE TABLE IF NOT EXISTS "strapi_transfer_token_permissions_token_lnk" (`id` integer PRIMARY KEY SERIAL NOT NULL, `transfer_token_permission_id` integer NULL, `transfer_token_id` integer NULL, `transfer_token_permission_ord` float NULL, CONSTRAINT `strapi_transfer_token_permissions_token_lnk_fk` FOREIGN KEY (`transfer_token_permission_id`) REFERENCES `strapi_transfer_token_permissions` (`id`) ON DELETE CASCADE, CONSTRAINT `strapi_transfer_token_permissions_token_lnk_ifk` FOREIGN KEY (`transfer_token_id`) REFERENCES `strapi_transfer_tokens` (`id`) ON DELETE CASCADE, CONSTRAINT `strapi_transfer_token_permissions_token_lnk_fk` FOREIGN KEY (`transfer_token_permission_id`) REFERENCES `strapi_transfer_token_permissions` (`id`) ON DELETE CASCADE, CONSTRAINT `strapi_transfer_token_permissions_token_lnk_ifk` FOREIGN KEY (`transfer_token_id`) REFERENCES `strapi_transfer_tokens` (`id`) ON DELETE CASCADE);
CREATE TABLE IF NOT EXISTS "dtp_services_cmps" (`id` integer PRIMARY KEY SERIAL NOT NULL, `entity_id` integer NULL, `cmp_id` integer NULL, `component_type` varchar(255) NULL, `field` varchar(255) NULL, `order` float NULL, CONSTRAINT `dtp_services_entity_fk` FOREIGN KEY (`entity_id`) REFERENCES `dtp_services` (`id`) ON DELETE CASCADE, CONSTRAINT `dtp_services_entity_fk` FOREIGN KEY (`entity_id`) REFERENCES `dtp_services` (`id`) ON DELETE CASCADE);
INSERT INTO dtp_services_cmps VALUES(294,1,1,'shared.paragraph','Blocks',1.0);
INSERT INTO dtp_services_cmps VALUES(295,1,4,'shared.paragraph','Blocks',2.0);
INSERT INTO dtp_services_cmps VALUES(296,1,15,'shared.paragraph','Blocks',3.0);
INSERT INTO dtp_services_cmps VALUES(297,1,1,'shared.table','Blocks',4.0);
INSERT INTO dtp_services_cmps VALUES(298,1,22,'shared.paragraph','Blocks',5.0);
INSERT INTO dtp_services_cmps VALUES(299,1,27,'shared.paragraph','Blocks',6.0);
INSERT INTO dtp_services_cmps VALUES(300,1,33,'shared.paragraph','Blocks',7.0);
INSERT INTO dtp_services_cmps VALUES(301,25,80,'shared.paragraph','Blocks',1.0);
INSERT INTO dtp_services_cmps VALUES(302,25,81,'shared.paragraph','Blocks',2.0);
INSERT INTO dtp_services_cmps VALUES(303,25,82,'shared.paragraph','Blocks',3.0);
INSERT INTO dtp_services_cmps VALUES(304,25,27,'shared.table','Blocks',4.0);
INSERT INTO dtp_services_cmps VALUES(305,25,83,'shared.paragraph','Blocks',5.0);
INSERT INTO dtp_services_cmps VALUES(306,25,84,'shared.paragraph','Blocks',6.0);
INSERT INTO dtp_services_cmps VALUES(307,25,85,'shared.paragraph','Blocks',7.0);
CREATE TABLE IF NOT EXISTS "dtp_services" (`id` integer PRIMARY KEY SERIAL NOT NULL, `document_id` varchar(255) NULL, `title` varchar(255) NULL, `created_at` datetime NULL, `updated_at` datetime NULL, `published_at` datetime NULL, `created_by_id` integer NULL, `updated_by_id` integer NULL, `locale` varchar(255) NULL, CONSTRAINT `dtp_services_created_by_id_fk` FOREIGN KEY (`created_by_id`) REFERENCES `admin_users` (`id`) ON DELETE SET NULL, CONSTRAINT `dtp_services_updated_by_id_fk` FOREIGN KEY (`updated_by_id`) REFERENCES `admin_users` (`id`) ON DELETE SET NULL, CONSTRAINT `dtp_services_created_by_id_fk` FOREIGN KEY (`created_by_id`) REFERENCES `admin_users` (`id`) ON DELETE SET NULL, CONSTRAINT `dtp_services_updated_by_id_fk` FOREIGN KEY (`updated_by_id`) REFERENCES `admin_users` (`id`) ON DELETE SET NULL);
INSERT INTO dtp_services VALUES(1,'p1gjanmt7rozv0i5ky5pyatf','DTP Sevices',1745577910254,1746442457399,NULL,1,1,NULL);
INSERT INTO dtp_services VALUES(25,'p1gjanmt7rozv0i5ky5pyatf','DTP Sevices',1745577910254,1746442457399,1746442457419,1,1,NULL);
CREATE TABLE `components_table_rows` (`id` integer not null primary key autoincrement, `data` json null);
INSERT INTO components_table_rows VALUES(1,'[{"type":"paragraph","children":[{"type":"text","text":"Adobe FrameMaker"}]},{"type":"paragraph","children":[{"type":"text","text":"Adobe InDesign"}]},{"type":"paragraph","children":[{"type":"text","text":"Adobe Illustrator"}]}]');
INSERT INTO components_table_rows VALUES(2,'[{"type":"paragraph","children":[{"type":"text","text":"Adobe Photoshop"}]},{"type":"paragraph","children":[{"type":"text","text":"Microsoft Office"}]},{"type":"paragraph","children":[{"type":"text","text":" Software"}]}]');
INSERT INTO components_table_rows VALUES(53,'[{"type":"paragraph","children":[{"type":"text","text":"Adobe FrameMaker"}]},{"type":"paragraph","children":[{"type":"text","text":"Adobe InDesign"}]},{"type":"paragraph","children":[{"type":"text","text":"Adobe Illustrator"}]}]');
INSERT INTO components_table_rows VALUES(54,'[{"type":"paragraph","children":[{"type":"text","text":"Adobe Photoshop"}]},{"type":"paragraph","children":[{"type":"text","text":"Microsoft Office"}]},{"type":"paragraph","children":[{"type":"text","text":" Software"}]}]');
INSERT INTO components_table_rows VALUES(55,'[{"type":"paragraph","children":[{"type":"text","text":"Web Content"}]},{"type":"paragraph","children":[{"type":"text","text":"SEO Content"}]},{"type":"paragraph","children":[{"type":"text","text":"Copywriting"}]}]');
INSERT INTO components_table_rows VALUES(56,'[{"type":"paragraph","children":[{"type":"text","text":"Blog Writing"}]},{"type":"paragraph","children":[{"type":"text","text":"Article Writing"}]},{"type":"paragraph","children":[{"type":"text","text":"Press Release"}]}]');
INSERT INTO components_table_rows VALUES(57,'[{"type":"paragraph","children":[{"type":"text","text":"Case Study"}]},{"type":"paragraph","children":[{"type":"text","text":"Whitepaper"}]},{"type":"paragraph","children":[{"type":"text","text":"Proofreading"}]}]');
INSERT INTO components_table_rows VALUES(58,'[{"type":"paragraph","children":[{"type":"text","text":"Email Marketing"}]},{"type":"paragraph","children":[{"type":"text","text":"Market Collaterals"}]},{"type":"paragraph","children":[{"type":"text","text":"Resume Writing"}]}]');
INSERT INTO components_table_rows VALUES(59,'[{"type":"paragraph","children":[{"type":"text","text":"Social Content"}]},{"type":"paragraph","children":[{"type":"text","text":"Product Description"}]},{"type":"paragraph","children":[{"type":"text","text":"Business Writing"}]}]');
INSERT INTO components_table_rows VALUES(70,'[{"type":"paragraph","children":[{"type":"text","text":"Web Content"}]},{"type":"paragraph","children":[{"type":"text","text":"SEO Content"}]},{"type":"paragraph","children":[{"type":"text","text":"Copywriting"}]}]');
INSERT INTO components_table_rows VALUES(71,'[{"type":"paragraph","children":[{"type":"text","text":"Blog Writing"}]},{"type":"paragraph","children":[{"type":"text","text":"Article Writing"}]},{"type":"paragraph","children":[{"type":"text","text":"Press Release"}]}]');
INSERT INTO components_table_rows VALUES(72,'[{"type":"paragraph","children":[{"type":"text","text":"Case Study"}]},{"type":"paragraph","children":[{"type":"text","text":"Whitepaper"}]},{"type":"paragraph","children":[{"type":"text","text":"Proofreading"}]}]');
INSERT INTO components_table_rows VALUES(73,'[{"type":"paragraph","children":[{"type":"text","text":"Email Marketing"}]},{"type":"paragraph","children":[{"type":"text","text":"Market Collaterals"}]},{"type":"paragraph","children":[{"type":"text","text":"Resume Writing"}]}]');
INSERT INTO components_table_rows VALUES(74,'[{"type":"paragraph","children":[{"type":"text","text":"Social Content"}]},{"type":"paragraph","children":[{"type":"text","text":"Product Description"}]},{"type":"paragraph","children":[{"type":"text","text":"Business Writing"}]}]');
CREATE TABLE IF NOT EXISTS "components_shared_tables_cmps" (`id` integer PRIMARY KEY SERIAL NOT NULL, `entity_id` integer NULL, `cmp_id` integer NULL, `component_type` varchar(255) NULL, `field` varchar(255) NULL, `order` float NULL, CONSTRAINT `components_shared_tables_entity_fk` FOREIGN KEY (`entity_id`) REFERENCES `components_shared_tables` (`id`) ON DELETE CASCADE, CONSTRAINT `components_shared_tables_entity_fk` FOREIGN KEY (`entity_id`) REFERENCES `components_shared_tables` (`id`) ON DELETE CASCADE);
INSERT INTO components_shared_tables_cmps VALUES(1,1,1,'table.row','row',1.0);
INSERT INTO components_shared_tables_cmps VALUES(2,1,2,'table.row','row',2.0);
INSERT INTO components_shared_tables_cmps VALUES(149,27,53,'table.row','row',1.0);
INSERT INTO components_shared_tables_cmps VALUES(150,27,54,'table.row','row',2.0);
INSERT INTO components_shared_tables_cmps VALUES(151,28,55,'table.row','row',1.0);
INSERT INTO components_shared_tables_cmps VALUES(152,28,56,'table.row','row',2.0);
INSERT INTO components_shared_tables_cmps VALUES(153,28,57,'table.row','row',3.0);
INSERT INTO components_shared_tables_cmps VALUES(154,28,58,'table.row','row',4.0);
INSERT INTO components_shared_tables_cmps VALUES(155,28,59,'table.row','row',5.0);
INSERT INTO components_shared_tables_cmps VALUES(191,31,70,'table.row','row',1.0);
INSERT INTO components_shared_tables_cmps VALUES(192,31,71,'table.row','row',2.0);
INSERT INTO components_shared_tables_cmps VALUES(193,31,72,'table.row','row',3.0);
INSERT INTO components_shared_tables_cmps VALUES(194,31,73,'table.row','row',4.0);
INSERT INTO components_shared_tables_cmps VALUES(195,31,74,'table.row','row',5.0);
CREATE TABLE IF NOT EXISTS "components_shared_tables" (`id` integer PRIMARY KEY SERIAL NOT NULL);
INSERT INTO components_shared_tables VALUES(1);
INSERT INTO components_shared_tables VALUES(27);
INSERT INTO components_shared_tables VALUES(28);
INSERT INTO components_shared_tables VALUES(31);
CREATE TABLE `components_shared_paragraphs` (`id` integer not null primary key autoincrement, `paragraph` json null);
INSERT INTO components_shared_paragraphs VALUES(1,'[{"type":"paragraph","children":[{"type":"text","text":"Multilingual DTP is an art of creating a translated document that is faithful to the original in terms of layout and design aesthetics. Desktop Publishing software helps in producing a wide variety of materials, from presentations, user manuals, menus, magazines, or books."}]},{"type":"paragraph","children":[{"type":"text","text":" With Professional multilingual desktop publishing , you can increase productivity, improve the level of creativity and produce customised documents."}]}]');
INSERT INTO components_shared_paragraphs VALUES(4,'[{"type":"heading","children":[{"type":"text","text":"Our Core DTP Services Include:"}],"level":1},{"type":"list","format":"unordered","children":[{"type":"list-item","children":[{"type":"text","text":"Text and Page Layout and formatting in any Indian and foreign language"}]},{"type":"list-item","children":[{"type":"text","text":"Specializing in the right to left orientation for Urdu, Persian. Arabic and Kurdish Language"}]},{"type":"list-item","children":[{"type":"text","text":"Matching font and format as per source file"}]},{"type":"list-item","children":[{"type":"text","text":"Layout designing"}]},{"type":"list-item","children":[{"type":"text","text":"Ready to print data in any DTP software"}]},{"type":"list-item","children":[{"type":"text","text":"Web DTP in HTML, XML, Flash or any other web media software"}]},{"type":"list-item","children":[{"type":"text","text":"Preparing Targa files for subtitling"}]},{"type":"list-item","children":[{"type":"text","text":"Software Graphical User Interface (GUI) DTP"}]}]}]');
INSERT INTO components_shared_paragraphs VALUES(15,'[{"type":"heading","children":[{"type":"text","text":"File Formats:"}],"level":1}]');
INSERT INTO components_shared_paragraphs VALUES(22,'[{"type":"heading","children":[{"type":"text","text":"Benefits Of Multilingual DTP Services For Modern Business"}],"level":1},{"type":"list","format":"unordered","children":[{"type":"list-item","children":[{"type":"text","text":"Improved appearance of documents"}]},{"type":"list-item","children":[{"type":"text","text":"Easy customization of documents"}]},{"type":"list-item","children":[{"type":"text","text":"Minimized production costs"}]},{"type":"list-item","children":[{"type":"text","text":"Increased productivity"}]},{"type":"list-item","children":[{"type":"text","text":"Enhanced creativity with an element of fun"}]},{"type":"list-item","children":[{"type":"text","text":"Reduced time to print"}]}]}]');
INSERT INTO components_shared_paragraphs VALUES(27,'[{"type":"heading","children":[{"type":"text","text":"Professional Desktop Publishing Services"}],"level":1},{"type":"paragraph","children":[{"type":"text","text":"If you need to translate a booklet, PDF, manual, or any other type of document to a set standard that preserves your message across all markets, our Multilingual DTP Services are for you."}]},{"type":"paragraph","children":[{"type":"text","text":"We are the most sought-after brand for DTP services in India. Our Desktop Publishing specialists create and optimize your online and print documents for publication. They create templates and layouts that capture your brands image and values. They also make sure your brochures, catalogs, and other materials retain the feel and design of the original."}]}]');
INSERT INTO components_shared_paragraphs VALUES(33,'[{"type":"paragraph","children":[{"text":"","type":"text"},{"type":"link","url":"/contact-us","children":[{"type":"text","text":"Contact us "}]},{"type":"text","text":"to find out how we can assist you with your next multilingual desktop publishing project."}]}]');
INSERT INTO components_shared_paragraphs VALUES(75,'[{"type":"heading","children":[{"type":"text","text":"Identify the type of service that is right for you and enjoy the package benefits."}],"level":1},{"type":"paragraph","children":[{"type":"text","text":"We understand your need to control cost, but we cannot reduce the cost of translation by resorting to machine translation where quality is a suspect. This understanding drives us to build an internal process and use technology for efficiency in project management so as to keep our project costs attractive and reasonable."}]},{"type":"heading","children":[{"type":"text","text":"Budget Translation: Translation+ Mechanical Review"}],"level":1},{"type":"paragraph","children":[{"type":"text","text":"The translation that is meant to be For Information purpose can be unpolished, yet accurate and can be produced faster and cheaper compared to a translation that is meant to be For Publication work. When the objective of translation is onlyFor information and not For Publishing, budget translation is an ideal solution."}]}]');
INSERT INTO components_shared_paragraphs VALUES(77,'[{"type":"heading","children":[{"type":"text","text":"Identify the type of service that is right for you and enjoy the package benefits."}],"level":1},{"type":"paragraph","children":[{"type":"text","text":"We understand your need to control cost, but we cannot reduce the cost of translation by resorting to machine translation where quality is a suspect. This understanding drives us to build an internal process and use technology for efficiency in project management so as to keep our project costs attractive and reasonable."}]},{"type":"heading","children":[{"type":"text","text":"Budget Translation: Translation+ Mechanical Review"}],"level":1},{"type":"paragraph","children":[{"type":"text","text":"The translation that is meant to be For Information purpose can be unpolished, yet accurate and can be produced faster and cheaper compared to a translation that is meant to be For Publication work. When the objective of translation is onlyFor information and not For Publishing, budget translation is an ideal solution."}]}]');
INSERT INTO components_shared_paragraphs VALUES(78,'[{"type":"heading","children":[{"type":"text","text":"Budget Translation: Translation+ Mechanical Review"}],"level":1},{"type":"paragraph","children":[{"type":"text","text":"The translation that is meant to be For Information purpose can be unpolished, yet accurate and can be produced faster and cheaper compared to a translation that is meant to be For Publication work. When the objective of translation is onlyFor information and not For Publishing, budget translation is an ideal solution."}]}]');
INSERT INTO components_shared_paragraphs VALUES(79,'[{"type":"heading","children":[{"type":"text","text":"Budget Translation: Translation+ Mechanical Review"}],"level":1},{"type":"paragraph","children":[{"type":"text","text":"The translation that is meant to be For Information purpose can be unpolished, yet accurate and can be produced faster and cheaper compared to a translation that is meant to be For Publication work. When the objective of translation is onlyFor information and not For Publishing, budget translation is an ideal solution."}]}]');
INSERT INTO components_shared_paragraphs VALUES(80,'[{"type":"paragraph","children":[{"type":"text","text":"Multilingual DTP is an art of creating a translated document that is faithful to the original in terms of layout and design aesthetics. Desktop Publishing software helps in producing a wide variety of materials, from presentations, user manuals, menus, magazines, or books."}]},{"type":"paragraph","children":[{"type":"text","text":" With Professional multilingual desktop publishing , you can increase productivity, improve the level of creativity and produce customised documents."}]}]');
INSERT INTO components_shared_paragraphs VALUES(81,'[{"type":"heading","children":[{"type":"text","text":"Our Core DTP Services Include:"}],"level":1},{"type":"list","format":"unordered","children":[{"type":"list-item","children":[{"type":"text","text":"Text and Page Layout and formatting in any Indian and foreign language"}]},{"type":"list-item","children":[{"type":"text","text":"Specializing in the right to left orientation for Urdu, Persian. Arabic and Kurdish Language"}]},{"type":"list-item","children":[{"type":"text","text":"Matching font and format as per source file"}]},{"type":"list-item","children":[{"type":"text","text":"Layout designing"}]},{"type":"list-item","children":[{"type":"text","text":"Ready to print data in any DTP software"}]},{"type":"list-item","children":[{"type":"text","text":"Web DTP in HTML, XML, Flash or any other web media software"}]},{"type":"list-item","children":[{"type":"text","text":"Preparing Targa files for subtitling"}]},{"type":"list-item","children":[{"type":"text","text":"Software Graphical User Interface (GUI) DTP"}]}]}]');
INSERT INTO components_shared_paragraphs VALUES(82,'[{"type":"heading","children":[{"type":"text","text":"File Formats:"}],"level":1}]');
INSERT INTO components_shared_paragraphs VALUES(83,'[{"type":"heading","children":[{"type":"text","text":"Benefits Of Multilingual DTP Services For Modern Business"}],"level":1},{"type":"list","format":"unordered","children":[{"type":"list-item","children":[{"type":"text","text":"Improved appearance of documents"}]},{"type":"list-item","children":[{"type":"text","text":"Easy customization of documents"}]},{"type":"list-item","children":[{"type":"text","text":"Minimized production costs"}]},{"type":"list-item","children":[{"type":"text","text":"Increased productivity"}]},{"type":"list-item","children":[{"type":"text","text":"Enhanced creativity with an element of fun"}]},{"type":"list-item","children":[{"type":"text","text":"Reduced time to print"}]}]}]');
INSERT INTO components_shared_paragraphs VALUES(84,'[{"type":"heading","children":[{"type":"text","text":"Professional Desktop Publishing Services"}],"level":1},{"type":"paragraph","children":[{"type":"text","text":"If you need to translate a booklet, PDF, manual, or any other type of document to a set standard that preserves your message across all markets, our Multilingual DTP Services are for you."}]},{"type":"paragraph","children":[{"type":"text","text":"We are the most sought-after brand for DTP services in India. Our Desktop Publishing specialists create and optimize your online and print documents for publication. They create templates and layouts that capture your brands image and values. They also make sure your brochures, catalogs, and other materials retain the feel and design of the original."}]}]');
INSERT INTO components_shared_paragraphs VALUES(85,'[{"type":"paragraph","children":[{"text":"","type":"text"},{"type":"link","url":"/contact-us","children":[{"type":"text","text":"Contact us "}]},{"type":"text","text":"to find out how we can assist you with your next multilingual desktop publishing project."}]}]');
INSERT INTO components_shared_paragraphs VALUES(86,'[{"type":"paragraph","children":[{"type":"text","text":"Quality Check - The project coordinator checks the comments made by the Editor and then discusses about it with the client for terminology and style guide to be followed. These are then sent to the native translator who has originally sent the translated file for review and reformatting."}]},{"type":"paragraph","children":[{"type":"text","text":"Target File Reformatting - The native translator goes through the comments made by the Editor and either accepts or denies the comments with remark and revisions. Shakti team, translator, and Editor then discuss about the conflicts in suggestions and resolve it. Client clarification is sought in technical areas and additional inputs on context and target audience are asked."}]},{"type":"paragraph","children":[{"type":"text","text":"DTP - DTP takes over for doing the layout as per source PDF in the language required."}]},{"type":"paragraph","children":[{"type":"text","text":"Proofreading - Proofreading is done for translated file and source documents for correctness."}]},{"type":"paragraph","children":[{"type":"text","text":"DTP QA - DTP QA checks whether the mechanical errors are removed and technical specs are followed properly or no."}]},{"type":"paragraph","children":[{"type":"text","text":"Target File - Final file is checked for design, style, and format. Suggestions are made to improve the layout."}]},{"type":"paragraph","children":[{"type":"text","text":"Final QA - A proof-reader reviews the translation and checks for errors, if any found then they are resolved. If change is required to add value keeping in mind the context, these are communicated to the client."}]}]');
INSERT INTO components_shared_paragraphs VALUES(87,'[{"type":"paragraph","children":[{"type":"text","text":"Quality Check - The project coordinator checks the comments made by the Editor and then discusses about it with the client for terminology and style guide to be followed. These are then sent to the native translator who has originally sent the translated file for review and reformatting."}]},{"type":"paragraph","children":[{"type":"text","text":"Target File Reformatting - The native translator goes through the comments made by the Editor and either accepts or denies the comments with remark and revisions. Shakti team, translator, and Editor then discuss about the conflicts in suggestions and resolve it. Client clarification is sought in technical areas and additional inputs on context and target audience are asked."}]},{"type":"paragraph","children":[{"type":"text","text":"DTP - DTP takes over for doing the layout as per source PDF in the language required."}]},{"type":"paragraph","children":[{"type":"text","text":"Proofreading - Proofreading is done for translated file and source documents for correctness."}]},{"type":"paragraph","children":[{"type":"text","text":"DTP QA - DTP QA checks whether the mechanical errors are removed and technical specs are followed properly or no."}]},{"type":"paragraph","children":[{"type":"text","text":"Target File - Final file is checked for design, style, and format. Suggestions are made to improve the layout."}]},{"type":"paragraph","children":[{"type":"text","text":"Final QA - A proof-reader reviews the translation and checks for errors, if any found then they are resolved. If change is required to add value keeping in mind the context, these are communicated to the client."}]}]');
INSERT INTO components_shared_paragraphs VALUES(88,'[{"type":"heading","children":[{"type":"text","text":"Identify the type of service that is right for you and enjoy the package benefits."}],"level":1},{"type":"paragraph","children":[{"type":"text","text":"We understand your need to control cost, but we cannot reduce the cost of translation by resorting to machine translation where quality is a suspect. This understanding drives us to build an internal process and use technology for efficiency in project management so as to keep our project costs attractive and reasonable."}]}]');
INSERT INTO components_shared_paragraphs VALUES(89,'[{"type":"heading","children":[{"type":"text","text":"Identify the type of service that is right for you and enjoy the package benefits."}],"level":1},{"type":"paragraph","children":[{"type":"text","text":"We understand your need to control cost, but we cannot reduce the cost of translation by resorting to machine translation where quality is a suspect. This understanding drives us to build an internal process and use technology for efficiency in project management so as to keep our project costs attractive and reasonable."}]}]');
INSERT INTO components_shared_paragraphs VALUES(90,'[{"type":"paragraph","children":[{"type":"text","text":"Content marketing today is all about quality writing. This means engaging your customers with deep, rich ideas that help them believe your product or service is the answer to all their problems. It has meaningful interactions that start with your outbound messaging and end with your inbound sales."}]},{"type":"paragraph","children":[{"type":"text","text":"Quality content becomes a platform for generating additional traffic to your business. So it is a must for every entrepreneur to keep their websites, blogs, and articles catchy and informative with engaging content. Well-written content allows the search engines to index your website and also the blogs that are posted. This is a quick go for your brand!"}]},{"type":"heading","children":[{"type":"text","text":"What should you know about Content Writing?"}],"level":1},{"type":"paragraph","children":[{"type":"text","text":"Content writing is a type of online writing, linked to web marketing campaigns. This means creating data on the websites that are designed to sell a specific product. Read through some content writing stats to understand its importance."}]}]');
INSERT INTO components_shared_paragraphs VALUES(93,'[{"type":"heading","children":[{"type":"text","text":"What Do We Offer?"}],"level":1},{"type":"paragraph","children":[{"type":"text","text":"As a professional service provider, we have expertise in:"}]}]');
INSERT INTO components_shared_paragraphs VALUES(96,'[{"type":"heading","children":[{"type":"text","text":"Why Shakti Enterprise?"}],"level":1},{"type":"paragraph","children":[{"type":"text","text":"Is your websites high ranking honeymoon-period over? Did your competitor push you back in ranking in just a few days time? No worries. We are here to help you reach the sky!"}]},{"type":"list","format":"unordered","children":[{"type":"list-item","children":[{"type":"text","text":"Highest Quality Content"}]},{"type":"list-item","children":[{"type":"text","text":"Qualified Copywriters"}]},{"type":"list-item","children":[{"type":"text","text":"Quick Turnaround"}]},{"type":"list-item","children":[{"type":"text","text":"Fastest Response Rate"}]},{"type":"list-item","children":[{"type":"text","text":"Unlimited Revisions"}]}]},{"type":"paragraph","children":[{"type":"text","text":"Shakti Enterprise is one of the leading content writing services providers in Mumbai, offering various content-related services. We create a content marketing strategy that aligns with your core values and your audiences wants, needs, and preferred ways of consuming content."}]},{"type":"paragraph","children":[{"type":"text","text":"Our team of online content writers is proficient in crafting powerful messages. In addition to boosting your search engine rankings and improving your sales and business leads, we also help you create a lasting professional image for your business. Our content writing company specializes in creating SEO rich content that can help your website get noticed by the online audience."}]},{"type":"paragraph","children":[{"type":"text","text":""}]}]');
INSERT INTO components_shared_paragraphs VALUES(100,'[{"type":"paragraph","children":[{"type":"text","text":"Content marketing today is all about quality writing. This means engaging your customers with deep, rich ideas that help them believe your product or service is the answer to all their problems. It has meaningful interactions that start with your outbound messaging and end with your inbound sales."}]},{"type":"paragraph","children":[{"type":"text","text":"Quality content becomes a platform for generating additional traffic to your business. So it is a must for every entrepreneur to keep their websites, blogs, and articles catchy and informative with engaging content. Well-written content allows the search engines to index your website and also the blogs that are posted. This is a quick go for your brand!"}]},{"type":"heading","children":[{"type":"text","text":"What should you know about Content Writing?"}],"level":1},{"type":"paragraph","children":[{"type":"text","text":"Content writing is a type of online writing, linked to web marketing campaigns. This means creating data on the websites that are designed to sell a specific product. Read through some content writing stats to understand its importance."}]}]');
INSERT INTO components_shared_paragraphs VALUES(101,'[{"type":"heading","children":[{"type":"text","text":"What Do We Offer?"}],"level":1},{"type":"paragraph","children":[{"type":"text","text":"As a professional service provider, we have expertise in:"}]}]');
INSERT INTO components_shared_paragraphs VALUES(102,'[{"type":"heading","children":[{"type":"text","text":"Why Shakti Enterprise?"}],"level":1},{"type":"paragraph","children":[{"type":"text","text":"Is your websites high ranking honeymoon-period over? Did your competitor push you back in ranking in just a few days time? No worries. We are here to help you reach the sky!"}]},{"type":"list","format":"unordered","children":[{"type":"list-item","children":[{"type":"text","text":"Highest Quality Content"}]},{"type":"list-item","children":[{"type":"text","text":"Qualified Copywriters"}]},{"type":"list-item","children":[{"type":"text","text":"Quick Turnaround"}]},{"type":"list-item","children":[{"type":"text","text":"Fastest Response Rate"}]},{"type":"list-item","children":[{"type":"text","text":"Unlimited Revisions"}]}]},{"type":"paragraph","children":[{"type":"text","text":"Shakti Enterprise is one of the leading content writing services providers in Mumbai, offering various content-related services. We create a content marketing strategy that aligns with your core values and your audiences wants, needs, and preferred ways of consuming content."}]},{"type":"paragraph","children":[{"type":"text","text":"Our team of online content writers is proficient in crafting powerful messages. In addition to boosting your search engine rankings and improving your sales and business leads, we also help you create a lasting professional image for your business. Our content writing company specializes in creating SEO rich content that can help your website get noticed by the online audience."}]},{"type":"paragraph","children":[{"type":"text","text":""}]}]');
INSERT INTO components_shared_paragraphs VALUES(103,'[{"type":"heading","children":[{"type":"text","text":"Think Global. Act Local"}],"level":1},{"type":"paragraph","children":[{"type":"text","text":"Have you already created content for your Global Audiences? To curtail this urgent need of globalization opting for localization services can be a perfect option. Every region has a different dialect and hence the same content cannot be used everywhere."}]},{"type":"paragraph","children":[{"type":"text","text":""}]},{"type":"paragraph","children":[{"type":"text","text":"Following a structured process to target your audience is a must. You can start with Globalization, followed by Internationalization and then Localization."}]},{"type":"paragraph","children":[{"type":"text","text":""}]},{"type":"heading","children":[{"type":"text","text":"What is Globalization?"}],"level":1},{"type":"paragraph","children":[{"type":"text","text":"Globalization is conceptualizing the product to be sold in any market worldwide. The Product or the Service has a few essential standards and definitions. These are the establishments upon which the worldwide market structure is set."}]},{"type":"heading","children":[{"type":"text","text":"What is Internationalization?"}],"level":1},{"type":"paragraph","children":[{"type":"text","text":"Internationalization is a procedure of planning programming application. It further tends to be adjusted according to different dialects and districts. Under localization services in India, we offer string extraction for all programming dialects. This helps prepare your product, portable applications, site internationalization easy. The application can deal with various dialects without turning to different codes for every new language."}]},{"type":"paragraph","children":[{"type":"text","text":"The translators can easily manage the content and the programming codes remain intact. You can thus save money while you opt for localization services with us."}]},{"type":"heading","children":[{"type":"text","text":"What is Localization?"}],"level":1},{"type":"paragraph","children":[{"type":"text","text":"Localization is the key for global communication","bold":true},{"type":"text","text":". It is to make sure that it is in tune with the customer aspirations in that particular region. We make sure this is done without affecting the international essence."}]},{"type":"paragraph","children":[{"type":"text","text":""}]},{"type":"paragraph","children":[{"type":"text","text":"To connect with the end-users in International markets, communication has to be localized in multiple languages. This helps make a greater impact. Website translation and localization in various languages is the most effective solution in today''s digital world. Attracting consumers across the globe becomes easy."}]},{"type":"paragraph","children":[{"type":"text","text":""}]},{"type":"heading","children":[{"type":"text","text":"Why Is Localization Essential For A Business?"}],"level":1},{"type":"paragraph","children":[{"type":"text","text":"Localization services mean a change of language to adapt with local culture, content, as well as images. It also includes checking of compatibility with the target culture."}]},{"type":"paragraph","children":[{"type":"text","text":""}]},{"type":"heading","children":[{"type":"text","text":"Why localization if English is a globally accepted language?"}],"level":1},{"type":"list","format":"unordered","children":[{"type":"list-item","children":[{"text":"Loyalty","type":"text","bold":true},{"type":"text","text":": Globally recognized brands can easily focus on the markets and fetch profitable results. But it is just not the same with every single brand especially when lesser-known. This can help pierce into new markets and sustain competition. Customer loyalty for your brand will then follow.\n"}]},{"type":"list-item","children":[{"type":"text","text":"Customer Satisfaction","bold":true},{"type":"text","text":": Making something suitable for the local market brings client satisfaction. Savings on all overhead and advertising costs can be a good deal. Word of mouth from a satisfied customer helps in marketing your product/service. If you can successfully provide customized services there can be a boost in the demand for the product offered.\n"}]},{"type":"list-item","children":[{"type":"text","text":"Avoid embarrassing situations","bold":true},{"type":"text","text":": Incorrect translations can lead to unavoidable loss. Many times brands face drawbacks in countries with offensive campaigns. This can be an embarrassing moment for the brand. To avoid this situation opting for correct interpretation and localizing services in India should be your priority. Penetrating in the global world will be easy for your brand.\n"}]}]},{"type":"heading","children":[{"type":"text","text":"What is Localization?"}],"level":1},{"type":"paragraph","children":[{"type":"text","text":"Localization is the key for global communication . It is to make sure that it is in tune with the customer aspirations in that particular region. We make sure this is done without affecting the International essence."}]},{"type":"paragraph","children":[{"type":"text","text":"To connect with the end-users in International markets, communication has to be localized in multiple languages. This helps make a greater impact. Website translation and localization in various languages is the most effective solution in todays digital world. Attracting consumers across the globe becomes easy."}]},{"type":"heading","children":[{"type":"text","text":"Know More about Localization"}],"level":1},{"type":"paragraph","children":[{"type":"text","text":"Reaching out to the audience and impressing your customers is a must for every business type. This is easy with the localization services provided by us. To know their needs is of utmost importance. By this, you can connect to them and know their experiences and grievances. Your success ration can have a boost with this."}]},{"type":"paragraph","children":[{"type":"text","text":""}]},{"type":"paragraph","children":[{"type":"text","text":"Marking a start in the global market and maintaining a brand image is essential to sustain the competition. Making your products and services hold a position in the markets will be a difficult task sometimes. Localization services from Shakti Enterprise can prove to be an ideal solution in this regard."}]},{"type":"paragraph","children":[{"type":"text","text":""}]},{"type":"paragraph","children":[{"type":"text","text":"As a part of Localization, expressing the product message clearly to suit the client needs is of prime importance. Mobile applications and software are no exclusions. Also, rewriting the data is not just about adopting a new language but also maintaining the essence with the necessary changes. Any content that is capable of digital transmission is subjected to a vast degree of localization."}]},{"type":"paragraph","children":[{"type":"text","text":""}]},{"type":"heading","children":[{"type":"text","text":"Avail Services of Shakti Enterprise for Localization"}],"level":1},{"type":"paragraph","children":[{"type":"text","text":"Joining hands with our professionally equipped localization service, you can avoid all major setbacks in creating a great user experience."}]},{"type":"paragraph","children":[{"type":"text","text":"For more details, please "},{"type":"link","url":"/contact-us","children":[{"type":"text","text":"Contact us"}]},{"text":"","type":"text"}]}]');
INSERT INTO components_shared_paragraphs VALUES(108,'[{"type":"heading","children":[{"type":"text","text":"Project Services that can save cost and increase ROI"}],"level":1},{"type":"paragraph","children":[{"type":"text","text":"Shakti Enterprise is a dedicated, full-fledged, ISO 2001:2008 and DIN 1508 certified, multilingual language solution company, equipped to provide you with project services for translation, typesetting, website, and software localization for your clients in most Indian and Foreign languages."}]},{"type":"paragraph","children":[{"type":"text","text":"Whether you are a translation service provider with limited language translators on panel or a company with translation and DTP projects that require professional management service or a large translation cum localization service provider based in the USA or Europe, interested in Business Process Outsourcing to reduce turn-around-time and save project management cost, please do not hesitate to call or write to us."}]},{"type":"paragraph","children":[{"type":"text","text":"Types of Project Services"}]},{"type":"paragraph","children":[{"type":"text","text":"1. Outsourcing","bold":true},{"type":"text","text":" - We undertake your work and complete the projects that require translation of languages not supported by you."}]},{"type":"paragraph","children":[{"type":"text","text":"2. Project Management","bold":true},{"type":"text","text":" - We work as an extended arm for the localization of global communication in a multi-media environment. The dedicated translation technology utilization with translation memory bank, glossary and terminology management will not only reduce the cost of translation but also build consistency across the languages."}]},{"type":"paragraph","children":[{"type":"text","text":"3. Business Process Outsourcing","bold":true},{"type":"text","text":" - We undertake project coordination work that can be smoothly executed during our time-zone. It is a win-win situation especially for companies having a presence in USA, UK, and Europe as not only there is time zone advantage when jobs are offloaded to the service provider in India but also saving on project management costs by more than 40% as compared to the operating cost in the USA."}]},{"type":"paragraph","children":[{"type":"text","text":"Being on the same line of business gives a great advantage to offload large projects. This enables quick turn-around-time, great project cost savings, and improvement in the business process. Whether it is business process outsourcing on a contract basis or translation services to fulfill your need for additional capacity or to complete your language translation where you have a limited database of native translators, we are ready to collaborate on a mutually beneficial business relationship."}]}]');
INSERT INTO components_shared_paragraphs VALUES(110,'[{"type":"heading","children":[{"type":"text","text":"Planning to submit your research paper for peer review?"}],"level":1},{"type":"paragraph","children":[{"type":"text","text":"Completed the draft of your latest novel?"}]},{"type":"paragraph","children":[{"type":"text","text":"Feeling nervous?"}]},{"type":"paragraph","children":[{"type":"text","text":"Well, its natural as research papers need to meet the high standards set by peer reviewers. On the other hand, your publisher can only be kept happy when the draft of your literary work is on par with their expectations. Whichever may be the case, you should know that your literary or academic work has to be back by our tried and tested proofreading services."}]},{"type":"heading","children":[{"type":"text","text":"What exactly do proofreading services do?"}],"level":1},{"type":"paragraph","children":[{"type":"text","text":"Proofreading is the final stage of evaluating literary works before it can be published or sent for peer review.Our proofreading process is unique. We not only correct errors in your drafts but at the same time, make sure our proofreaders are treading the extra mile by eradicating inconsistencies in the draft that may or may not be limited to "}]},{"type":"list","format":"unordered","children":[{"type":"list-item","children":[{"type":"text","text":"Unnecessary capitalization"}]}]},{"type":"list","format":"unordered","children":[{"type":"list-item","children":[{"type":"text","text":"Grammatical mistakes"}]}]},{"type":"list","format":"unordered","children":[{"type":"list-item","children":[{"type":"text","text":"Spelling mistakes"}]}]},{"type":"list","format":"unordered","children":[{"type":"list-item","children":[{"type":"text","text":"Improper punctuation,etc."}]}]},{"type":"paragraph","children":[{"type":"text","text":"We have veteran proofreaders under our payroll who are also trained to sort out all kinds of formatting issues in your literary drafts."}]},{"type":"heading","children":[{"type":"text","text":"Types of Proofreading Services we Offered"}],"level":1},{"type":"paragraph","children":[{"type":"text","text":"We provide quality assured, professional-level and reasonably priced proofreading services"}]},{"type":"paragraph","children":[{"type":"text","text":"It means that we can proofread content that you might want to publish in your "}]},{"type":"list","format":"unordered","children":[{"type":"list-item","children":[{"type":"text","text":"Website content proofreading"}]}]},{"type":"list","format":"unordered","children":[{"type":"list-item","children":[{"type":"text","text":"Brochure Proofreading"}]}]},{"type":"list","format":"unordered","children":[{"type":"list-item","children":[{"type":"text","text":"PowerPoint presentation"}]}]},{"type":"list","format":"unordered","children":[{"type":"list-item","children":[{"type":"text","text":"Business plan Proofreading"}]}]},{"type":"list","format":"unordered","children":[{"type":"list-item","children":[{"type":"text","text":"Novel proofreading"}]}]},{"type":"list","format":"unordered","children":[{"type":"list-item","children":[{"type":"text","text":"Short story Proofreading Etc."}]}]},{"type":"heading","children":[{"type":"text","text":"Why choose us?"}],"level":1},{"type":"paragraph","children":[{"type":"text","text":"We are capable of editing documents handed over to us in any known format and that includes "}]},{"type":"list","format":"unordered","children":[{"type":"list-item","children":[{"type":"text","text":"Microsoft Word"}]}]},{"type":"list","format":"unordered","children":[{"type":"list-item","children":[{"type":"text","text":"Microsoft Excel"}]}]},{"type":"list","format":"unordered","children":[{"type":"list-item","children":[{"type":"text","text":"Power-Point"}]}]},{"type":"list","format":"unordered","children":[{"type":"list-item","children":[{"type":"text","text":"PDF,etc."}]}]},{"type":"paragraph","children":[{"type":"text","text":"We use the latest premium version of Microsoft Word to proofread your files. We will be using the track changes feature of the app so that you can understand the mistakes made in the document at the same time, learn from them. We have subject-matter experts under our payroll that allows us to proofread documents from any sector and written in any language. We are capable of keeping your documents secure and confidential hence you would not need to worry about your documents getting leaked to the prying eyes of digital ill doers. We have what it takes to help out professors, writers, marketing professionals, lecturers, research students, and entrepreneurs. We have been associated with the language translation services for more than 35 years.Our agency is DIN EN 15038 and ISO 9001:2015 certified. We also have the NISC-CRISIL rating of SEBI. We are an active member of the American Translation Association, the International Federation of Translators and the Indian Translators Association."}]},{"type":"heading","children":[{"type":"text","text":"Read More"}],"level":1},{"type":"list","format":"unordered","children":[{"type":"list-item","children":[{"type":"text","text":"What-Would-Proofreading-Services-Cost?"}]}]},{"type":"list","format":"unordered","children":[{"type":"list-item","children":[{"type":"text","text":"5 Ways Book Translation Services Can Improve Your Business"}]}]}]');
INSERT INTO components_shared_paragraphs VALUES(111,'[{"type":"heading","children":[{"type":"text","text":"Planning to submit your research paper for peer review?"}],"level":1},{"type":"paragraph","children":[{"type":"text","text":"Completed the draft of your latest novel?"}]},{"type":"paragraph","children":[{"type":"text","text":"Feeling nervous?"}]},{"type":"paragraph","children":[{"type":"text","text":"Well, its natural as research papers need to meet the high standards set by peer reviewers. On the other hand, your publisher can only be kept happy when the draft of your literary work is on par with their expectations. Whichever may be the case, you should know that your literary or academic work has to be back by our tried and tested proofreading services."}]},{"type":"heading","children":[{"type":"text","text":"What exactly do proofreading services do?"}],"level":1},{"type":"paragraph","children":[{"type":"text","text":"Proofreading is the final stage of evaluating literary works before it can be published or sent for peer review.Our proofreading process is unique. We not only correct errors in your drafts but at the same time, make sure our proofreaders are treading the extra mile by eradicating inconsistencies in the draft that may or may not be limited to "}]},{"type":"list","format":"unordered","children":[{"type":"list-item","children":[{"type":"text","text":"Unnecessary capitalization"}]}]},{"type":"list","format":"unordered","children":[{"type":"list-item","children":[{"type":"text","text":"Grammatical mistakes"}]}]},{"type":"list","format":"unordered","children":[{"type":"list-item","children":[{"type":"text","text":"Spelling mistakes"}]}]},{"type":"list","format":"unordered","children":[{"type":"list-item","children":[{"type":"text","text":"Improper punctuation,etc."}]}]},{"type":"paragraph","children":[{"type":"text","text":"We have veteran proofreaders under our payroll who are also trained to sort out all kinds of formatting issues in your literary drafts."}]},{"type":"heading","children":[{"type":"text","text":"Types of Proofreading Services we Offered"}],"level":1},{"type":"paragraph","children":[{"type":"text","text":"We provide quality assured, professional-level and reasonably priced proofreading services"}]},{"type":"paragraph","children":[{"type":"text","text":"It means that we can proofread content that you might want to publish in your "}]},{"type":"list","format":"unordered","children":[{"type":"list-item","children":[{"type":"text","text":"Website content proofreading"}]}]},{"type":"list","format":"unordered","children":[{"type":"list-item","children":[{"type":"text","text":"Brochure Proofreading"}]}]},{"type":"list","format":"unordered","children":[{"type":"list-item","children":[{"type":"text","text":"PowerPoint presentation"}]}]},{"type":"list","format":"unordered","children":[{"type":"list-item","children":[{"type":"text","text":"Business plan Proofreading"}]}]},{"type":"list","format":"unordered","children":[{"type":"list-item","children":[{"type":"text","text":"Novel proofreading"}]}]},{"type":"list","format":"unordered","children":[{"type":"list-item","children":[{"type":"text","text":"Short story Proofreading Etc."}]}]},{"type":"heading","children":[{"type":"text","text":"Why choose us?"}],"level":1},{"type":"paragraph","children":[{"type":"text","text":"We are capable of editing documents handed over to us in any known format and that includes "}]},{"type":"list","format":"unordered","children":[{"type":"list-item","children":[{"type":"text","text":"Microsoft Word"}]}]},{"type":"list","format":"unordered","children":[{"type":"list-item","children":[{"type":"text","text":"Microsoft Excel"}]}]},{"type":"list","format":"unordered","children":[{"type":"list-item","children":[{"type":"text","text":"Power-Point"}]}]},{"type":"list","format":"unordered","children":[{"type":"list-item","children":[{"type":"text","text":"PDF,etc."}]}]},{"type":"paragraph","children":[{"type":"text","text":"We use the latest premium version of Microsoft Word to proofread your files. We will be using the track changes feature of the app so that you can understand the mistakes made in the document at the same time, learn from them. We have subject-matter experts under our payroll that allows us to proofread documents from any sector and written in any language. We are capable of keeping your documents secure and confidential hence you would not need to worry about your documents getting leaked to the prying eyes of digital ill doers. We have what it takes to help out professors, writers, marketing professionals, lecturers, research students, and entrepreneurs. We have been associated with the language translation services for more than 35 years.Our agency is DIN EN 15038 and ISO 9001:2015 certified. We also have the NISC-CRISIL rating of SEBI. We are an active member of the American Translation Association, the International Federation of Translators and the Indian Translators Association."}]},{"type":"heading","children":[{"type":"text","text":"Read More"}],"level":1},{"type":"list","format":"unordered","children":[{"type":"list-item","children":[{"type":"text","text":"What-Would-Proofreading-Services-Cost?"}]}]},{"type":"list","format":"unordered","children":[{"type":"list-item","children":[{"type":"text","text":"5 Ways Book Translation Services Can Improve Your Business"}]}]}]');
INSERT INTO components_shared_paragraphs VALUES(112,'[{"type":"paragraph","children":[{"type":"text","text":"In today''s Internet era, it is easier than ever to do business with people in countries across the world. As companies are going global, it is essential to utilize interpretation services that help you interact with global audience."}]},{"type":"paragraph","children":[{"type":"text","text":"If you want to succeed in the business world, it is essential to use professional interpretation services. An interpreter helps to converse with the target audience without any language barrier. It becomes easy for companies around the world to communicate, from one-to-one conversations to huge conferences."}]},{"type":"heading","children":[{"type":"text","text":"Types Of Interpretation Services"}],"level":1}]');
INSERT INTO components_shared_paragraphs VALUES(113,'[{"type":"heading","children":[{"type":"text","text":"Why Shakti Enterprise For Interpretation Services"}],"level":1},{"type":"paragraph","children":[{"type":"text","text":"We empower organizations to communicate in 100+ languages. No matter the size of your business, Shakti Enterprise has your language needs covered. Our language team is adapted to the needs and requirements of our clients."}]}]');
INSERT INTO components_shared_paragraphs VALUES(123,'[{"type":"paragraph","children":[{"type":"text","text":"In today''s Internet era, it is easier than ever to do business with people in countries across the world. As companies are going global, it is essential to utilize interpretation services that help you interact with global audience."}]},{"type":"paragraph","children":[{"type":"text","text":"If you want to succeed in the business world, it is essential to use professional interpretation services. An interpreter helps to converse with the target audience without any language barrier. It becomes easy for companies around the world to communicate, from one-to-one conversations to huge conferences."}]},{"type":"heading","children":[{"type":"text","text":"Types Of Interpretation Services"}],"level":1}]');
INSERT INTO components_shared_paragraphs VALUES(124,'[{"type":"heading","children":[{"type":"text","text":"Why Shakti Enterprise For Interpretation Services"}],"level":1},{"type":"paragraph","children":[{"type":"text","text":"We empower organizations to communicate in 100+ languages. No matter the size of your business, Shakti Enterprise has your language needs covered. Our language team is adapted to the needs and requirements of our clients."}]}]');
INSERT INTO components_shared_paragraphs VALUES(126,'[{"type":"heading","children":[{"type":"text","text":"Think Global. Act Local"}],"level":1},{"type":"paragraph","children":[{"type":"text","text":"Have you already created content for your Global Audiences? To curtail this urgent need of globalization opting for localization services can be a perfect option. Every region has a different dialect and hence the same content cannot be used everywhere."}]},{"type":"paragraph","children":[{"type":"text","text":""}]},{"type":"paragraph","children":[{"type":"text","text":"Following a structured process to target your audience is a must. You can start with Globalization, followed by Internationalization and then Localization."}]},{"type":"paragraph","children":[{"type":"text","text":""}]},{"type":"heading","children":[{"type":"text","text":"What is Globalization?"}],"level":1},{"type":"paragraph","children":[{"type":"text","text":"Globalization is conceptualizing the product to be sold in any market worldwide. The Product or the Service has a few essential standards and definitions. These are the establishments upon which the worldwide market structure is set."}]},{"type":"heading","children":[{"type":"text","text":"What is Internationalization?"}],"level":1},{"type":"paragraph","children":[{"type":"text","text":"Internationalization is a procedure of planning programming application. It further tends to be adjusted according to different dialects and districts. Under localization services in India, we offer string extraction for all programming dialects. This helps prepare your product, portable applications, site internationalization easy. The application can deal with various dialects without turning to different codes for every new language."}]},{"type":"paragraph","children":[{"type":"text","text":"The translators can easily manage the content and the programming codes remain intact. You can thus save money while you opt for localization services with us."}]},{"type":"heading","children":[{"type":"text","text":"What is Localization?"}],"level":1},{"type":"paragraph","children":[{"type":"text","text":"Localization is the key for global communication","bold":true},{"type":"text","text":". It is to make sure that it is in tune with the customer aspirations in that particular region. We make sure this is done without affecting the international essence."}]},{"type":"paragraph","children":[{"type":"text","text":""}]},{"type":"paragraph","children":[{"type":"text","text":"To connect with the end-users in International markets, communication has to be localized in multiple languages. This helps make a greater impact. Website translation and localization in various languages is the most effective solution in today''s digital world. Attracting consumers across the globe becomes easy."}]},{"type":"paragraph","children":[{"type":"text","text":""}]},{"type":"heading","children":[{"type":"text","text":"Why Is Localization Essential For A Business?"}],"level":1},{"type":"paragraph","children":[{"type":"text","text":"Localization services mean a change of language to adapt with local culture, content, as well as images. It also includes checking of compatibility with the target culture."}]},{"type":"paragraph","children":[{"type":"text","text":""}]},{"type":"heading","children":[{"type":"text","text":"Why localization if English is a globally accepted language?"}],"level":1},{"type":"list","format":"unordered","children":[{"type":"list-item","children":[{"text":"Loyalty","type":"text","bold":true},{"type":"text","text":": Globally recognized brands can easily focus on the markets and fetch profitable results. But it is just not the same with every single brand especially when lesser-known. This can help pierce into new markets and sustain competition. Customer loyalty for your brand will then follow.\n"}]},{"type":"list-item","children":[{"type":"text","text":"Customer Satisfaction","bold":true},{"type":"text","text":": Making something suitable for the local market brings client satisfaction. Savings on all overhead and advertising costs can be a good deal. Word of mouth from a satisfied customer helps in marketing your product/service. If you can successfully provide customized services there can be a boost in the demand for the product offered.\n"}]},{"type":"list-item","children":[{"type":"text","text":"Avoid embarrassing situations","bold":true},{"type":"text","text":": Incorrect translations can lead to unavoidable loss. Many times brands face drawbacks in countries with offensive campaigns. This can be an embarrassing moment for the brand. To avoid this situation opting for correct interpretation and localizing services in India should be your priority. Penetrating in the global world will be easy for your brand.\n"}]}]},{"type":"heading","children":[{"type":"text","text":"What is Localization?"}],"level":1},{"type":"paragraph","children":[{"type":"text","text":"Localization is the key for global communication . It is to make sure that it is in tune with the customer aspirations in that particular region. We make sure this is done without affecting the International essence."}]},{"type":"paragraph","children":[{"type":"text","text":"To connect with the end-users in International markets, communication has to be localized in multiple languages. This helps make a greater impact. Website translation and localization in various languages is the most effective solution in todays digital world. Attracting consumers across the globe becomes easy."}]},{"type":"heading","children":[{"type":"text","text":"Know More about Localization"}],"level":1},{"type":"paragraph","children":[{"type":"text","text":"Reaching out to the audience and impressing your customers is a must for every business type. This is easy with the localization services provided by us. To know their needs is of utmost importance. By this, you can connect to them and know their experiences and grievances. Your success ration can have a boost with this."}]},{"type":"paragraph","children":[{"type":"text","text":""}]},{"type":"paragraph","children":[{"type":"text","text":"Marking a start in the global market and maintaining a brand image is essential to sustain the competition. Making your products and services hold a position in the markets will be a difficult task sometimes. Localization services from Shakti Enterprise can prove to be an ideal solution in this regard."}]},{"type":"paragraph","children":[{"type":"text","text":""}]},{"type":"paragraph","children":[{"type":"text","text":"As a part of Localization, expressing the product message clearly to suit the client needs is of prime importance. Mobile applications and software are no exclusions. Also, rewriting the data is not just about adopting a new language but also maintaining the essence with the necessary changes. Any content that is capable of digital transmission is subjected to a vast degree of localization."}]},{"type":"paragraph","children":[{"type":"text","text":""}]},{"type":"heading","children":[{"type":"text","text":"Avail Services of Shakti Enterprise for Localization"}],"level":1},{"type":"paragraph","children":[{"type":"text","text":"Joining hands with our professionally equipped localization service, you can avoid all major setbacks in creating a great user experience."}]},{"type":"paragraph","children":[{"type":"text","text":"For more details, please "},{"type":"link","url":"/contact-us","children":[{"type":"text","text":"Contact us"}]},{"text":"","type":"text"}]}]');
INSERT INTO components_shared_paragraphs VALUES(127,'[{"type":"heading","children":[{"type":"text","text":"Project Services that can save cost and increase ROI"}],"level":1},{"type":"paragraph","children":[{"type":"text","text":"Shakti Enterprise is a dedicated, full-fledged, ISO 2001:2008 and DIN 1508 certified, multilingual language solution company, equipped to provide you with project services for translation, typesetting, website, and software localization for your clients in most Indian and Foreign languages."}]},{"type":"paragraph","children":[{"type":"text","text":"Whether you are a translation service provider with limited language translators on panel or a company with translation and DTP projects that require professional management service or a large translation cum localization service provider based in the USA or Europe, interested in Business Process Outsourcing to reduce turn-around-time and save project management cost, please do not hesitate to call or write to us."}]},{"type":"paragraph","children":[{"type":"text","text":"Types of Project Services"}]},{"type":"paragraph","children":[{"type":"text","text":"1. Outsourcing","bold":true},{"type":"text","text":" - We undertake your work and complete the projects that require translation of languages not supported by you."}]},{"type":"paragraph","children":[{"type":"text","text":"2. Project Management","bold":true},{"type":"text","text":" - We work as an extended arm for the localization of global communication in a multi-media environment. The dedicated translation technology utilization with translation memory bank, glossary and terminology management will not only reduce the cost of translation but also build consistency across the languages."}]},{"type":"paragraph","children":[{"type":"text","text":"3. Business Process Outsourcing","bold":true},{"type":"text","text":" - We undertake project coordination work that can be smoothly executed during our time-zone. It is a win-win situation especially for companies having a presence in USA, UK, and Europe as not only there is time zone advantage when jobs are offloaded to the service provider in India but also saving on project management costs by more than 40% as compared to the operating cost in the USA."}]},{"type":"paragraph","children":[{"type":"text","text":"Being on the same line of business gives a great advantage to offload large projects. This enables quick turn-around-time, great project cost savings, and improvement in the business process. Whether it is business process outsourcing on a contract basis or translation services to fulfill your need for additional capacity or to complete your language translation where you have a limited database of native translators, we are ready to collaborate on a mutually beneficial business relationship."}]}]');
INSERT INTO components_shared_paragraphs VALUES(128,'[{"type":"paragraph","children":[{"type":"text","text":"In todays world of e-commerce and e-learning, audio visual communication in multiple languages plays a vital part. We have the right resources of voice over artists who are in-country professionals for dubbing in the target language all your corporate and sales promotion AVs."}]},{"type":"paragraph","children":[{"type":"text","text":"Shakti Enterprise is a professional translation service agency for global language communication in print, audio-visual, and digital medium. We offer cost-effective audio-visual translation and localization services in 100+ Indian and foreign languages, for your global communication needs. Our services encompass transcription, script translation, voice-over, subtitling, and dubbing in the required language for the production of the audio-video material."}]},{"type":"paragraph","children":[{"type":"text","text":"We provide voice over services across the globe for several streams like E-Learning and Training Videos, Promotional Videos, Advertisement Commercials, Animation Films, Sales Presentations, Interactive Voice Response, etc."}]},{"type":"heading","children":[{"type":"text","text":"Audio Visual Localization:"}],"level":1},{"type":"paragraph","children":[{"type":"text","text":"We produce localized audio-visual content with the help of our native professional linguists who are experts in matching the tone, and style of the content."}]},{"type":"heading","children":[{"type":"text","text":"Following are the steps involved in dubbing and production of language version of an audio-visual film:"}],"level":1}]');
INSERT INTO components_shared_paragraphs VALUES(131,'[{"type":"heading","children":[{"type":"text","text":"Professionals You Can Trust"}],"level":1},{"type":"paragraph","children":[{"type":"text","text":"Shakti Enterprise has been providing audio-visual localization services from 30+years and has successfully served top brands and produced their materials in diverse foreign languages. We have our in-house design studio to provide quality voice over service."}]}]');
INSERT INTO components_shared_paragraphs VALUES(132,'[{"type":"paragraph","children":[{"type":"text","text":"In todays world of e-commerce and e-learning, audio visual communication in multiple languages plays a vital part. We have the right resources of voice over artists who are in-country professionals for dubbing in the target language all your corporate and sales promotion AVs."}]},{"type":"paragraph","children":[{"type":"text","text":"Shakti Enterprise is a professional translation service agency for global language communication in print, audio-visual, and digital medium. We offer cost-effective audio-visual translation and localization services in 100+ Indian and foreign languages, for your global communication needs. Our services encompass transcription, script translation, voice-over, subtitling, and dubbing in the required language for the production of the audio-video material."}]},{"type":"paragraph","children":[{"type":"text","text":"We provide voice over services across the globe for several streams like E-Learning and Training Videos, Promotional Videos, Advertisement Commercials, Animation Films, Sales Presentations, Interactive Voice Response, etc."}]},{"type":"heading","children":[{"type":"text","text":"Audio Visual Localization:"}],"level":1},{"type":"paragraph","children":[{"type":"text","text":"We produce localized audio-visual content with the help of our native professional linguists who are experts in matching the tone, and style of the content."}]},{"type":"heading","children":[{"type":"text","text":"Following are the steps involved in dubbing and production of language version of an audio-visual film:"}],"level":1}]');
INSERT INTO components_shared_paragraphs VALUES(133,'[{"type":"heading","children":[{"type":"text","text":"Professionals You Can Trust"}],"level":1},{"type":"paragraph","children":[{"type":"text","text":"Shakti Enterprise has been providing audio-visual localization services from 30+years and has successfully served top brands and produced their materials in diverse foreign languages. We have our in-house design studio to provide quality voice over service."}]}]');
INSERT INTO components_shared_paragraphs VALUES(134,'[{"type":"paragraph","children":[{"type":"text","text":"We believe in utilizing in-nation and local language proficient translators who have area involvement with educational, human services, clinical, finance, advertising, legal, and industrial divisions so the last archive mirrors the expected message of the document."}]},{"type":"heading","children":[{"type":"text","text":"Human Translation"}],"level":1},{"type":"paragraph","children":[{"type":"text","text":"Native professional translators with expertise in the subject and knowledge of both source and target language can be relied upon for the translations. The end result will always be meaningful, readable and say what you mean in any given language. So for all commercial purposes, if you need to communicate with clarity, you will always have to first connect with the translators. Language translation services Have professionals who offer content which is beyond words with intact context matter. The impact of the translated language will always be kept intact with respect to the source language."}]},{"type":"paragraph","children":[{"type":"text","text":"Human translation will help you get best quality content as compared to that of machine translation. It will be meaningful and easily understood by the target market"}]},{"type":"heading","children":[{"type":"text","text":"Process of our translation services."}],"level":1},{"type":"paragraph","children":[{"type":"text","text":"At Shakti Enterprise, quality is at the forefront of our services. We follow stringent quality assurance protocols to ensure that our legal interpretation services meet the highest standards of accuracy, confidentiality, and cultural sensitivity. Our commitment to quality includes:"}]},{"type":"list","format":"unordered","children":[{"type":"list-item","children":[{"type":"text","text":"All pertinent documents and textual content are collected by a project manager from the client"}]},{"type":"list-item","children":[{"type":"text","text":"Then a detailed discussion with the client is carried out so that the objectives of the project and the vision of the client are understood by the linguists who would work on the project"}]},{"type":"list-item","children":[{"type":"text","text":"The next step is to understand whether the project would target the local market segments of India or the project is aimed at the international market segments"}]},{"type":"list-item","children":[{"type":"text","text":"A team of native linguists who are proficient in the target language(s) are handpicked by the project manager"}]},{"type":"list-item","children":[{"type":"text","text":"Next, the ragtag team of linguists would use the latest CAT tools and related apps in a bid to create terminology and translation databases. This step is crucial as it allows our team of linguists to complete large projects within the agreed timeline."}]},{"type":"list-item","children":[{"type":"text","text":"All translated content is subjected to strenuous quality assurance procedures. This ensures that the project is on par with our high quality standards. At the same time, this step also allows us to make sure that the project is on par with the specification set by our client"}]},{"type":"list-item","children":[{"type":"text","text":"The translated content is then delivered to the client"}]}]},{"type":"heading","children":[{"type":"text","text":"What other translation services we do provide"}],"level":1},{"type":"list","format":"unordered","children":[{"type":"list-item","children":[{"type":"text","text":"Book translation services","bold":true},{"type":"text","text":" - We can help authors and publishers in India and overseas to translate their work into more than 100 languages."}]},{"type":"list-item","children":[{"type":"text","text":"Document Translation Services ","bold":true},{"type":"text","text":"- We have what it takes to translate business documents, IT documents, legal documents, corporate communications, surveys, advertising/promotional collateral, etc. to more than 100 languages."}]},{"type":"list-item","children":[{"type":"text","text":"Certificate Translation Services","bold":true},{"type":"text","text":" - We can translate important certificates like death certificates, birth declarations, international IDs, etc. so that the translated certificate becomes acceptable to apex authorities worldwide. We also provide our clients with a certificate of accuracy with every certificate we have translated for them."}]},{"type":"list-item","children":[{"type":"text","text":"Technical Translation Services ","bold":true},{"type":"text","text":"- We have a team of highly skilled, certified and experienced native linguists with technical backgrounds. Hence, we are one of the few Language Service Providers who can translate technical collateral from engineering companies, end-user guides of products, technical websites, product labels, patent documents, CAD drawings, engineering catalogues, RFP responses, e-learning content, safety manuals, installation manuals, training collateral, technical proposal collateral, data sheets, MSDS etc."}]},{"type":"list-item","children":[{"type":"text","text":"Medical Translation Services","bold":true},{"type":"text","text":" - We also serve the Indian and international healthcare sectors with our quality-assured medical translation services. Our medical translation services are ideal for translating medical documents like healthcare service booklets, clinical trial forms, research reports, pharmaceutical product promotional collateral, etc. Our medical translators are certified."}]},{"type":"list-item","children":[{"type":"text","text":"Manual Translation Services","bold":true},{"type":"text","text":" - We provide manual translation for multiple Indian languages. We also serve international technical sectors with our quality-assured translation services. The user can access the merchandise easier thanks to manual conversion. In addition to translating manuals, logs, and guidelines, and many more."}]}]},{"type":"heading","children":[{"type":"text","text":"Avail Services of Shakti Enterprise for Translation"}],"level":1},{"type":"paragraph","children":[{"type":"text","text":"For more details, please "},{"type":"link","url":"/contact-us","children":[{"type":"text","text":"Contact us"}]},{"text":"","type":"text"}]}]');
INSERT INTO components_shared_paragraphs VALUES(135,'[{"type":"paragraph","children":[{"type":"text","text":"We believe in utilizing in-nation and local language proficient translators who have area involvement with educational, human services, clinical, finance, advertising, legal, and industrial divisions so the last archive mirrors the expected message of the document."}]},{"type":"heading","children":[{"type":"text","text":"Human Translation"}],"level":1},{"type":"paragraph","children":[{"type":"text","text":"Native professional translators with expertise in the subject and knowledge of both source and target language can be relied upon for the translations. The end result will always be meaningful, readable and say what you mean in any given language. So for all commercial purposes, if you need to communicate with clarity, you will always have to first connect with the translators. Language translation services Have professionals who offer content which is beyond words with intact context matter. The impact of the translated language will always be kept intact with respect to the source language."}]},{"type":"paragraph","children":[{"type":"text","text":"Human translation will help you get best quality content as compared to that of machine translation. It will be meaningful and easily understood by the target market"}]},{"type":"heading","children":[{"type":"text","text":"Process of our translation services."}],"level":1},{"type":"paragraph","children":[{"type":"text","text":"At Shakti Enterprise, quality is at the forefront of our services. We follow stringent quality assurance protocols to ensure that our legal interpretation services meet the highest standards of accuracy, confidentiality, and cultural sensitivity. Our commitment to quality includes:"}]},{"type":"list","format":"unordered","children":[{"type":"list-item","children":[{"type":"text","text":"All pertinent documents and textual content are collected by a project manager from the client"}]},{"type":"list-item","children":[{"type":"text","text":"Then a detailed discussion with the client is carried out so that the objectives of the project and the vision of the client are understood by the linguists who would work on the project"}]},{"type":"list-item","children":[{"type":"text","text":"The next step is to understand whether the project would target the local market segments of India or the project is aimed at the international market segments"}]},{"type":"list-item","children":[{"type":"text","text":"A team of native linguists who are proficient in the target language(s) are handpicked by the project manager"}]},{"type":"list-item","children":[{"type":"text","text":"Next, the ragtag team of linguists would use the latest CAT tools and related apps in a bid to create terminology and translation databases. This step is crucial as it allows our team of linguists to complete large projects within the agreed timeline."}]},{"type":"list-item","children":[{"type":"text","text":"All translated content is subjected to strenuous quality assurance procedures. This ensures that the project is on par with our high quality standards. At the same time, this step also allows us to make sure that the project is on par with the specification set by our client"}]},{"type":"list-item","children":[{"type":"text","text":"The translated content is then delivered to the client"}]}]},{"type":"heading","children":[{"type":"text","text":"What other translation services we do provide"}],"level":1},{"type":"list","format":"unordered","children":[{"type":"list-item","children":[{"type":"text","text":"Book translation services","bold":true},{"type":"text","text":" - We can help authors and publishers in India and overseas to translate their work into more than 100 languages."}]},{"type":"list-item","children":[{"type":"text","text":"Document Translation Services ","bold":true},{"type":"text","text":"- We have what it takes to translate business documents, IT documents, legal documents, corporate communications, surveys, advertising/promotional collateral, etc. to more than 100 languages."}]},{"type":"list-item","children":[{"type":"text","text":"Certificate Translation Services","bold":true},{"type":"text","text":" - We can translate important certificates like death certificates, birth declarations, international IDs, etc. so that the translated certificate becomes acceptable to apex authorities worldwide. We also provide our clients with a certificate of accuracy with every certificate we have translated for them."}]},{"type":"list-item","children":[{"type":"text","text":"Technical Translation Services ","bold":true},{"type":"text","text":"- We have a team of highly skilled, certified and experienced native linguists with technical backgrounds. Hence, we are one of the few Language Service Providers who can translate technical collateral from engineering companies, end-user guides of products, technical websites, product labels, patent documents, CAD drawings, engineering catalogues, RFP responses, e-learning content, safety manuals, installation manuals, training collateral, technical proposal collateral, data sheets, MSDS etc."}]},{"type":"list-item","children":[{"type":"text","text":"Medical Translation Services","bold":true},{"type":"text","text":" - We also serve the Indian and international healthcare sectors with our quality-assured medical translation services. Our medical translation services are ideal for translating medical documents like healthcare service booklets, clinical trial forms, research reports, pharmaceutical product promotional collateral, etc. Our medical translators are certified."}]},{"type":"list-item","children":[{"type":"text","text":"Manual Translation Services","bold":true},{"type":"text","text":" - We provide manual translation for multiple Indian languages. We also serve international technical sectors with our quality-assured translation services. The user can access the merchandise easier thanks to manual conversion. In addition to translating manuals, logs, and guidelines, and many more."}]}]},{"type":"heading","children":[{"type":"text","text":"Avail Services of Shakti Enterprise for Translation"}],"level":1},{"type":"paragraph","children":[{"type":"text","text":"For more details, please "},{"type":"link","url":"/contact-us","children":[{"type":"text","text":"Contact us"}]},{"text":"","type":"text"}]}]');
CREATE TABLE IF NOT EXISTS "translation_types_cmps" (`id` integer PRIMARY KEY SERIAL NOT NULL, `entity_id` integer NULL, `cmp_id` integer NULL, `component_type` varchar(255) NULL, `field` varchar(255) NULL, `order` float NULL, CONSTRAINT `translation_types_entity_fk` FOREIGN KEY (`entity_id`) REFERENCES `translation_types` (`id`) ON DELETE CASCADE, CONSTRAINT `translation_types_entity_fk` FOREIGN KEY (`entity_id`) REFERENCES `translation_types` (`id`) ON DELETE CASCADE);
INSERT INTO translation_types_cmps VALUES(1,1,1,'shared.media-block','mediaBlock',1.0);
INSERT INTO translation_types_cmps VALUES(2,1,2,'shared.media-block','mediaBlock',2.0);
INSERT INTO translation_types_cmps VALUES(3,1,3,'shared.media-block','mediaBlock',3.0);
INSERT INTO translation_types_cmps VALUES(4,1,4,'shared.media-block','mediaBlock',4.0);
INSERT INTO translation_types_cmps VALUES(5,1,5,'shared.media-block','mediaBlock',5.0);
INSERT INTO translation_types_cmps VALUES(51,1,1,'shared.content-component','Media',1.0);
INSERT INTO translation_types_cmps VALUES(52,1,2,'shared.content-component','Media',2.0);
INSERT INTO translation_types_cmps VALUES(53,1,3,'shared.content-component','Media',3.0);
INSERT INTO translation_types_cmps VALUES(54,1,4,'shared.content-component','Media',4.0);
INSERT INTO translation_types_cmps VALUES(55,1,5,'shared.content-component','Media',5.0);
INSERT INTO translation_types_cmps VALUES(56,5,6,'shared.content-component','Media',1.0);
INSERT INTO translation_types_cmps VALUES(57,5,7,'shared.content-component','Media',2.0);
INSERT INTO translation_types_cmps VALUES(58,5,8,'shared.content-component','Media',3.0);
INSERT INTO translation_types_cmps VALUES(59,5,9,'shared.content-component','Media',4.0);
INSERT INTO translation_types_cmps VALUES(60,5,10,'shared.content-component','Media',5.0);
CREATE TABLE IF NOT EXISTS "translation_types" (`id` integer PRIMARY KEY SERIAL NOT NULL, `document_id` varchar(255) NULL, `title` varchar(255) NULL, `created_at` datetime NULL, `updated_at` datetime NULL, `published_at` datetime NULL, `created_by_id` integer NULL, `updated_by_id` integer NULL, `locale` varchar(255) NULL, CONSTRAINT `translation_types_created_by_id_fk` FOREIGN KEY (`created_by_id`) REFERENCES `admin_users` (`id`) ON DELETE SET NULL, CONSTRAINT `translation_types_updated_by_id_fk` FOREIGN KEY (`updated_by_id`) REFERENCES `admin_users` (`id`) ON DELETE SET NULL, CONSTRAINT `translation_types_created_by_id_fk` FOREIGN KEY (`created_by_id`) REFERENCES `admin_users` (`id`) ON DELETE SET NULL, CONSTRAINT `translation_types_updated_by_id_fk` FOREIGN KEY (`updated_by_id`) REFERENCES `admin_users` (`id`) ON DELETE SET NULL);
INSERT INTO translation_types VALUES(1,'uod2uy735ssmhk5xzas71ts2','Translation Type',1745832711916,1746011027788,NULL,1,1,NULL);
INSERT INTO translation_types VALUES(5,'uod2uy735ssmhk5xzas71ts2','Translation Type',1745832711916,1746011027788,1746011027807,1,1,NULL);
CREATE TABLE IF NOT EXISTS "banners_cmps" (`id` integer PRIMARY KEY SERIAL NOT NULL, `entity_id` integer NULL, `cmp_id` integer NULL, `component_type` varchar(255) NULL, `field` varchar(255) NULL, `order` float NULL, CONSTRAINT `banners_entity_fk` FOREIGN KEY (`entity_id`) REFERENCES `banners` (`id`) ON DELETE CASCADE, CONSTRAINT `banners_entity_fk` FOREIGN KEY (`entity_id`) REFERENCES `banners` (`id`) ON DELETE CASCADE);
INSERT INTO banners_cmps VALUES(1,1,11,'shared.media-block','Media',1.0);
INSERT INTO banners_cmps VALUES(2,1,12,'shared.media-block','Media',2.0);
INSERT INTO banners_cmps VALUES(3,1,13,'shared.media-block','Media',3.0);
INSERT INTO banners_cmps VALUES(4,1,14,'shared.media-block','Media',4.0);
INSERT INTO banners_cmps VALUES(6,1,16,'shared.media-block','Media',6.0);
INSERT INTO banners_cmps VALUES(7,1,17,'shared.media-block','Media',7.0);
INSERT INTO banners_cmps VALUES(8,1,18,'shared.media-block','Media',8.0);
INSERT INTO banners_cmps VALUES(9,1,19,'shared.media-block','Media',9.0);
INSERT INTO banners_cmps VALUES(10,1,20,'shared.media-block','Media',10.0);
INSERT INTO banners_cmps VALUES(11,1,21,'shared.media-block','Media',11.0);
INSERT INTO banners_cmps VALUES(1259,1,448,'shared.media-block','Media',5.0);
INSERT INTO banners_cmps VALUES(1525,44,529,'shared.media-block','Media',1.0);
INSERT INTO banners_cmps VALUES(1526,44,530,'shared.media-block','Media',2.0);
INSERT INTO banners_cmps VALUES(1527,44,531,'shared.media-block','Media',3.0);
INSERT INTO banners_cmps VALUES(1528,44,532,'shared.media-block','Media',4.0);
INSERT INTO banners_cmps VALUES(1529,44,533,'shared.media-block','Media',5.0);
INSERT INTO banners_cmps VALUES(1530,44,534,'shared.media-block','Media',6.0);
INSERT INTO banners_cmps VALUES(1531,44,535,'shared.media-block','Media',7.0);
INSERT INTO banners_cmps VALUES(1532,44,536,'shared.media-block','Media',8.0);
INSERT INTO banners_cmps VALUES(1533,44,537,'shared.media-block','Media',9.0);
INSERT INTO banners_cmps VALUES(1534,44,538,'shared.media-block','Media',10.0);
INSERT INTO banners_cmps VALUES(1535,44,539,'shared.media-block','Media',11.0);
CREATE TABLE IF NOT EXISTS "banners" (`id` integer PRIMARY KEY SERIAL NOT NULL, `document_id` varchar(255) NULL, `created_at` datetime NULL, `updated_at` datetime NULL, `published_at` datetime NULL, `created_by_id` integer NULL, `updated_by_id` integer NULL, `locale` varchar(255) NULL, CONSTRAINT `banners_created_by_id_fk` FOREIGN KEY (`created_by_id`) REFERENCES `admin_users` (`id`) ON DELETE SET NULL, CONSTRAINT `banners_updated_by_id_fk` FOREIGN KEY (`updated_by_id`) REFERENCES `admin_users` (`id`) ON DELETE SET NULL, CONSTRAINT `banners_created_by_id_fk` FOREIGN KEY (`created_by_id`) REFERENCES `admin_users` (`id`) ON DELETE SET NULL, CONSTRAINT `banners_updated_by_id_fk` FOREIGN KEY (`updated_by_id`) REFERENCES `admin_users` (`id`) ON DELETE SET NULL);
INSERT INTO banners VALUES(1,'v03xtjtxl13nlsrayafjapeq',1745917852966,1746517494682,NULL,1,1,NULL);
INSERT INTO banners VALUES(44,'v03xtjtxl13nlsrayafjapeq',1745917852966,1746517494682,1746517494702,1,1,NULL);
CREATE TABLE IF NOT EXISTS "components_shared_media_blocks" (`id` integer PRIMARY KEY SERIAL NOT NULL, `description` text NULL, `title` varchar(255) NULL);
INSERT INTO components_shared_media_blocks VALUES(1,'[{"type":"heading","children":[{"type":"text","text":"Identify the type of service that is right for you and enjoy the package benefits."}],"level":1},{"type":"paragraph","children":[{"type":"text","text":"We understand your need to control cost, but we cannot reduce the cost of translation by resorting to machine translation where quality is a suspect. This understanding drives us to build an internal process and use technology for efficiency in project management so as to keep our project costs attractive and reasonable."}]},{"type":"heading","children":[{"type":"text","text":"Translation services are as follows:-"}],"level":1}]',NULL);
INSERT INTO components_shared_media_blocks VALUES(2,'[{"type":"heading","children":[{"type":"text","text":"Budget Translation: Translation+ Mechanical Review"}],"level":1},{"type":"paragraph","children":[{"type":"text","text":"The translation that is meant to be For Information purpose can be unpolished, yet accurate and can be produced faster and cheaper compared to a translation that is meant to be For Publication work. When the objective of translation is onlyFor information and not For Publishing, budget translation is an ideal solution."}]}]',NULL);
INSERT INTO components_shared_media_blocks VALUES(3,'[{"type":"heading","children":[{"type":"text","text":"Standard Translation: Translation + Mechanical Review + QA"}],"level":1},{"type":"paragraph","children":[{"type":"text","text":"For translations of documents, circulars, inter-office communications that do not have commercial implication, it is advisable to go for standard translation by a professional native translator."}]}]',NULL);
INSERT INTO components_shared_media_blocks VALUES(4,'[{"type":"heading","children":[{"type":"text","text":"Professional Translation: Translation + Proofreading + QA + Mechanical Review"}],"level":1},{"type":"paragraph","children":[{"type":"text","text":"For translations of documents, technical brochures, user manuals and other pieces of literature that are meant For Publishing and have a commercial impact since they are addressed to customers, it is advisable to go for professional translation"}]}]',NULL);
INSERT INTO components_shared_media_blocks VALUES(5,'[{"type":"heading","children":[{"type":"text","text":"Value-Added Translation: Translation + Style Check + Proof Reading+ Review + QA + Revision"}],"level":1},{"type":"paragraph","children":[{"type":"text","text":"For translations of Corporate Communication, Marketing Collaterals, Press releases or any other material which require translation and localization for culturally connecting with the target population, it is advisable to go for value-added translation that goes beyond words and brings out the essence of your source content in multiple languages to connect with target audience culturally."}]}]',NULL);
INSERT INTO components_shared_media_blocks VALUES(11,'Accurate, domain-specific translations tailored by native experts to ensure clarity, tone, and message consistency across languages.','Translation Type');
INSERT INTO components_shared_media_blocks VALUES(12,'Engaging, high-impact content crafted to connect with diverse audiences and elevate your brands authority and trust.','Content Writing Services');
INSERT INTO components_shared_media_blocks VALUES(13,'End-to-end language production: voiceovers, dubbing, subtitling, and studio-grade audio for culturally nuanced communication.','Language Studio Services');
INSERT INTO components_shared_media_blocks VALUES(14,'We deliver perfectly formatted, multilingual documents  design-accurate, print-ready, and localized for every region.','DTP Services');
INSERT INTO components_shared_media_blocks VALUES(16,'Culturally tuned adaptations of your content for websites, apps, and media to maximize global relevance and impact.','Localization Services');
INSERT INTO components_shared_media_blocks VALUES(17,'From planning to delivery, we manage multilingual projects with precision, process control, and global language expertise.','Project Services');
INSERT INTO components_shared_media_blocks VALUES(18,'Ensure academic, legal, or technical papers meet the highest standards before peer review or international publication.','Proof Reading Services');
INSERT INTO components_shared_media_blocks VALUES(19,'Professional interpreters for events, conferences, and calls  bridging real-time communication across languages and cultures.','Interpretation Services');
INSERT INTO components_shared_media_blocks VALUES(20,'Voiceovers, subtitles, and language adaptation for AV content  crafted by in-nation experts across 100+ languages.','Audio Visual Services');
INSERT INTO components_shared_media_blocks VALUES(21,'Native-language professionals deliver translations that truly reflect your intent, industry context, and local expectations.','Translation Services');
INSERT INTO components_shared_media_blocks VALUES(203,'[{"type":"heading","children":[{"type":"text","text":"Identify the type of service that is right for you and enjoy the package benefits."}],"level":1},{"type":"paragraph","children":[{"type":"text","text":"We understand your need to control cost, but we cannot reduce the cost of translation by resorting to machine translation where quality is a suspect. This understanding drives us to build an internal process and use technology for efficiency in project management so as to keep our project costs attractive and reasonable."}]},{"type":"heading","children":[{"type":"text","text":"Translation services are as follows:-"}],"level":1}]',NULL);
INSERT INTO components_shared_media_blocks VALUES(204,'[{"type":"heading","children":[{"type":"text","text":"Budget Translation: Translation+ Mechanical Review"}],"level":1},{"type":"paragraph","children":[{"type":"text","text":"The translation that is meant to be For Information purpose can be unpolished, yet accurate and can be produced faster and cheaper compared to a translation that is meant to be For Publication work. When the objective of translation is onlyFor information and not For Publishing, budget translation is an ideal solution."}]}]',NULL);
INSERT INTO components_shared_media_blocks VALUES(205,'[{"type":"heading","children":[{"type":"text","text":"Standard Translation: Translation + Mechanical Review + QA"}],"level":1},{"type":"paragraph","children":[{"type":"text","text":"For translations of documents, circulars, inter-office communications that do not have commercial implication, it is advisable to go for standard translation by a professional native translator."}]}]',NULL);
INSERT INTO components_shared_media_blocks VALUES(206,'[{"type":"heading","children":[{"type":"text","text":"Professional Translation: Translation + Proofreading + QA + Mechanical Review"}],"level":1},{"type":"paragraph","children":[{"type":"text","text":"For translations of documents, technical brochures, user manuals and other pieces of literature that are meant For Publishing and have a commercial impact since they are addressed to customers, it is advisable to go for professional translation"}]}]',NULL);
INSERT INTO components_shared_media_blocks VALUES(207,'[{"type":"heading","children":[{"type":"text","text":"Value-Added Translation: Translation + Style Check + Proof Reading+ Review + QA + Revision"}],"level":1},{"type":"paragraph","children":[{"type":"text","text":"For translations of Corporate Communication, Marketing Collaterals, Press releases or any other material which require translation and localization for culturally connecting with the target population, it is advisable to go for value-added translation that goes beyond words and brings out the essence of your source content in multiple languages to connect with target audience culturally."}]}]',NULL);
INSERT INTO components_shared_media_blocks VALUES(448,'Comprehensive language services  from writing to localization  for seamless communication across print, digital, and AV.','360 Degree Language Solutions');
INSERT INTO components_shared_media_blocks VALUES(529,'Accurate, domain-specific translations tailored by native experts to ensure clarity, tone, and message consistency across languages.','Translation Type');
INSERT INTO components_shared_media_blocks VALUES(530,'Engaging, high-impact content crafted to connect with diverse audiences and elevate your brands authority and trust.','Content Writing Services');
INSERT INTO components_shared_media_blocks VALUES(531,'End-to-end language production: voiceovers, dubbing, subtitling, and studio-grade audio for culturally nuanced communication.','Language Studio Services');
INSERT INTO components_shared_media_blocks VALUES(532,'We deliver perfectly formatted, multilingual documents  design-accurate, print-ready, and localized for every region.','DTP Services');
INSERT INTO components_shared_media_blocks VALUES(533,'Comprehensive language services  from writing to localization  for seamless communication across print, digital, and AV.','360 Degree Language Solutions');
INSERT INTO components_shared_media_blocks VALUES(534,'Culturally tuned adaptations of your content for websites, apps, and media to maximize global relevance and impact.','Localization Services');
INSERT INTO components_shared_media_blocks VALUES(535,'From planning to delivery, we manage multilingual projects with precision, process control, and global language expertise.','Project Services');
INSERT INTO components_shared_media_blocks VALUES(536,'Ensure academic, legal, or technical papers meet the highest standards before peer review or international publication.','Proof Reading Services');
INSERT INTO components_shared_media_blocks VALUES(537,'Professional interpreters for events, conferences, and calls  bridging real-time communication across languages and cultures.','Interpretation Services');
INSERT INTO components_shared_media_blocks VALUES(538,'Voiceovers, subtitles, and language adaptation for AV content  crafted by in-nation experts across 100+ languages.','Audio Visual Services');
INSERT INTO components_shared_media_blocks VALUES(539,'Native-language professionals deliver translations that truly reflect your intent, industry context, and local expectations.','Translation Services');
CREATE TABLE `components_shared_content_components` (`id` integer not null primary key autoincrement, `description` json null);
INSERT INTO components_shared_content_components VALUES(1,'[{"type":"heading","children":[{"type":"text","text":"Identify the type of service that is right for you and enjoy the package benefits."}],"level":1},{"type":"paragraph","children":[{"type":"text","text":"We understand your need to control cost, but we cannot reduce the cost of translation by resorting to machine translation where quality is a suspect. This understanding drives us to build an internal process and use technology for efficiency in project management so as to keep our project costs attractive and reasonable."}]}]');
INSERT INTO components_shared_content_components VALUES(2,'[{"type":"heading","children":[{"type":"text","text":"Budget Translation: Translation+ Mechanical Review"}],"level":1},{"type":"paragraph","children":[{"type":"text","text":"The translation that is meant to be For Information purpose can be unpolished, yet accurate and can be produced faster and cheaper compared to a translation that is meant to be For Publication work. When the objective of translation is onlyFor information and not For Publishing, budget translation is an ideal solution."}]}]');
INSERT INTO components_shared_content_components VALUES(3,'[{"type":"heading","children":[{"type":"text","text":"Standard Translation: Translation + Mechanical Review + QA"}],"level":1},{"type":"paragraph","children":[{"type":"text","text":"For translations of documents, circulars, inter-office communications that do not have commercial implication, it is advisable to go for standard translation by a professional native translator."}]}]');
INSERT INTO components_shared_content_components VALUES(4,'[{"type":"heading","children":[{"type":"text","text":"Professional Translation: Translation + Proofreading + QA + Mechanical Review"}],"level":1},{"type":"paragraph","children":[{"type":"text","text":"For translations of documents, technical brochures, user manuals and other pieces of literature that are meant For Publishing and have a commercial impact since they are addressed to customers, it is advisable to go for professional translation."}]}]');
INSERT INTO components_shared_content_components VALUES(5,'[{"type":"heading","children":[{"type":"text","text":"Value-Added Translation: Translation + Style Check + Proof Reading+ Review + QA + Revision"}],"level":1},{"type":"paragraph","children":[{"type":"text","text":"For translations of Corporate Communication, Marketing Collaterals, Press releases or any other material which require translation and localization for culturally connecting with the target population, it is advisable to go for value-added translation that goes beyond words and brings out the essence of your source content in multiple languages to connect with target audience culturally."}]}]');
INSERT INTO components_shared_content_components VALUES(6,'[{"type":"heading","children":[{"type":"text","text":"Identify the type of service that is right for you and enjoy the package benefits."}],"level":1},{"type":"paragraph","children":[{"type":"text","text":"We understand your need to control cost, but we cannot reduce the cost of translation by resorting to machine translation where quality is a suspect. This understanding drives us to build an internal process and use technology for efficiency in project management so as to keep our project costs attractive and reasonable."}]}]');
INSERT INTO components_shared_content_components VALUES(7,'[{"type":"heading","children":[{"type":"text","text":"Budget Translation: Translation+ Mechanical Review"}],"level":1},{"type":"paragraph","children":[{"type":"text","text":"The translation that is meant to be For Information purpose can be unpolished, yet accurate and can be produced faster and cheaper compared to a translation that is meant to be For Publication work. When the objective of translation is onlyFor information and not For Publishing, budget translation is an ideal solution."}]}]');
INSERT INTO components_shared_content_components VALUES(8,'[{"type":"heading","children":[{"type":"text","text":"Standard Translation: Translation + Mechanical Review + QA"}],"level":1},{"type":"paragraph","children":[{"type":"text","text":"For translations of documents, circulars, inter-office communications that do not have commercial implication, it is advisable to go for standard translation by a professional native translator."}]}]');
INSERT INTO components_shared_content_components VALUES(9,'[{"type":"heading","children":[{"type":"text","text":"Professional Translation: Translation + Proofreading + QA + Mechanical Review"}],"level":1},{"type":"paragraph","children":[{"type":"text","text":"For translations of documents, technical brochures, user manuals and other pieces of literature that are meant For Publishing and have a commercial impact since they are addressed to customers, it is advisable to go for professional translation."}]}]');
INSERT INTO components_shared_content_components VALUES(10,'[{"type":"heading","children":[{"type":"text","text":"Value-Added Translation: Translation + Style Check + Proof Reading+ Review + QA + Revision"}],"level":1},{"type":"paragraph","children":[{"type":"text","text":"For translations of Corporate Communication, Marketing Collaterals, Press releases or any other material which require translation and localization for culturally connecting with the target population, it is advisable to go for value-added translation that goes beyond words and brings out the essence of your source content in multiple languages to connect with target audience culturally."}]}]');
INSERT INTO components_shared_content_components VALUES(12,'[{"type":"list","format":"unordered","children":[{"type":"list-item","children":[{"type":"text","text":" 32% of marketers believe that visual images are an important form of content for every businesses."}]},{"type":"list-item","children":[{"type":"text","text":" Content marketing gets three times more leads as compared to paid search advertising."}]},{"type":"list-item","children":[{"type":"text","text":" LinkedIn is an effective social media platform for delivering content and securing audience engagement."}]},{"type":"list-item","children":[{"type":"text","text":" 47% of buyers viewed 3-5 pieces of content before engaging with a sales rep. (Source: HubSpot)"}]}]}]');
INSERT INTO components_shared_content_components VALUES(14,'[{"type":"heading","children":[{"type":"text","text":"Who Is A Website Content Writer?"}],"level":1},{"type":"paragraph","children":[{"type":"text","text":"A web content writer is an individual who specializes in providing relevant content for websites. Every website has a specific target audience and requires relevant content to attract business. Content should contain keywords aimed towards improving the website''s SEO. One who is specialized in this and knows how to craft such type of data is a good and reliable website content writer."}]}]');
INSERT INTO components_shared_content_components VALUES(15,'[{"type":"heading","children":[{"type":"text","text":"SEO Rich Web Content"}],"level":1},{"type":"paragraph","children":[{"type":"text","text":"If you are an online business or wish to have an online presence, there is no denying the importance of search engine optimization. When we talk about SEO, content is the king  the right content, strategically placed, can do wonders for your business. Therefore, SEO content writing service must be your topmost priority, if you want to add to your sales."}]}]');
INSERT INTO components_shared_content_components VALUES(16,'[{"type":"heading","children":[{"type":"text","text":"Professional Content Writing Services That Make an Impact"}],"level":1},{"type":"paragraph","children":[{"type":"text","text":"Content is the language your brand uses to speak to your customers. It needs to conform to the trends, changing preferences, and shifting marketing landscape. Hence your brand, too, would need fresh content regularly to improve your engagement with your customers and get a Google ranking signal to boost."}]}]');
INSERT INTO components_shared_content_components VALUES(17,'[{"type":"paragraph","children":[{"type":"text","text":"Whether you are looking for a professional content writing service or need a copy for offline marketing, you can always rely on us. We can help you with every kind of web content. Be it a blog, website, or any marketing content  our website content writers are trained to create customized copies for your target audience"}]}]');
INSERT INTO components_shared_content_components VALUES(28,'[{"type":"paragraph","children":[{"type":"text","text":"We at Shakti Enterprise know how to create content that can shape up your online presence effectively. Our services can not only lift your rank but also build your brand value in the market. We provide persuasively, original, and professional content for websites, SEO, blogs, articles, etc. Our professional web content writers write engaging & informative content that captures the heart of the visitors and converts them into customers."}]}]');
INSERT INTO components_shared_content_components VALUES(35,'[{"type":"list","format":"unordered","children":[{"type":"list-item","children":[{"type":"text","text":" 32% of marketers believe that visual images are an important form of content for every businesses."}]},{"type":"list-item","children":[{"type":"text","text":" Content marketing gets three times more leads as compared to paid search advertising."}]},{"type":"list-item","children":[{"type":"text","text":" LinkedIn is an effective social media platform for delivering content and securing audience engagement."}]},{"type":"list-item","children":[{"type":"text","text":" 47% of buyers viewed 3-5 pieces of content before engaging with a sales rep. (Source: HubSpot)"}]}]}]');
INSERT INTO components_shared_content_components VALUES(36,'[{"type":"heading","children":[{"type":"text","text":"Who Is A Website Content Writer?"}],"level":1},{"type":"paragraph","children":[{"type":"text","text":"A web content writer is an individual who specializes in providing relevant content for websites. Every website has a specific target audience and requires relevant content to attract business. Content should contain keywords aimed towards improving the website''s SEO. One who is specialized in this and knows how to craft such type of data is a good and reliable website content writer."}]}]');
INSERT INTO components_shared_content_components VALUES(37,'[{"type":"heading","children":[{"type":"text","text":"SEO Rich Web Content"}],"level":1},{"type":"paragraph","children":[{"type":"text","text":"If you are an online business or wish to have an online presence, there is no denying the importance of search engine optimization. When we talk about SEO, content is the king  the right content, strategically placed, can do wonders for your business. Therefore, SEO content writing service must be your topmost priority, if you want to add to your sales."}]}]');
INSERT INTO components_shared_content_components VALUES(38,'[{"type":"heading","children":[{"type":"text","text":"Professional Content Writing Services That Make an Impact"}],"level":1},{"type":"paragraph","children":[{"type":"text","text":"Content is the language your brand uses to speak to your customers. It needs to conform to the trends, changing preferences, and shifting marketing landscape. Hence your brand, too, would need fresh content regularly to improve your engagement with your customers and get a Google ranking signal to boost."}]}]');
INSERT INTO components_shared_content_components VALUES(39,'[{"type":"paragraph","children":[{"type":"text","text":"Whether you are looking for a professional content writing service or need a copy for offline marketing, you can always rely on us. We can help you with every kind of web content. Be it a blog, website, or any marketing content  our website content writers are trained to create customized copies for your target audience"}]}]');
INSERT INTO components_shared_content_components VALUES(40,'[{"type":"paragraph","children":[{"type":"text","text":"We at Shakti Enterprise know how to create content that can shape up your online presence effectively. Our services can not only lift your rank but also build your brand value in the market. We provide persuasively, original, and professional content for websites, SEO, blogs, articles, etc. Our professional web content writers write engaging & informative content that captures the heart of the visitors and converts them into customers."}]}]');
INSERT INTO components_shared_content_components VALUES(41,'[{"type":"paragraph","children":[{"type":"text","text":"Simultaneous Interpretation","bold":true},{"type":"text","text":" - It is used for large conferences or meetings, where two or more languages are required. Here, interpreters sit in booths and translate the speakers words in real-time."}]},{"type":"paragraph","children":[{"type":"text","text":"Consecutive Interpretation","bold":true},{"type":"text","text":" - It is commonly used in one-to-one discussions or small group settings. Consecutive interpretation provides a discreet, personalized service that allows you to conduct business efficiently. Here the speaker pauses every few minutes so that the interpreter can relay what has been said."}]}]');
INSERT INTO components_shared_content_components VALUES(42,'[{"type":"paragraph","children":[{"type":"text","text":"Conference Interpretation","bold":true},{"type":"text","text":" - It uses simultaneous interpretation to deliver large scale events to delegates present all around the world. Here, interpreters are highly skilled at translating presenters words in real-time, so that delegates of all nationalities can learn from the speeches being delivered at the event."}]},{"type":"paragraph","children":[{"type":"text","text":"Escort Interpretation Service","bold":true},{"type":"text","text":" - An escort interpreter helps clients to navigate while they are traveling on business trips. These interpreters may also accompany clients to meetings."}]},{"type":"paragraph","children":[{"type":"text","text":"Interpretation Equipment Services","bold":true},{"type":"text","text":" - We provide the necessary audio and visual equipment to facilitate clear and effective communication across various languages at your events."}]}]');
INSERT INTO components_shared_content_components VALUES(43,'[{"type":"paragraph","children":[{"type":"text","text":"We have a wide team of experienced interpreters who provide certified interpretation services in a multitude of languages. Our professional interpreters have a stronghold on voice, accent, presentation, and other behavioral skills such as gestures, body language, etc."}]},{"type":"paragraph","children":[{"type":"text","text":"Give us a"},{"type":"link","url":"/contact-us","children":[{"type":"text","text":" Call Today"}]},{"text":" to find out what we can do for you.","type":"text"}]}]');
INSERT INTO components_shared_content_components VALUES(56,'[{"type":"paragraph","children":[{"type":"text","text":"Simultaneous Interpretation","bold":true},{"type":"text","text":" - It is used for large conferences or meetings, where two or more languages are required. Here, interpreters sit in booths and translate the speakers words in real-time."}]},{"type":"paragraph","children":[{"type":"text","text":"Consecutive Interpretation","bold":true},{"type":"text","text":" - It is commonly used in one-to-one discussions or small group settings. Consecutive interpretation provides a discreet, personalized service that allows you to conduct business efficiently. Here the speaker pauses every few minutes so that the interpreter can relay what has been said."}]}]');
INSERT INTO components_shared_content_components VALUES(57,'[{"type":"paragraph","children":[{"type":"text","text":"Conference Interpretation","bold":true},{"type":"text","text":" - It uses simultaneous interpretation to deliver large scale events to delegates present all around the world. Here, interpreters are highly skilled at translating presenters words in real-time, so that delegates of all nationalities can learn from the speeches being delivered at the event."}]},{"type":"paragraph","children":[{"type":"text","text":"Escort Interpretation Service","bold":true},{"type":"text","text":" - An escort interpreter helps clients to navigate while they are traveling on business trips. These interpreters may also accompany clients to meetings."}]},{"type":"paragraph","children":[{"type":"text","text":"Interpretation Equipment Services","bold":true},{"type":"text","text":" - We provide the necessary audio and visual equipment to facilitate clear and effective communication across various languages at your events."}]}]');
INSERT INTO components_shared_content_components VALUES(58,'[{"type":"paragraph","children":[{"type":"text","text":"We have a wide team of experienced interpreters who provide certified interpretation services in a multitude of languages. Our professional interpreters have a stronghold on voice, accent, presentation, and other behavioral skills such as gestures, body language, etc."}]},{"type":"paragraph","children":[{"type":"text","text":"Give us a"},{"type":"link","url":"/contact-us","children":[{"type":"text","text":" Call Today"}]},{"text":" to find out what we can do for you.","type":"text"}]}]');
INSERT INTO components_shared_content_components VALUES(59,'[{"type":"paragraph","children":[{"type":"text","text":"Transcription Service","bold":true},{"type":"text","text":": - Transcription of the audio from the source file into the text document is the first step, if the client is not able to provide the script in a word document. Once the original script is given for translation, consultation with the client takes place on portions of the script that require translation or editing with a view to localize the content."}]},{"type":"paragraph","children":[{"type":"text","text":"Voice Over","bold":true},{"type":"text","text":": - It is a specialized profession that requires a clear understanding of the character portrayed in the film and command over the language."}]}]');
INSERT INTO components_shared_content_components VALUES(60,'[{"type":"paragraph","children":[{"type":"text","text":"Subtitling","bold":true},{"type":"text","text":" - Here, artistes transcribe and simultaneously translate audio texts from a video clip into a different language. In subtitling, each frame is matched along with a relevant portion of the video."}]},{"type":"paragraph","children":[{"type":"text","text":"Dubbing and Post-Production","bold":true},{"type":"text","text":": - While dubbing for a language version, a significant amount of detail goes in, to match the audio and background music. To avoid imbalance and bring clarity in the delivery of a message, the editor at the post-production studio sits along with the language supervisor during the audio-video mixing stage and adjusts the duration of sound recording to fit frame by frame, the language portion in the film."}]},{"type":"paragraph","children":[{"type":"text","text":""}]}]');
INSERT INTO components_shared_content_components VALUES(61,'[{"type":"paragraph","children":[{"type":"text","text":"Final Edit and Language Master","bold":true},{"type":"text","text":": - The language version is played along with the source video for a quality check after an approval by a linguist for proper flow and style of delivery. If during close-ups of the character in the video portion, there is a mismatch of audio and the expression, lip sync is done once again either by re-recording that portion or by editing the sound studio to get the language footage right."}]}]');
INSERT INTO components_shared_content_components VALUES(63,'[{"type":"paragraph","children":[{"type":"text","text":"Our platform ensures the fastest turnaround and the highest voice over quality. We can assist you with all your voice over needs. To grow business and build a global customer base, get in touch with Shakti Enterprise."}]}]');
INSERT INTO components_shared_content_components VALUES(64,'[{"type":"paragraph","children":[{"type":"text","text":"Transcription Service","bold":true},{"type":"text","text":": - Transcription of the audio from the source file into the text document is the first step, if the client is not able to provide the script in a word document. Once the original script is given for translation, consultation with the client takes place on portions of the script that require translation or editing with a view to localize the content."}]},{"type":"paragraph","children":[{"type":"text","text":"Voice Over","bold":true},{"type":"text","text":": - It is a specialized profession that requires a clear understanding of the character portrayed in the film and command over the language."}]}]');
INSERT INTO components_shared_content_components VALUES(65,'[{"type":"paragraph","children":[{"type":"text","text":"Subtitling","bold":true},{"type":"text","text":" - Here, artistes transcribe and simultaneously translate audio texts from a video clip into a different language. In subtitling, each frame is matched along with a relevant portion of the video."}]},{"type":"paragraph","children":[{"type":"text","text":"Dubbing and Post-Production","bold":true},{"type":"text","text":": - While dubbing for a language version, a significant amount of detail goes in, to match the audio and background music. To avoid imbalance and bring clarity in the delivery of a message, the editor at the post-production studio sits along with the language supervisor during the audio-video mixing stage and adjusts the duration of sound recording to fit frame by frame, the language portion in the film."}]},{"type":"paragraph","children":[{"type":"text","text":""}]}]');
INSERT INTO components_shared_content_components VALUES(66,'[{"type":"paragraph","children":[{"type":"text","text":"Final Edit and Language Master","bold":true},{"type":"text","text":": - The language version is played along with the source video for a quality check after an approval by a linguist for proper flow and style of delivery. If during close-ups of the character in the video portion, there is a mismatch of audio and the expression, lip sync is done once again either by re-recording that portion or by editing the sound studio to get the language footage right."}]}]');
INSERT INTO components_shared_content_components VALUES(67,'[{"type":"paragraph","children":[{"type":"text","text":"Our platform ensures the fastest turnaround and the highest voice over quality. We can assist you with all your voice over needs. To grow business and build a global customer base, get in touch with Shakti Enterprise."}]}]');
CREATE TABLE IF NOT EXISTS "english_translation_services_cmps" (`id` integer PRIMARY KEY SERIAL NOT NULL, `entity_id` integer NULL, `cmp_id` integer NULL, `component_type` varchar(255) NULL, `field` varchar(255) NULL, `order` float NULL, CONSTRAINT `english_translation_services_entity_fk` FOREIGN KEY (`entity_id`) REFERENCES `english_translation_services` (`id`) ON DELETE CASCADE, CONSTRAINT `english_translation_services_entity_fk` FOREIGN KEY (`entity_id`) REFERENCES `english_translation_services` (`id`) ON DELETE CASCADE);
INSERT INTO english_translation_services_cmps VALUES(3,1,78,'shared.paragraph','Blocks',1.0);
INSERT INTO english_translation_services_cmps VALUES(4,2,79,'shared.paragraph','Blocks',1.0);
CREATE TABLE IF NOT EXISTS "english_translation_services" (`id` integer PRIMARY KEY SERIAL NOT NULL, `document_id` varchar(255) NULL, `created_at` datetime NULL, `updated_at` datetime NULL, `published_at` datetime NULL, `created_by_id` integer NULL, `updated_by_id` integer NULL, `locale` varchar(255) NULL, `title` varchar(255) null, CONSTRAINT `english_translation_services_created_by_id_fk` FOREIGN KEY (`created_by_id`) REFERENCES `admin_users` (`id`) ON DELETE SET NULL, CONSTRAINT `english_translation_services_updated_by_id_fk` FOREIGN KEY (`updated_by_id`) REFERENCES `admin_users` (`id`) ON DELETE SET NULL, CONSTRAINT `english_translation_services_created_by_id_fk` FOREIGN KEY (`created_by_id`) REFERENCES `admin_users` (`id`) ON DELETE SET NULL, CONSTRAINT `english_translation_services_updated_by_id_fk` FOREIGN KEY (`updated_by_id`) REFERENCES `admin_users` (`id`) ON DELETE SET NULL);
INSERT INTO english_translation_services VALUES(1,'mhgodq7rg4ney3bbbva4u5ls',1746425727475,1746425827056,NULL,1,1,NULL,'English Translation Services');
INSERT INTO english_translation_services VALUES(2,'mhgodq7rg4ney3bbbva4u5ls',1746425727475,1746425827056,1746425827064,1,1,NULL,'English Translation Services');
CREATE TABLE IF NOT EXISTS "content_writing_services_cmps" (`id` integer PRIMARY KEY SERIAL NOT NULL, `entity_id` integer NULL, `cmp_id` integer NULL, `component_type` varchar(255) NULL, `field` varchar(255) NULL, `order` float NULL, CONSTRAINT `content_writing_services_entity_fk` FOREIGN KEY (`entity_id`) REFERENCES `content_writing_services` (`id`) ON DELETE CASCADE, CONSTRAINT `content_writing_services_entity_fk` FOREIGN KEY (`entity_id`) REFERENCES `content_writing_services` (`id`) ON DELETE CASCADE);
INSERT INTO content_writing_services_cmps VALUES(92,1,90,'shared.paragraph','Blocks',1.0);
INSERT INTO content_writing_services_cmps VALUES(93,1,12,'shared.content-component','Blocks',2.0);
INSERT INTO content_writing_services_cmps VALUES(94,1,14,'shared.content-component','Blocks',3.0);
INSERT INTO content_writing_services_cmps VALUES(95,1,15,'shared.content-component','Blocks',4.0);
INSERT INTO content_writing_services_cmps VALUES(96,1,16,'shared.content-component','Blocks',5.0);
INSERT INTO content_writing_services_cmps VALUES(97,1,17,'shared.content-component','Blocks',6.0);
INSERT INTO content_writing_services_cmps VALUES(98,1,93,'shared.paragraph','Blocks',7.0);
INSERT INTO content_writing_services_cmps VALUES(99,1,28,'shared.table','Blocks',8.0);
INSERT INTO content_writing_services_cmps VALUES(100,1,28,'shared.content-component','Blocks',9.0);
INSERT INTO content_writing_services_cmps VALUES(101,1,96,'shared.paragraph','Blocks',10.0);
INSERT INTO content_writing_services_cmps VALUES(102,6,100,'shared.paragraph','Blocks',1.0);
INSERT INTO content_writing_services_cmps VALUES(103,6,35,'shared.content-component','Blocks',2.0);
INSERT INTO content_writing_services_cmps VALUES(104,6,36,'shared.content-component','Blocks',3.0);
INSERT INTO content_writing_services_cmps VALUES(105,6,37,'shared.content-component','Blocks',4.0);
INSERT INTO content_writing_services_cmps VALUES(106,6,38,'shared.content-component','Blocks',5.0);
INSERT INTO content_writing_services_cmps VALUES(107,6,39,'shared.content-component','Blocks',6.0);
INSERT INTO content_writing_services_cmps VALUES(108,6,101,'shared.paragraph','Blocks',7.0);
INSERT INTO content_writing_services_cmps VALUES(109,6,31,'shared.table','Blocks',8.0);
INSERT INTO content_writing_services_cmps VALUES(110,6,40,'shared.content-component','Blocks',9.0);
INSERT INTO content_writing_services_cmps VALUES(111,6,102,'shared.paragraph','Blocks',10.0);
CREATE TABLE IF NOT EXISTS "content_writing_services" (`id` integer PRIMARY KEY SERIAL NOT NULL, `document_id` varchar(255) NULL, `title` varchar(255) NULL, `created_at` datetime NULL, `updated_at` datetime NULL, `published_at` datetime NULL, `created_by_id` integer NULL, `updated_by_id` integer NULL, `locale` varchar(255) NULL, CONSTRAINT `content_writing_services_created_by_id_fk` FOREIGN KEY (`created_by_id`) REFERENCES `admin_users` (`id`) ON DELETE SET NULL, CONSTRAINT `content_writing_services_updated_by_id_fk` FOREIGN KEY (`updated_by_id`) REFERENCES `admin_users` (`id`) ON DELETE SET NULL, CONSTRAINT `content_writing_services_created_by_id_fk` FOREIGN KEY (`created_by_id`) REFERENCES `admin_users` (`id`) ON DELETE SET NULL, CONSTRAINT `content_writing_services_updated_by_id_fk` FOREIGN KEY (`updated_by_id`) REFERENCES `admin_users` (`id`) ON DELETE SET NULL);
INSERT INTO content_writing_services VALUES(1,'jbve7zc4glpn2asijg5cibff','Content Writing Services',1746515963656,1746518754779,NULL,1,1,NULL);
INSERT INTO content_writing_services VALUES(6,'jbve7zc4glpn2asijg5cibff','Content Writing Services',1746515963656,1746518754779,1746518754799,1,1,NULL);
CREATE TABLE IF NOT EXISTS "localization_services_cmps" (`id` integer PRIMARY KEY SERIAL NOT NULL, `entity_id` integer NULL, `cmp_id` integer NULL, `component_type` varchar(255) NULL, `field` varchar(255) NULL, `order` float NULL, CONSTRAINT `localization_services_entity_fk` FOREIGN KEY (`entity_id`) REFERENCES `localization_services` (`id`) ON DELETE CASCADE, CONSTRAINT `localization_services_entity_fk` FOREIGN KEY (`entity_id`) REFERENCES `localization_services` (`id`) ON DELETE CASCADE);
INSERT INTO localization_services_cmps VALUES(20,1,103,'shared.paragraph','Blocks',1.0);
INSERT INTO localization_services_cmps VALUES(21,8,126,'shared.paragraph','Blocks',1.0);
CREATE TABLE IF NOT EXISTS "localization_services" (`id` integer PRIMARY KEY SERIAL NOT NULL, `document_id` varchar(255) NULL, `title` varchar(255) NULL, `created_at` datetime NULL, `updated_at` datetime NULL, `published_at` datetime NULL, `created_by_id` integer NULL, `updated_by_id` integer NULL, `locale` varchar(255) NULL, CONSTRAINT `localization_services_created_by_id_fk` FOREIGN KEY (`created_by_id`) REFERENCES `admin_users` (`id`) ON DELETE SET NULL, CONSTRAINT `localization_services_updated_by_id_fk` FOREIGN KEY (`updated_by_id`) REFERENCES `admin_users` (`id`) ON DELETE SET NULL, CONSTRAINT `localization_services_created_by_id_fk` FOREIGN KEY (`created_by_id`) REFERENCES `admin_users` (`id`) ON DELETE SET NULL, CONSTRAINT `localization_services_updated_by_id_fk` FOREIGN KEY (`updated_by_id`) REFERENCES `admin_users` (`id`) ON DELETE SET NULL);
INSERT INTO localization_services VALUES(1,'n7eprz9rdqzife2ht6pw4nlo','Localization Services',1746524175495,1746526942889,NULL,1,1,NULL);
INSERT INTO localization_services VALUES(8,'n7eprz9rdqzife2ht6pw4nlo','Localization Services',1746524175495,1746526942889,1746526942897,1,1,NULL);
CREATE TABLE IF NOT EXISTS "project_services_cmps" (`id` integer PRIMARY KEY SERIAL NOT NULL, `entity_id` integer NULL, `cmp_id` integer NULL, `component_type` varchar(255) NULL, `field` varchar(255) NULL, `order` float NULL, CONSTRAINT `project_services_entity_fk` FOREIGN KEY (`entity_id`) REFERENCES `project_services` (`id`) ON DELETE CASCADE, CONSTRAINT `project_services_entity_fk` FOREIGN KEY (`entity_id`) REFERENCES `project_services` (`id`) ON DELETE CASCADE);
INSERT INTO project_services_cmps VALUES(5,1,108,'shared.paragraph','Blocks',1.0);
INSERT INTO project_services_cmps VALUES(6,3,127,'shared.paragraph','Blocks',1.0);
CREATE TABLE IF NOT EXISTS "project_services" (`id` integer PRIMARY KEY SERIAL NOT NULL, `document_id` varchar(255) NULL, `title` varchar(255) NULL, `created_at` datetime NULL, `updated_at` datetime NULL, `published_at` datetime NULL, `created_by_id` integer NULL, `updated_by_id` integer NULL, `locale` varchar(255) NULL, CONSTRAINT `project_services_created_by_id_fk` FOREIGN KEY (`created_by_id`) REFERENCES `admin_users` (`id`) ON DELETE SET NULL, CONSTRAINT `project_services_updated_by_id_fk` FOREIGN KEY (`updated_by_id`) REFERENCES `admin_users` (`id`) ON DELETE SET NULL, CONSTRAINT `project_services_created_by_id_fk` FOREIGN KEY (`created_by_id`) REFERENCES `admin_users` (`id`) ON DELETE SET NULL, CONSTRAINT `project_services_updated_by_id_fk` FOREIGN KEY (`updated_by_id`) REFERENCES `admin_users` (`id`) ON DELETE SET NULL);
INSERT INTO project_services VALUES(1,'f2gbhcnblksjhvwftdzcgre6','Project Services',1746524846075,1746527632301,NULL,1,1,NULL);
INSERT INTO project_services VALUES(3,'f2gbhcnblksjhvwftdzcgre6','Project Services',1746524846075,1746527632301,1746527632310,1,1,NULL);
CREATE TABLE IF NOT EXISTS "proof_reading_services_cmps" (`id` integer PRIMARY KEY SERIAL NOT NULL, `entity_id` integer NULL, `cmp_id` integer NULL, `component_type` varchar(255) NULL, `field` varchar(255) NULL, `order` float NULL, CONSTRAINT `proof_reading_services_entity_fk` FOREIGN KEY (`entity_id`) REFERENCES `proof_reading_services` (`id`) ON DELETE CASCADE, CONSTRAINT `proof_reading_services_entity_fk` FOREIGN KEY (`entity_id`) REFERENCES `proof_reading_services` (`id`) ON DELETE CASCADE);
INSERT INTO proof_reading_services_cmps VALUES(2,1,110,'shared.paragraph','Blocks',1.0);
INSERT INTO proof_reading_services_cmps VALUES(3,2,111,'shared.paragraph','Blocks',1.0);
CREATE TABLE IF NOT EXISTS "proof_reading_services" (`id` integer PRIMARY KEY SERIAL NOT NULL, `document_id` varchar(255) NULL, `title` varchar(255) NULL, `created_at` datetime NULL, `updated_at` datetime NULL, `published_at` datetime NULL, `created_by_id` integer NULL, `updated_by_id` integer NULL, `locale` varchar(255) NULL, CONSTRAINT `proof_reading_services_created_by_id_fk` FOREIGN KEY (`created_by_id`) REFERENCES `admin_users` (`id`) ON DELETE SET NULL, CONSTRAINT `proof_reading_services_updated_by_id_fk` FOREIGN KEY (`updated_by_id`) REFERENCES `admin_users` (`id`) ON DELETE SET NULL, CONSTRAINT `proof_reading_services_created_by_id_fk` FOREIGN KEY (`created_by_id`) REFERENCES `admin_users` (`id`) ON DELETE SET NULL, CONSTRAINT `proof_reading_services_updated_by_id_fk` FOREIGN KEY (`updated_by_id`) REFERENCES `admin_users` (`id`) ON DELETE SET NULL);
INSERT INTO proof_reading_services VALUES(1,'djgt31ib8fj7vr1wrgfntitz','Proof Reading Services',1746525202358,1746525203423,NULL,1,1,NULL);
INSERT INTO proof_reading_services VALUES(2,'djgt31ib8fj7vr1wrgfntitz','Proof Reading Services',1746525202358,1746525203423,1746525203434,1,1,NULL);
CREATE TABLE IF NOT EXISTS "interpretation_services_cmps" (`id` integer PRIMARY KEY SERIAL NOT NULL, `entity_id` integer NULL, `cmp_id` integer NULL, `component_type` varchar(255) NULL, `field` varchar(255) NULL, `order` float NULL, CONSTRAINT `interpretation_services_entity_fk` FOREIGN KEY (`entity_id`) REFERENCES `interpretation_services` (`id`) ON DELETE CASCADE, CONSTRAINT `interpretation_services_entity_fk` FOREIGN KEY (`entity_id`) REFERENCES `interpretation_services` (`id`) ON DELETE CASCADE);
INSERT INTO interpretation_services_cmps VALUES(66,1,112,'shared.paragraph','Blocks',1.0);
INSERT INTO interpretation_services_cmps VALUES(67,1,41,'shared.content-component','Blocks',2.0);
INSERT INTO interpretation_services_cmps VALUES(68,1,42,'shared.content-component','Blocks',3.0);
INSERT INTO interpretation_services_cmps VALUES(69,1,113,'shared.paragraph','Blocks',4.0);
INSERT INTO interpretation_services_cmps VALUES(70,1,43,'shared.content-component','Blocks',5.0);
INSERT INTO interpretation_services_cmps VALUES(71,6,123,'shared.paragraph','Blocks',1.0);
INSERT INTO interpretation_services_cmps VALUES(72,6,56,'shared.content-component','Blocks',2.0);
INSERT INTO interpretation_services_cmps VALUES(73,6,57,'shared.content-component','Blocks',3.0);
INSERT INTO interpretation_services_cmps VALUES(74,6,124,'shared.paragraph','Blocks',4.0);
INSERT INTO interpretation_services_cmps VALUES(75,6,58,'shared.content-component','Blocks',5.0);
CREATE TABLE IF NOT EXISTS "interpretation_services" (`id` integer PRIMARY KEY SERIAL NOT NULL, `document_id` varchar(255) NULL, `title` varchar(255) NULL, `created_at` datetime NULL, `updated_at` datetime NULL, `published_at` datetime NULL, `created_by_id` integer NULL, `updated_by_id` integer NULL, `locale` varchar(255) NULL, CONSTRAINT `interpretation_services_created_by_id_fk` FOREIGN KEY (`created_by_id`) REFERENCES `admin_users` (`id`) ON DELETE SET NULL, CONSTRAINT `interpretation_services_updated_by_id_fk` FOREIGN KEY (`updated_by_id`) REFERENCES `admin_users` (`id`) ON DELETE SET NULL, CONSTRAINT `interpretation_services_created_by_id_fk` FOREIGN KEY (`created_by_id`) REFERENCES `admin_users` (`id`) ON DELETE SET NULL, CONSTRAINT `interpretation_services_updated_by_id_fk` FOREIGN KEY (`updated_by_id`) REFERENCES `admin_users` (`id`) ON DELETE SET NULL);
INSERT INTO interpretation_services VALUES(1,'cx127q8st61xn2a4qe0ff7jh','Interpretation Services',1746525500662,1746526252182,NULL,1,1,NULL);
INSERT INTO interpretation_services VALUES(6,'cx127q8st61xn2a4qe0ff7jh','Interpretation Services',1746525500662,1746526252182,1746526252197,1,1,NULL);
CREATE TABLE IF NOT EXISTS "audio_visual_services_cmps" (`id` integer PRIMARY KEY SERIAL NOT NULL, `entity_id` integer NULL, `cmp_id` integer NULL, `component_type` varchar(255) NULL, `field` varchar(255) NULL, `order` float NULL, CONSTRAINT `audio_visual_services_entity_fk` FOREIGN KEY (`entity_id`) REFERENCES `audio_visual_services` (`id`) ON DELETE CASCADE, CONSTRAINT `audio_visual_services_entity_fk` FOREIGN KEY (`entity_id`) REFERENCES `audio_visual_services` (`id`) ON DELETE CASCADE);
INSERT INTO audio_visual_services_cmps VALUES(19,1,128,'shared.paragraph','Blocks',1.0);
INSERT INTO audio_visual_services_cmps VALUES(20,1,59,'shared.content-component','Blocks',2.0);
INSERT INTO audio_visual_services_cmps VALUES(21,1,60,'shared.content-component','Blocks',3.0);
INSERT INTO audio_visual_services_cmps VALUES(22,1,61,'shared.content-component','Blocks',4.0);
INSERT INTO audio_visual_services_cmps VALUES(23,1,131,'shared.paragraph','Blocks',5.0);
INSERT INTO audio_visual_services_cmps VALUES(24,1,63,'shared.content-component','Blocks',6.0);
INSERT INTO audio_visual_services_cmps VALUES(25,3,132,'shared.paragraph','Blocks',1.0);
INSERT INTO audio_visual_services_cmps VALUES(26,3,64,'shared.content-component','Blocks',2.0);
INSERT INTO audio_visual_services_cmps VALUES(27,3,65,'shared.content-component','Blocks',3.0);
INSERT INTO audio_visual_services_cmps VALUES(28,3,66,'shared.content-component','Blocks',4.0);
INSERT INTO audio_visual_services_cmps VALUES(29,3,133,'shared.paragraph','Blocks',5.0);
INSERT INTO audio_visual_services_cmps VALUES(30,3,67,'shared.content-component','Blocks',6.0);
CREATE TABLE IF NOT EXISTS "audio_visual_services" (`id` integer PRIMARY KEY SERIAL NOT NULL, `document_id` varchar(255) NULL, `title` varchar(255) NULL, `created_at` datetime NULL, `updated_at` datetime NULL, `published_at` datetime NULL, `created_by_id` integer NULL, `updated_by_id` integer NULL, `locale` varchar(255) NULL, CONSTRAINT `audio_visual_services_created_by_id_fk` FOREIGN KEY (`created_by_id`) REFERENCES `admin_users` (`id`) ON DELETE SET NULL, CONSTRAINT `audio_visual_services_updated_by_id_fk` FOREIGN KEY (`updated_by_id`) REFERENCES `admin_users` (`id`) ON DELETE SET NULL, CONSTRAINT `audio_visual_services_created_by_id_fk` FOREIGN KEY (`created_by_id`) REFERENCES `admin_users` (`id`) ON DELETE SET NULL, CONSTRAINT `audio_visual_services_updated_by_id_fk` FOREIGN KEY (`updated_by_id`) REFERENCES `admin_users` (`id`) ON DELETE SET NULL);
INSERT INTO audio_visual_services VALUES(1,'pm5c0zdo9pov3n8ahiylhh8x','Audio Visual Services',1746528030107,1746528183678,NULL,1,1,NULL);
INSERT INTO audio_visual_services VALUES(3,'pm5c0zdo9pov3n8ahiylhh8x','Audio Visual Services',1746528030107,1746528183678,1746528183693,1,1,NULL);
CREATE TABLE IF NOT EXISTS "translation_services_cmps" (`id` integer PRIMARY KEY SERIAL NOT NULL, `entity_id` integer NULL, `cmp_id` integer NULL, `component_type` varchar(255) NULL, `field` varchar(255) NULL, `order` float NULL, CONSTRAINT `translation_services_entity_fk` FOREIGN KEY (`entity_id`) REFERENCES `translation_services` (`id`) ON DELETE CASCADE, CONSTRAINT `translation_services_entity_fk` FOREIGN KEY (`entity_id`) REFERENCES `translation_services` (`id`) ON DELETE CASCADE);
INSERT INTO translation_services_cmps VALUES(2,1,134,'shared.paragraph','Blocks',1.0);
INSERT INTO translation_services_cmps VALUES(3,2,135,'shared.paragraph','Blocks',1.0);
CREATE TABLE IF NOT EXISTS "translation_services" (`id` integer PRIMARY KEY SERIAL NOT NULL, `document_id` varchar(255) NULL, `title` varchar(255) NULL, `created_at` datetime NULL, `updated_at` datetime NULL, `published_at` datetime NULL, `created_by_id` integer NULL, `updated_by_id` integer NULL, `locale` varchar(255) NULL, CONSTRAINT `translation_services_created_by_id_fk` FOREIGN KEY (`created_by_id`) REFERENCES `admin_users` (`id`) ON DELETE SET NULL, CONSTRAINT `translation_services_updated_by_id_fk` FOREIGN KEY (`updated_by_id`) REFERENCES `admin_users` (`id`) ON DELETE SET NULL, CONSTRAINT `translation_services_created_by_id_fk` FOREIGN KEY (`created_by_id`) REFERENCES `admin_users` (`id`) ON DELETE SET NULL, CONSTRAINT `translation_services_updated_by_id_fk` FOREIGN KEY (`updated_by_id`) REFERENCES `admin_users` (`id`) ON DELETE SET NULL);
INSERT INTO translation_services VALUES(1,'sdzagu9034e0sppfkfjwfaca','Translation Services',1746529112390,1746529114448,NULL,1,1,NULL);
INSERT INTO translation_services VALUES(2,'sdzagu9034e0sppfkfjwfaca','Translation Services',1746529112390,1746529114448,1746529114458,1,1,NULL);
DELETE FROM sqlite_sequence;
INSERT INTO sqlite_sequence VALUES('strapi_migrations_internal',6);
INSERT INTO sqlite_sequence VALUES('files',51);
INSERT INTO sqlite_sequence VALUES('upload_folders',0);
INSERT INTO sqlite_sequence VALUES('i18n_locale',1);
INSERT INTO sqlite_sequence VALUES('strapi_releases',0);
INSERT INTO sqlite_sequence VALUES('strapi_release_actions',0);
INSERT INTO sqlite_sequence VALUES('strapi_workflows',0);
INSERT INTO sqlite_sequence VALUES('strapi_workflows_stages',0);
INSERT INTO sqlite_sequence VALUES('up_permissions',47);
INSERT INTO sqlite_sequence VALUES('up_roles',2);
INSERT INTO sqlite_sequence VALUES('up_users',0);
INSERT INTO sqlite_sequence VALUES('abouts_cmps',3);
INSERT INTO sqlite_sequence VALUES('abouts',1);
INSERT INTO sqlite_sequence VALUES('articles_cmps',25);
INSERT INTO sqlite_sequence VALUES('articles',5);
INSERT INTO sqlite_sequence VALUES('authors',2);
INSERT INTO sqlite_sequence VALUES('categories',5);
INSERT INTO sqlite_sequence VALUES('globals_cmps',1);
INSERT INTO sqlite_sequence VALUES('globals',1);
INSERT INTO sqlite_sequence VALUES('admin_permissions',246);
INSERT INTO sqlite_sequence VALUES('admin_users',1);
INSERT INTO sqlite_sequence VALUES('admin_roles',3);
INSERT INTO sqlite_sequence VALUES('strapi_api_tokens',2);
INSERT INTO sqlite_sequence VALUES('strapi_api_token_permissions',0);
INSERT INTO sqlite_sequence VALUES('strapi_transfer_tokens',0);
INSERT INTO sqlite_sequence VALUES('strapi_transfer_token_permissions',0);
INSERT INTO sqlite_sequence VALUES('strapi_history_versions',0);
INSERT INTO sqlite_sequence VALUES('files_related_mph',1712);
INSERT INTO sqlite_sequence VALUES('files_folder_lnk',0);
INSERT INTO sqlite_sequence VALUES('upload_folders_parent_lnk',0);
INSERT INTO sqlite_sequence VALUES('strapi_release_actions_release_lnk',0);
INSERT INTO sqlite_sequence VALUES('strapi_workflows_stage_required_to_publish_lnk',0);
INSERT INTO sqlite_sequence VALUES('strapi_workflows_stages_workflow_lnk',0);
INSERT INTO sqlite_sequence VALUES('strapi_workflows_stages_permissions_lnk',0);
INSERT INTO sqlite_sequence VALUES('up_permissions_role_lnk',47);
INSERT INTO sqlite_sequence VALUES('up_users_role_lnk',0);
INSERT INTO sqlite_sequence VALUES('articles_author_lnk',5);
INSERT INTO sqlite_sequence VALUES('articles_category_lnk',5);
INSERT INTO sqlite_sequence VALUES('admin_permissions_role_lnk',246);
INSERT INTO sqlite_sequence VALUES('admin_users_roles_lnk',1);
INSERT INTO sqlite_sequence VALUES('strapi_api_token_permissions_token_lnk',0);
INSERT INTO sqlite_sequence VALUES('strapi_transfer_token_permissions_token_lnk',0);
INSERT INTO sqlite_sequence VALUES('strapi_database_schema',32);
INSERT INTO sqlite_sequence VALUES('strapi_core_store_settings',56);
INSERT INTO sqlite_sequence VALUES('components_shared_rich_texts',15);
INSERT INTO sqlite_sequence VALUES('components_shared_quotes',6);
INSERT INTO sqlite_sequence VALUES('components_shared_media',6);
INSERT INTO sqlite_sequence VALUES('components_shared_sliders',5);
INSERT INTO sqlite_sequence VALUES('components_shared_seos',1);
INSERT INTO sqlite_sequence VALUES('dtp_services_cmps',307);
INSERT INTO sqlite_sequence VALUES('dtp_services',25);
INSERT INTO sqlite_sequence VALUES('components_shared_tables_cmps',195);
INSERT INTO sqlite_sequence VALUES('components_shared_tables',31);
INSERT INTO sqlite_sequence VALUES('components_table_rows',74);
INSERT INTO sqlite_sequence VALUES('components_shared_paragraphs',135);
INSERT INTO sqlite_sequence VALUES('translation_types_cmps',60);
INSERT INTO sqlite_sequence VALUES('translation_types',5);
INSERT INTO sqlite_sequence VALUES('banners_cmps',1535);
INSERT INTO sqlite_sequence VALUES('banners',44);
INSERT INTO sqlite_sequence VALUES('components_shared_media_blocks',539);
INSERT INTO sqlite_sequence VALUES('components_shared_content_components',67);
INSERT INTO sqlite_sequence VALUES('english_translation_services_cmps',4);
INSERT INTO sqlite_sequence VALUES('english_translation_services',2);
INSERT INTO sqlite_sequence VALUES('content_writing_services_cmps',111);
INSERT INTO sqlite_sequence VALUES('content_writing_services',6);
INSERT INTO sqlite_sequence VALUES('localization_services_cmps',21);
INSERT INTO sqlite_sequence VALUES('localization_services',8);
INSERT INTO sqlite_sequence VALUES('project_services_cmps',6);
INSERT INTO sqlite_sequence VALUES('project_services',3);
INSERT INTO sqlite_sequence VALUES('proof_reading_services_cmps',3);
INSERT INTO sqlite_sequence VALUES('proof_reading_services',2);
INSERT INTO sqlite_sequence VALUES('interpretation_services_cmps',75);
INSERT INTO sqlite_sequence VALUES('interpretation_services',6);
INSERT INTO sqlite_sequence VALUES('audio_visual_services_cmps',30);
INSERT INTO sqlite_sequence VALUES('audio_visual_services',3);
INSERT INTO sqlite_sequence VALUES('translation_services_cmps',3);
INSERT INTO sqlite_sequence VALUES('translation_services',2);
CREATE INDEX `upload_files_folder_path_index` on `files` (`folder_path`);
CREATE INDEX `upload_files_created_at_index` on `files` (`created_at`);
CREATE INDEX `upload_files_updated_at_index` on `files` (`updated_at`);
CREATE INDEX `upload_files_name_index` on `files` (`name`);
CREATE INDEX `upload_files_size_index` on `files` (`size`);
CREATE INDEX `upload_files_ext_index` on `files` (`ext`);
CREATE INDEX `files_documents_idx` on `files` (`document_id`, `locale`, `published_at`);
CREATE INDEX `files_created_by_id_fk` on `files` (`created_by_id`);
CREATE INDEX `files_updated_by_id_fk` on `files` (`updated_by_id`);
CREATE UNIQUE INDEX `upload_folders_path_id_index` on `upload_folders` (`path_id`);
CREATE UNIQUE INDEX `upload_folders_path_index` on `upload_folders` (`path`);
CREATE INDEX `upload_folders_documents_idx` on `upload_folders` (`document_id`, `locale`, `published_at`);
CREATE INDEX `upload_folders_created_by_id_fk` on `upload_folders` (`created_by_id`);
CREATE INDEX `upload_folders_updated_by_id_fk` on `upload_folders` (`updated_by_id`);
CREATE INDEX `i18n_locale_documents_idx` on `i18n_locale` (`document_id`, `locale`, `published_at`);
CREATE INDEX `i18n_locale_created_by_id_fk` on `i18n_locale` (`created_by_id`);
CREATE INDEX `i18n_locale_updated_by_id_fk` on `i18n_locale` (`updated_by_id`);
CREATE INDEX `strapi_releases_documents_idx` on `strapi_releases` (`document_id`, `locale`, `published_at`);
CREATE INDEX `strapi_releases_created_by_id_fk` on `strapi_releases` (`created_by_id`);
CREATE INDEX `strapi_releases_updated_by_id_fk` on `strapi_releases` (`updated_by_id`);
CREATE INDEX `strapi_release_actions_documents_idx` on `strapi_release_actions` (`document_id`, `locale`, `published_at`);
CREATE INDEX `strapi_release_actions_created_by_id_fk` on `strapi_release_actions` (`created_by_id`);
CREATE INDEX `strapi_release_actions_updated_by_id_fk` on `strapi_release_actions` (`updated_by_id`);
CREATE INDEX `strapi_workflows_documents_idx` on `strapi_workflows` (`document_id`, `locale`, `published_at`);
CREATE INDEX `strapi_workflows_created_by_id_fk` on `strapi_workflows` (`created_by_id`);
CREATE INDEX `strapi_workflows_updated_by_id_fk` on `strapi_workflows` (`updated_by_id`);
CREATE INDEX `strapi_workflows_stages_documents_idx` on `strapi_workflows_stages` (`document_id`, `locale`, `published_at`);
CREATE INDEX `strapi_workflows_stages_created_by_id_fk` on `strapi_workflows_stages` (`created_by_id`);
CREATE INDEX `strapi_workflows_stages_updated_by_id_fk` on `strapi_workflows_stages` (`updated_by_id`);
CREATE INDEX `up_permissions_documents_idx` on `up_permissions` (`document_id`, `locale`, `published_at`);
CREATE INDEX `up_permissions_created_by_id_fk` on `up_permissions` (`created_by_id`);
CREATE INDEX `up_permissions_updated_by_id_fk` on `up_permissions` (`updated_by_id`);
CREATE INDEX `up_roles_documents_idx` on `up_roles` (`document_id`, `locale`, `published_at`);
CREATE INDEX `up_roles_created_by_id_fk` on `up_roles` (`created_by_id`);
CREATE INDEX `up_roles_updated_by_id_fk` on `up_roles` (`updated_by_id`);
CREATE INDEX `up_users_documents_idx` on `up_users` (`document_id`, `locale`, `published_at`);
CREATE INDEX `up_users_created_by_id_fk` on `up_users` (`created_by_id`);
CREATE INDEX `up_users_updated_by_id_fk` on `up_users` (`updated_by_id`);
CREATE INDEX `abouts_field_idx` on `abouts_cmps` (`field`);
CREATE INDEX `abouts_component_type_idx` on `abouts_cmps` (`component_type`);
CREATE INDEX `abouts_entity_fk` on `abouts_cmps` (`entity_id`);
CREATE UNIQUE INDEX `abouts_uq` on `abouts_cmps` (`entity_id`, `cmp_id`, `field`, `component_type`);
CREATE INDEX `abouts_documents_idx` on `abouts` (`document_id`, `locale`, `published_at`);
CREATE INDEX `abouts_created_by_id_fk` on `abouts` (`created_by_id`);
CREATE INDEX `abouts_updated_by_id_fk` on `abouts` (`updated_by_id`);
CREATE INDEX `articles_field_idx` on `articles_cmps` (`field`);
CREATE INDEX `articles_component_type_idx` on `articles_cmps` (`component_type`);
CREATE INDEX `articles_entity_fk` on `articles_cmps` (`entity_id`);
CREATE UNIQUE INDEX `articles_uq` on `articles_cmps` (`entity_id`, `cmp_id`, `field`, `component_type`);
CREATE INDEX `articles_documents_idx` on `articles` (`document_id`, `locale`, `published_at`);
CREATE INDEX `articles_created_by_id_fk` on `articles` (`created_by_id`);
CREATE INDEX `articles_updated_by_id_fk` on `articles` (`updated_by_id`);
CREATE INDEX `authors_documents_idx` on `authors` (`document_id`, `locale`, `published_at`);
CREATE INDEX `authors_created_by_id_fk` on `authors` (`created_by_id`);
CREATE INDEX `authors_updated_by_id_fk` on `authors` (`updated_by_id`);
CREATE INDEX `categories_documents_idx` on `categories` (`document_id`, `locale`, `published_at`);
CREATE INDEX `categories_created_by_id_fk` on `categories` (`created_by_id`);
CREATE INDEX `categories_updated_by_id_fk` on `categories` (`updated_by_id`);
CREATE INDEX `globals_field_idx` on `globals_cmps` (`field`);
CREATE INDEX `globals_component_type_idx` on `globals_cmps` (`component_type`);
CREATE INDEX `globals_entity_fk` on `globals_cmps` (`entity_id`);
CREATE UNIQUE INDEX `globals_uq` on `globals_cmps` (`entity_id`, `cmp_id`, `field`, `component_type`);
CREATE INDEX `globals_documents_idx` on `globals` (`document_id`, `locale`, `published_at`);
CREATE INDEX `globals_created_by_id_fk` on `globals` (`created_by_id`);
CREATE INDEX `globals_updated_by_id_fk` on `globals` (`updated_by_id`);
CREATE INDEX `admin_permissions_documents_idx` on `admin_permissions` (`document_id`, `locale`, `published_at`);
CREATE INDEX `admin_permissions_created_by_id_fk` on `admin_permissions` (`created_by_id`);
CREATE INDEX `admin_permissions_updated_by_id_fk` on `admin_permissions` (`updated_by_id`);
CREATE INDEX `admin_users_documents_idx` on `admin_users` (`document_id`, `locale`, `published_at`);
CREATE INDEX `admin_users_created_by_id_fk` on `admin_users` (`created_by_id`);
CREATE INDEX `admin_users_updated_by_id_fk` on `admin_users` (`updated_by_id`);
CREATE INDEX `admin_roles_documents_idx` on `admin_roles` (`document_id`, `locale`, `published_at`);
CREATE INDEX `admin_roles_created_by_id_fk` on `admin_roles` (`created_by_id`);
CREATE INDEX `admin_roles_updated_by_id_fk` on `admin_roles` (`updated_by_id`);
CREATE INDEX `strapi_api_tokens_documents_idx` on `strapi_api_tokens` (`document_id`, `locale`, `published_at`);
CREATE INDEX `strapi_api_tokens_created_by_id_fk` on `strapi_api_tokens` (`created_by_id`);
CREATE INDEX `strapi_api_tokens_updated_by_id_fk` on `strapi_api_tokens` (`updated_by_id`);
CREATE INDEX `strapi_api_token_permissions_documents_idx` on `strapi_api_token_permissions` (`document_id`, `locale`, `published_at`);
CREATE INDEX `strapi_api_token_permissions_created_by_id_fk` on `strapi_api_token_permissions` (`created_by_id`);
CREATE INDEX `strapi_api_token_permissions_updated_by_id_fk` on `strapi_api_token_permissions` (`updated_by_id`);
CREATE INDEX `strapi_transfer_tokens_documents_idx` on `strapi_transfer_tokens` (`document_id`, `locale`, `published_at`);
CREATE INDEX `strapi_transfer_tokens_created_by_id_fk` on `strapi_transfer_tokens` (`created_by_id`);
CREATE INDEX `strapi_transfer_tokens_updated_by_id_fk` on `strapi_transfer_tokens` (`updated_by_id`);
CREATE INDEX `strapi_transfer_token_permissions_documents_idx` on `strapi_transfer_token_permissions` (`document_id`, `locale`, `published_at`);
CREATE INDEX `strapi_transfer_token_permissions_created_by_id_fk` on `strapi_transfer_token_permissions` (`created_by_id`);
CREATE INDEX `strapi_transfer_token_permissions_updated_by_id_fk` on `strapi_transfer_token_permissions` (`updated_by_id`);
CREATE INDEX `strapi_history_versions_created_by_id_fk` on `strapi_history_versions` (`created_by_id`);
CREATE INDEX `files_related_mph_fk` on `files_related_mph` (`file_id`);
CREATE INDEX `files_related_mph_oidx` on `files_related_mph` (`order`);
CREATE INDEX `files_related_mph_idix` on `files_related_mph` (`related_id`);
CREATE INDEX `files_folder_lnk_fk` on `files_folder_lnk` (`file_id`);
CREATE INDEX `files_folder_lnk_ifk` on `files_folder_lnk` (`folder_id`);
CREATE UNIQUE INDEX `files_folder_lnk_uq` on `files_folder_lnk` (`file_id`, `folder_id`);
CREATE INDEX `files_folder_lnk_oifk` on `files_folder_lnk` (`file_ord`);
CREATE INDEX `upload_folders_parent_lnk_fk` on `upload_folders_parent_lnk` (`folder_id`);
CREATE INDEX `upload_folders_parent_lnk_ifk` on `upload_folders_parent_lnk` (`inv_folder_id`);
CREATE UNIQUE INDEX `upload_folders_parent_lnk_uq` on `upload_folders_parent_lnk` (`folder_id`, `inv_folder_id`);
CREATE INDEX `upload_folders_parent_lnk_oifk` on `upload_folders_parent_lnk` (`folder_ord`);
CREATE INDEX `strapi_release_actions_release_lnk_fk` on `strapi_release_actions_release_lnk` (`release_action_id`);
CREATE INDEX `strapi_release_actions_release_lnk_ifk` on `strapi_release_actions_release_lnk` (`release_id`);
CREATE UNIQUE INDEX `strapi_release_actions_release_lnk_uq` on `strapi_release_actions_release_lnk` (`release_action_id`, `release_id`);
CREATE INDEX `strapi_release_actions_release_lnk_oifk` on `strapi_release_actions_release_lnk` (`release_action_ord`);
CREATE INDEX `strapi_workflows_stage_required_to_publish_lnk_fk` on `strapi_workflows_stage_required_to_publish_lnk` (`workflow_id`);
CREATE INDEX `strapi_workflows_stage_required_to_publish_lnk_ifk` on `strapi_workflows_stage_required_to_publish_lnk` (`workflow_stage_id`);
CREATE UNIQUE INDEX `strapi_workflows_stage_required_to_publish_lnk_uq` on `strapi_workflows_stage_required_to_publish_lnk` (`workflow_id`, `workflow_stage_id`);
CREATE INDEX `strapi_workflows_stages_workflow_lnk_fk` on `strapi_workflows_stages_workflow_lnk` (`workflow_stage_id`);
CREATE INDEX `strapi_workflows_stages_workflow_lnk_ifk` on `strapi_workflows_stages_workflow_lnk` (`workflow_id`);
CREATE UNIQUE INDEX `strapi_workflows_stages_workflow_lnk_uq` on `strapi_workflows_stages_workflow_lnk` (`workflow_stage_id`, `workflow_id`);
CREATE INDEX `strapi_workflows_stages_workflow_lnk_oifk` on `strapi_workflows_stages_workflow_lnk` (`workflow_stage_ord`);
CREATE INDEX `strapi_workflows_stages_permissions_lnk_fk` on `strapi_workflows_stages_permissions_lnk` (`workflow_stage_id`);
CREATE INDEX `strapi_workflows_stages_permissions_lnk_ifk` on `strapi_workflows_stages_permissions_lnk` (`permission_id`);
CREATE UNIQUE INDEX `strapi_workflows_stages_permissions_lnk_uq` on `strapi_workflows_stages_permissions_lnk` (`workflow_stage_id`, `permission_id`);
CREATE INDEX `strapi_workflows_stages_permissions_lnk_ofk` on `strapi_workflows_stages_permissions_lnk` (`permission_ord`);
CREATE INDEX `up_permissions_role_lnk_fk` on `up_permissions_role_lnk` (`permission_id`);
CREATE INDEX `up_permissions_role_lnk_ifk` on `up_permissions_role_lnk` (`role_id`);
CREATE UNIQUE INDEX `up_permissions_role_lnk_uq` on `up_permissions_role_lnk` (`permission_id`, `role_id`);
CREATE INDEX `up_permissions_role_lnk_oifk` on `up_permissions_role_lnk` (`permission_ord`);
CREATE INDEX `up_users_role_lnk_fk` on `up_users_role_lnk` (`user_id`);
CREATE INDEX `up_users_role_lnk_ifk` on `up_users_role_lnk` (`role_id`);
CREATE UNIQUE INDEX `up_users_role_lnk_uq` on `up_users_role_lnk` (`user_id`, `role_id`);
CREATE INDEX `up_users_role_lnk_oifk` on `up_users_role_lnk` (`user_ord`);
CREATE INDEX `articles_author_lnk_fk` on `articles_author_lnk` (`article_id`);
CREATE INDEX `articles_author_lnk_ifk` on `articles_author_lnk` (`author_id`);
CREATE UNIQUE INDEX `articles_author_lnk_uq` on `articles_author_lnk` (`article_id`, `author_id`);
CREATE INDEX `articles_author_lnk_oifk` on `articles_author_lnk` (`article_ord`);
CREATE INDEX `articles_category_lnk_fk` on `articles_category_lnk` (`article_id`);
CREATE INDEX `articles_category_lnk_ifk` on `articles_category_lnk` (`category_id`);
CREATE UNIQUE INDEX `articles_category_lnk_uq` on `articles_category_lnk` (`article_id`, `category_id`);
CREATE INDEX `articles_category_lnk_oifk` on `articles_category_lnk` (`article_ord`);
CREATE INDEX `admin_permissions_role_lnk_fk` on `admin_permissions_role_lnk` (`permission_id`);
CREATE INDEX `admin_permissions_role_lnk_ifk` on `admin_permissions_role_lnk` (`role_id`);
CREATE UNIQUE INDEX `admin_permissions_role_lnk_uq` on `admin_permissions_role_lnk` (`permission_id`, `role_id`);
CREATE INDEX `admin_permissions_role_lnk_oifk` on `admin_permissions_role_lnk` (`permission_ord`);
CREATE INDEX `admin_users_roles_lnk_fk` on `admin_users_roles_lnk` (`user_id`);
CREATE INDEX `admin_users_roles_lnk_ifk` on `admin_users_roles_lnk` (`role_id`);
CREATE UNIQUE INDEX `admin_users_roles_lnk_uq` on `admin_users_roles_lnk` (`user_id`, `role_id`);
CREATE INDEX `admin_users_roles_lnk_ofk` on `admin_users_roles_lnk` (`role_ord`);
CREATE INDEX `admin_users_roles_lnk_oifk` on `admin_users_roles_lnk` (`user_ord`);
CREATE INDEX `strapi_api_token_permissions_token_lnk_fk` on `strapi_api_token_permissions_token_lnk` (`api_token_permission_id`);
CREATE INDEX `strapi_api_token_permissions_token_lnk_ifk` on `strapi_api_token_permissions_token_lnk` (`api_token_id`);
CREATE UNIQUE INDEX `strapi_api_token_permissions_token_lnk_uq` on `strapi_api_token_permissions_token_lnk` (`api_token_permission_id`, `api_token_id`);
CREATE INDEX `strapi_api_token_permissions_token_lnk_oifk` on `strapi_api_token_permissions_token_lnk` (`api_token_permission_ord`);
CREATE INDEX `strapi_transfer_token_permissions_token_lnk_fk` on `strapi_transfer_token_permissions_token_lnk` (`transfer_token_permission_id`);
CREATE INDEX `strapi_transfer_token_permissions_token_lnk_ifk` on `strapi_transfer_token_permissions_token_lnk` (`transfer_token_id`);
CREATE UNIQUE INDEX `strapi_transfer_token_permissions_token_lnk_uq` on `strapi_transfer_token_permissions_token_lnk` (`transfer_token_permission_id`, `transfer_token_id`);
CREATE INDEX `strapi_transfer_token_permissions_token_lnk_oifk` on `strapi_transfer_token_permissions_token_lnk` (`transfer_token_permission_ord`);
CREATE INDEX `dtp_services_field_idx` on `dtp_services_cmps` (`field`);
CREATE INDEX `dtp_services_component_type_idx` on `dtp_services_cmps` (`component_type`);
CREATE INDEX `dtp_services_entity_fk` on `dtp_services_cmps` (`entity_id`);
CREATE UNIQUE INDEX `dtp_services_uq` on `dtp_services_cmps` (`entity_id`, `cmp_id`, `field`, `component_type`);
CREATE INDEX `dtp_services_documents_idx` on `dtp_services` (`document_id`, `locale`, `published_at`);
CREATE INDEX `dtp_services_created_by_id_fk` on `dtp_services` (`created_by_id`);
CREATE INDEX `dtp_services_updated_by_id_fk` on `dtp_services` (`updated_by_id`);
CREATE INDEX `components_shared_tables_field_idx` on `components_shared_tables_cmps` (`field`);
CREATE INDEX `components_shared_tables_component_type_idx` on `components_shared_tables_cmps` (`component_type`);
CREATE INDEX `components_shared_tables_entity_fk` on `components_shared_tables_cmps` (`entity_id`);
CREATE UNIQUE INDEX `components_shared_tables_uq` on `components_shared_tables_cmps` (`entity_id`, `cmp_id`, `field`, `component_type`);
CREATE INDEX `translation_types_field_idx` on `translation_types_cmps` (`field`);
CREATE INDEX `translation_types_component_type_idx` on `translation_types_cmps` (`component_type`);
CREATE INDEX `translation_types_entity_fk` on `translation_types_cmps` (`entity_id`);
CREATE UNIQUE INDEX `translation_types_uq` on `translation_types_cmps` (`entity_id`, `cmp_id`, `field`, `component_type`);
CREATE INDEX `translation_types_documents_idx` on `translation_types` (`document_id`, `locale`, `published_at`);
CREATE INDEX `translation_types_created_by_id_fk` on `translation_types` (`created_by_id`);
CREATE INDEX `translation_types_updated_by_id_fk` on `translation_types` (`updated_by_id`);
CREATE INDEX `banners_field_idx` on `banners_cmps` (`field`);
CREATE INDEX `banners_component_type_idx` on `banners_cmps` (`component_type`);
CREATE INDEX `banners_entity_fk` on `banners_cmps` (`entity_id`);
CREATE UNIQUE INDEX `banners_uq` on `banners_cmps` (`entity_id`, `cmp_id`, `field`, `component_type`);
CREATE INDEX `banners_documents_idx` on `banners` (`document_id`, `locale`, `published_at`);
CREATE INDEX `banners_created_by_id_fk` on `banners` (`created_by_id`);
CREATE INDEX `banners_updated_by_id_fk` on `banners` (`updated_by_id`);
CREATE INDEX `english_translation_services_field_idx` on `english_translation_services_cmps` (`field`);
CREATE INDEX `english_translation_services_component_type_idx` on `english_translation_services_cmps` (`component_type`);
CREATE INDEX `english_translation_services_entity_fk` on `english_translation_services_cmps` (`entity_id`);
CREATE UNIQUE INDEX `english_translation_services_uq` on `english_translation_services_cmps` (`entity_id`, `cmp_id`, `field`, `component_type`);
CREATE INDEX `english_translation_services_documents_idx` on `english_translation_services` (`document_id`, `locale`, `published_at`);
CREATE INDEX `english_translation_services_created_by_id_fk` on `english_translation_services` (`created_by_id`);
CREATE INDEX `english_translation_services_updated_by_id_fk` on `english_translation_services` (`updated_by_id`);
CREATE INDEX `content_writing_services_field_idx` on `content_writing_services_cmps` (`field`);
CREATE INDEX `content_writing_services_component_type_idx` on `content_writing_services_cmps` (`component_type`);
CREATE INDEX `content_writing_services_entity_fk` on `content_writing_services_cmps` (`entity_id`);
CREATE UNIQUE INDEX `content_writing_services_uq` on `content_writing_services_cmps` (`entity_id`, `cmp_id`, `field`, `component_type`);
CREATE INDEX `content_writing_services_documents_idx` on `content_writing_services` (`document_id`, `locale`, `published_at`);
CREATE INDEX `content_writing_services_created_by_id_fk` on `content_writing_services` (`created_by_id`);
CREATE INDEX `content_writing_services_updated_by_id_fk` on `content_writing_services` (`updated_by_id`);
CREATE INDEX `localization_services_field_idx` on `localization_services_cmps` (`field`);
CREATE INDEX `localization_services_component_type_idx` on `localization_services_cmps` (`component_type`);
CREATE INDEX `localization_services_entity_fk` on `localization_services_cmps` (`entity_id`);
CREATE UNIQUE INDEX `localization_services_uq` on `localization_services_cmps` (`entity_id`, `cmp_id`, `field`, `component_type`);
CREATE INDEX `localization_services_documents_idx` on `localization_services` (`document_id`, `locale`, `published_at`);
CREATE INDEX `localization_services_created_by_id_fk` on `localization_services` (`created_by_id`);
CREATE INDEX `localization_services_updated_by_id_fk` on `localization_services` (`updated_by_id`);
CREATE INDEX `project_services_field_idx` on `project_services_cmps` (`field`);
CREATE INDEX `project_services_component_type_idx` on `project_services_cmps` (`component_type`);
CREATE INDEX `project_services_entity_fk` on `project_services_cmps` (`entity_id`);
CREATE UNIQUE INDEX `project_services_uq` on `project_services_cmps` (`entity_id`, `cmp_id`, `field`, `component_type`);
CREATE INDEX `project_services_documents_idx` on `project_services` (`document_id`, `locale`, `published_at`);
CREATE INDEX `project_services_created_by_id_fk` on `project_services` (`created_by_id`);
CREATE INDEX `project_services_updated_by_id_fk` on `project_services` (`updated_by_id`);
CREATE INDEX `proof_reading_services_field_idx` on `proof_reading_services_cmps` (`field`);
CREATE INDEX `proof_reading_services_component_type_idx` on `proof_reading_services_cmps` (`component_type`);
CREATE INDEX `proof_reading_services_entity_fk` on `proof_reading_services_cmps` (`entity_id`);
CREATE UNIQUE INDEX `proof_reading_services_uq` on `proof_reading_services_cmps` (`entity_id`, `cmp_id`, `field`, `component_type`);
CREATE INDEX `proof_reading_services_documents_idx` on `proof_reading_services` (`document_id`, `locale`, `published_at`);
CREATE INDEX `proof_reading_services_created_by_id_fk` on `proof_reading_services` (`created_by_id`);
CREATE INDEX `proof_reading_services_updated_by_id_fk` on `proof_reading_services` (`updated_by_id`);
CREATE INDEX `interpretation_services_field_idx` on `interpretation_services_cmps` (`field`);
CREATE INDEX `interpretation_services_component_type_idx` on `interpretation_services_cmps` (`component_type`);
CREATE INDEX `interpretation_services_entity_fk` on `interpretation_services_cmps` (`entity_id`);
CREATE UNIQUE INDEX `interpretation_services_uq` on `interpretation_services_cmps` (`entity_id`, `cmp_id`, `field`, `component_type`);
CREATE INDEX `interpretation_services_documents_idx` on `interpretation_services` (`document_id`, `locale`, `published_at`);
CREATE INDEX `interpretation_services_created_by_id_fk` on `interpretation_services` (`created_by_id`);
CREATE INDEX `interpretation_services_updated_by_id_fk` on `interpretation_services` (`updated_by_id`);
CREATE INDEX `audio_visual_services_field_idx` on `audio_visual_services_cmps` (`field`);
CREATE INDEX `audio_visual_services_component_type_idx` on `audio_visual_services_cmps` (`component_type`);
CREATE INDEX `audio_visual_services_entity_fk` on `audio_visual_services_cmps` (`entity_id`);
CREATE UNIQUE INDEX `audio_visual_services_uq` on `audio_visual_services_cmps` (`entity_id`, `cmp_id`, `field`, `component_type`);
CREATE INDEX `audio_visual_services_documents_idx` on `audio_visual_services` (`document_id`, `locale`, `published_at`);
CREATE INDEX `audio_visual_services_created_by_id_fk` on `audio_visual_services` (`created_by_id`);
CREATE INDEX `audio_visual_services_updated_by_id_fk` on `audio_visual_services` (`updated_by_id`);
CREATE INDEX `translation_services_field_idx` on `translation_services_cmps` (`field`);
CREATE INDEX `translation_services_component_type_idx` on `translation_services_cmps` (`component_type`);
CREATE INDEX `translation_services_entity_fk` on `translation_services_cmps` (`entity_id`);
CREATE UNIQUE INDEX `translation_services_uq` on `translation_services_cmps` (`entity_id`, `cmp_id`, `field`, `component_type`);
CREATE INDEX `translation_services_documents_idx` on `translation_services` (`document_id`, `locale`, `published_at`);
CREATE INDEX `translation_services_created_by_id_fk` on `translation_services` (`created_by_id`);
CREATE INDEX `translation_services_updated_by_id_fk` on `translation_services` (`updated_by_id`);
COMMIT;
